-- ---------------------------------------------------------------------
-- CTRApp - inventory management 
-- DB Script Type: DML
--
-- Author: Nicolas Luc
-- Creation Date: 2008-06-11
-- Version: 0.01
-- ---------------------------------------------------------------------

-- ---------------------------------------------------------------------
--
-- ERRORS
--
-- ---------------------------------------------------------------------

DELETE FROM `pages`
WHERE `id` LIKE 'err_inv_%' ;

INSERT INTO `pages` 
(`id`, `error_flag`, `language_title`, `language_body`, `created`, `created_by`, `modified`, `modified_by`) 
VALUES 
('err_inv_source_gel_matrix_definition', 1, 'Gel Matrix List Creation Error', 'an error arrived during the creation of the source gel matrix list', '0000-00-00 00:00:00', '', '0000-00-00 00:00:00', ''),
('err_inv_aliqu_del_err', 1, 'aliquot deletion error', 'the system is unable to delete correctly the aliquot', '0000-00-00 00:00:00', '', '0000-00-00 00:00:00', ''),
('err_inv_aliqu_del_forbid', 1, 'aliquot deletion forbidden', 'the aliquot can not be deleted', '0000-00-00 00:00:00', '', '0000-00-00 00:00:00', ''),
('err_inv_aliqu_nbr_to_create', 1, 'error in the defintion of number of aliquots to create', 'the defintion of the number of aliquots to create is not correct', '0000-00-00 00:00:00', '', '0000-00-00 00:00:00', ''),
('err_inv_aliqu_use_del_err', 1, 'aliquot source deletion error', 'an error arrived during the deletion of the aliquot source record', '0000-00-00 00:00:00', '', '0000-00-00 00:00:00', ''),
('err_inv_aliquot_no_data', 1, 'no aliquot data', 'no aliquot data exists for the specified id', '0000-00-00 00:00:00', '', '0000-00-00 00:00:00', ''),
('err_inv_aliquot_no_id', 1, 'no aliquot id', 'the aliquot id has not been defined', '0000-00-00 00:00:00', '', '0000-00-00 00:00:00', ''),
('err_inv_aliquot_record_err', 1, 'aliquot creation - update error', 'an error arrived during the creation or the update of the aliquot', '0000-00-00 00:00:00', '', '0000-00-00 00:00:00', ''),
('err_inv_coll_del_err', 1, 'collection deletion error', 'the system is unable to delete correctly the collection', '0000-00-00 00:00:00', '', '0000-00-00 00:00:00', ''),
('err_inv_coll_del_forbid', 1, 'collection deletion forbidden', 'the collection can not be deleted', '0000-00-00 00:00:00', '', '0000-00-00 00:00:00', ''),
('err_inv_coll_no_data', 1, 'no collection data', 'no collection data exists for the specified id', '0000-00-00 00:00:00', '', '0000-00-00 00:00:00', ''),
('err_inv_coll_no_id', 1, 'no collection id', 'the collection id has not been defined', '0000-00-00 00:00:00', '', '0000-00-00 00:00:00', ''),
('err_inv_coll_part_link_err', 1, 'clinical collection link error', 'an error exists in the definition of the link of the collection to a participant', '0000-00-00 00:00:00', '', '0000-00-00 00:00:00', ''),
('err_inv_coll_record_err', 1, 'collection creation - update error', 'an error arrived during the creation or the update of the collection', '0000-00-00 00:00:00', '', '0000-00-00 00:00:00', ''),
('err_inv_funct_param_missing', 1, 'parameter missing', 'a paramater used by the executed function has not been set', '0000-00-00 00:00:00', '', '0000-00-00 00:00:00', ''),
('err_inv_invalid_source_aliquot', 1, 'invalid aliquot source defintion', 'the source aliquot definition is invalid', '0000-00-00 00:00:00', '', '0000-00-00 00:00:00', ''),
('err_inv_menu_definition', 1, 'menu defintion error', 'the system is not able to build correctly the page menu', '0000-00-00 00:00:00', '', '0000-00-00 00:00:00', ''),
('err_inv_missing_aliq_data', 1, 'missing aliquot data', 'aliquot data misses for the specified id', '0000-00-00 00:00:00', '', '0000-00-00 00:00:00', ''),
('err_inv_missing_samp_data', 1, 'missing sample data', 'sample data misses for the specified id', '0000-00-00 00:00:00', '', '0000-00-00 00:00:00', ''),
('err_inv_no_aliqu_cont_data', 1, 'no aliquot control data', 'no aliquot control data exists for the specified id', '0000-00-00 00:00:00', '', '0000-00-00 00:00:00', ''),
('err_inv_no_aliqu_cont_id', 1, 'no aliquot control id', 'the aliquot control id has not been defined', '0000-00-00 00:00:00', '', '0000-00-00 00:00:00', ''),
('err_inv_no_aliquot_source_to_add', 1, 'no source aliquot to add', 'No new parent sample aliquot could be actually defined as source aliquot', '0000-00-00 00:00:00', '', '0000-00-00 00:00:00', ''),
('err_inv_no_coll_id_map', 1, 'collection id error', 'the defined collection id and the sample (or aliquot) collection id are different', '0000-00-00 00:00:00', '', '0000-00-00 00:00:00', ''),
('err_inv_no_parent_allow_for_spec', 1, 'specimen creation error', 'no parent id should be recorded for a specimen', '0000-00-00 00:00:00', '', '0000-00-00 00:00:00', ''),
('err_inv_no_parent_data', 1, 'derivative creation error', 'the selected parent is unknown', '0000-00-00 00:00:00', '', '0000-00-00 00:00:00', ''),
('err_inv_no_samp_cont_data', 1, 'no sample control data', 'no sample control data exists for the specified id', '0000-00-00 00:00:00', '', '0000-00-00 00:00:00', ''),
('err_inv_no_samp_cont_id', 1, 'no sample control id', 'the sample control id has not been defined', '0000-00-00 00:00:00', '', '0000-00-00 00:00:00', ''),
('err_inv_no_source_for_specimen', 1, 'no source aliquot to define', 'no source aliquot has to be defined for a specimen', '0000-00-00 00:00:00', '', '0000-00-00 00:00:00', ''),
('err_inv_parent_required_for_deriv', 1, 'derivative creation error', 'a parent should be defined for a derivative', '0000-00-00 00:00:00', '', '0000-00-00 00:00:00', ''),
('err_inv_pb_in_src_sple_list_def', 1, 'problem during source sample list creation', 'the system is unable to create the list of sample that could be used to create derivative', '0000-00-00 00:00:00', '', '0000-00-00 00:00:00', ''),
('err_inv_qc_del_err', 1, 'qc deletion error', 'the system is unable to delete correctly the qc', '0000-00-00 00:00:00', '', '0000-00-00 00:00:00', ''),
('err_inv_qc_no_data', 1, 'no qc data', 'no qc data exists for the specified id', '0000-00-00 00:00:00', '', '0000-00-00 00:00:00', ''),
('err_inv_qc_record_err', 1, 'qc creation - update error', 'an error arrived during the creation or the update of the qc', '0000-00-00 00:00:00', '', '0000-00-00 00:00:00', ''),
('err_inv_samp_del_err', 1, 'sample deletion error', 'the system is unable to delete correctly the sample', '0000-00-00 00:00:00', '', '0000-00-00 00:00:00', ''),
('err_inv_samp_del_forbid', 1, 'sample deletion forbidden', 'the sample can not be deleted', '0000-00-00 00:00:00', '', '0000-00-00 00:00:00', ''),
('err_inv_samp_no_data', 1, 'no sample data', 'no sample data exists for the specified id', '0000-00-00 00:00:00', '', '0000-00-00 00:00:00', ''),
('err_inv_samp_no_id', 1, 'no sample id', 'the sample id has not been defined', '0000-00-00 00:00:00', '', '0000-00-00 00:00:00', ''),
('err_inv_sample_record_err', 1, 'sample creation - update error', 'an error arrived during the creation or the update of the sample', '0000-00-00 00:00:00', '', '0000-00-00 00:00:00', ''),
('err_inv_source_block_definition', 1, 'Block List Creation Error', 'an error arrived during the creation of the source block list', '0000-00-00 00:00:00', '', '0000-00-00 00:00:00', ''),
('err_inv_system_error', 1, 'system error', 'a system error has been detetced', '0000-00-00 00:00:00', '', '0000-00-00 00:00:00', ''),
('err_inv_unknown_sample_list_type', 1, 'unknwon sample list type', 'the specified sample list type is unkwnon', '0000-00-00 00:00:00', '', '0000-00-00 00:00:00', ''),
('err_inv_menu', 1, 'system error', 'a system error has been detetced', '0000-00-00 00:00:00', '', '0000-00-00 00:00:00', ''),
('err_inv_aliq_use_no_data', 1, 'no aliquot use data', 'no aliquot use data exists for the specified id', '0000-00-00 00:00:00', '', '0000-00-00 00:00:00', ''),
('err_inv_aliquot_use_record_err', 1, 'aliquot use creation - update error', 'an error arrived during the creation or the update of the aliquot use', '0000-00-00 00:00:00', '', '0000-00-00 00:00:00', '');

-- ---------------------------------------------------------------------
--
-- FORMS
--
-- ---------------------------------------------------------------------

-- ------------------------------------------------------------------------
-- alias = collections
-- ------------------------------------------------------------------------

DELETE FROM `forms` WHERE `alias` = 'collections';
INSERT INTO `forms` (`id`, `alias`, `language_title`, `language_help`, `flag_add_columns`, `flag_edit_columns`, `flag_search_columns`, `flag_detail_columns`, `created`, `created_by`, `modified`, `modified_by`) VALUES ('CAN-999-999-000-999-1000', 'collections', '', '', '0', '0', '0', '1', '0000-00-00 00:00:00', '', '0000-00-00 00:00:00', '');

DELETE FROM `form_fields` WHERE `id` = 'CAN-999-999-000-999-1000';
INSERT INTO `form_fields` (`id`, `model`, `field`, `language_label`, `language_tag`, `type`, `setting`, `default`, `language_help`, `created`, `created_by`, `modified`, `modified_by`) VALUES ('CAN-999-999-000-999-1000', 'Collection', 'acquisition_label', 'acquisition_label', '', 'input', 'size=20', '', '', '0000-00-00 00:00:00', '', '0000-00-00 00:00:00', '');
DELETE FROM `form_fields` WHERE `id` = 'CAN-999-999-000-999-1001';
INSERT INTO `form_fields` (`id`, `model`, `field`, `language_label`, `language_tag`, `type`, `setting`, `default`, `language_help`, `created`, `created_by`, `modified`, `modified_by`) VALUES ('CAN-999-999-000-999-1001', 'Collection', 'bank', 'collection bank', '', 'select', '', '', '', '0000-00-00 00:00:00', '', '0000-00-00 00:00:00', '');
DELETE FROM `form_fields` WHERE `id` = 'CAN-999-999-000-999-1002';
INSERT INTO `form_fields` (`id`, `model`, `field`, `language_label`, `language_tag`, `type`, `setting`, `default`, `language_help`, `created`, `created_by`, `modified`, `modified_by`) VALUES ('CAN-999-999-000-999-1002', 'Collection', 'bank', 'collection bank', '', 'select', '', '', '', '0000-00-00 00:00:00', '', '0000-00-00 00:00:00', '');
DELETE FROM `form_fields` WHERE `id` = 'CAN-999-999-000-999-1003';
INSERT INTO `form_fields` (`id`, `model`, `field`, `language_label`, `language_tag`, `type`, `setting`, `default`, `language_help`, `created`, `created_by`, `modified`, `modified_by`) VALUES ('CAN-999-999-000-999-1003', 'Collection', 'collection_site', 'collection site', '', 'select', '', '', '', '0000-00-00 00:00:00', '', '0000-00-00 00:00:00', '');
DELETE FROM `form_fields` WHERE `id` = 'CAN-999-999-000-999-1007';
INSERT INTO `form_fields` (`id`, `model`, `field`, `language_label`, `language_tag`, `type`, `setting`, `default`, `language_help`, `created`, `created_by`, `modified`, `modified_by`) VALUES ('CAN-999-999-000-999-1007', 'Collection', 'sop_master_id', 'collection sop', '', 'select', '', '', '', '0000-00-00 00:00:00', '', '0000-00-00 00:00:00', '');
DELETE FROM `form_fields` WHERE `id` = 'CAN-999-999-000-999-1006';
INSERT INTO `form_fields` (`id`, `model`, `field`, `language_label`, `language_tag`, `type`, `setting`, `default`, `language_help`, `created`, `created_by`, `modified`, `modified_by`) VALUES ('CAN-999-999-000-999-1006', 'Collection', 'reception_datetime', 'reception date', '', 'datetime', '', '', '', '0000-00-00 00:00:00', '', '0000-00-00 00:00:00', '');
DELETE FROM `form_fields` WHERE `id` = 'CAN-999-999-000-999-1005';
INSERT INTO `form_fields` (`id`, `model`, `field`, `language_label`, `language_tag`, `type`, `setting`, `default`, `language_help`, `created`, `created_by`, `modified`, `modified_by`) VALUES ('CAN-999-999-000-999-1005', 'Collection', 'reception_by', 'reception by', '', 'input', 'size=20', '', '', '0000-00-00 00:00:00', '', '0000-00-00 00:00:00', '');
DELETE FROM `form_fields` WHERE `id` = 'CAN-999-999-000-999-1015';
INSERT INTO `form_fields` (`id`, `model`, `field`, `language_label`, `language_tag`, `type`, `setting`, `default`, `language_help`, `created`, `created_by`, `modified`, `modified_by`) VALUES ('CAN-999-999-000-999-1015', 'Collection', 'collection_property', 'collection property', '', 'select', '', '', '', '0000-00-00 00:00:00', '', '0000-00-00 00:00:00', '');
DELETE FROM `form_fields` WHERE `id` = 'CAN-999-999-000-999-1013';
INSERT INTO `form_fields` (`id`, `model`, `field`, `language_label`, `language_tag`, `type`, `setting`, `default`, `language_help`, `created`, `created_by`, `modified`, `modified_by`) VALUES ('CAN-999-999-000-999-1013', 'Collection', 'collection_property', 'collection property', '', 'select', '', '', '', '0000-00-00 00:00:00', '', '0000-00-00 00:00:00', '');
DELETE FROM `form_fields` WHERE `id` = 'CAN-999-999-000-999-1008';
INSERT INTO `form_fields` (`id`, `model`, `field`, `language_label`, `language_tag`, `type`, `setting`, `default`, `language_help`, `created`, `created_by`, `modified`, `modified_by`) VALUES ('CAN-999-999-000-999-1008', 'Collection', 'collection_notes', 'notes', '', 'textarea', 'cols=30,rows=4', '', '', '0000-00-00 00:00:00', '', '0000-00-00 00:00:00', '');
DELETE FROM `form_fields` WHERE `id` = 'CAN-999-999-000-999-1009';
INSERT INTO `form_fields` (`id`, `model`, `field`, `language_label`, `language_tag`, `type`, `setting`, `default`, `language_help`, `created`, `created_by`, `modified`, `modified_by`) VALUES ('CAN-999-999-000-999-1009', 'Generated', 'coll_to_rec_spent_time_msg', 'collection to reception spent time', '', 'input', 'size=30', '', '', '0000-00-00 00:00:00', '', '0000-00-00 00:00:00', '');
DELETE FROM `form_fields` WHERE `id` = 'CAN-999-999-000-999-1010';
INSERT INTO `form_fields` (`id`, `model`, `field`, `language_label`, `language_tag`, `type`, `setting`, `default`, `language_help`, `created`, `created_by`, `modified`, `modified_by`) VALUES ('CAN-999-999-000-999-1010', 'Calculated', 'coll_to_rec_spent_time_days', '', 'days', 'input', 'size=7', '', '', '0000-00-00 00:00:00', '', '0000-00-00 00:00:00', '');
DELETE FROM `form_fields` WHERE `id` = 'CAN-999-999-000-999-1011';
INSERT INTO `form_fields` (`id`, `model`, `field`, `language_label`, `language_tag`, `type`, `setting`, `default`, `language_help`, `created`, `created_by`, `modified`, `modified_by`) VALUES ('CAN-999-999-000-999-1011', 'Calculated', 'coll_to_rec_spent_time_hours', '', 'hours', 'input', 'size=3', '', '', '0000-00-00 00:00:00', '', '0000-00-00 00:00:00', '');
DELETE FROM `form_fields` WHERE `id` = 'CAN-999-999-000-999-1012';
INSERT INTO `form_fields` (`id`, `model`, `field`, `language_label`, `language_tag`, `type`, `setting`, `default`, `language_help`, `created`, `created_by`, `modified`, `modified_by`) VALUES ('CAN-999-999-000-999-1012', 'Calculated', 'coll_to_rec_spent_time_minutes', '', 'minutes', 'input', 'size=3', '', '', '0000-00-00 00:00:00', '', '0000-00-00 00:00:00', '');
DELETE FROM `form_fields` WHERE `id` = 'CAN-999-999-000-999-1004';
INSERT INTO `form_fields` (`id`, `model`, `field`, `language_label`, `language_tag`, `type`, `setting`, `default`, `language_help`, `created`, `created_by`, `modified`, `modified_by`) VALUES ('CAN-999-999-000-999-1004', 'Collection', 'collection_datetime', 'collection datetime', '', 'datetime', '', '', '', '0000-00-00 00:00:00', '', '0000-00-00 00:00:00', '');

DELETE FROM `form_validations` WHERE `form_field_id` = 'CAN-999-999-000-999-1000';
INSERT INTO `form_validations` (`id`, `form_field_id`, `expression`, `message`, `created`, `created_by`, `modified`, `modifed_by`) VALUES (NULL, 'CAN-999-999-000-999-1000', '/.+/', 'acquisition label is required', '0000-00-00 00:00:00', '', '0000-00-00 00:00:00', '');
DELETE FROM `form_validations` WHERE `form_field_id` = 'CAN-999-999-000-999-1013';
INSERT INTO `form_validations` (`id`, `form_field_id`, `expression`, `message`, `created`, `created_by`, `modified`, `modifed_by`) VALUES (NULL, 'CAN-999-999-000-999-1013', '/.+/', '', '0000-00-00 00:00:00', '', '0000-00-00 00:00:00', '');

DELETE FROM `global_lookups`  WHERE `alias` = 'collection_property';
INSERT INTO `global_lookups` (`id`, `alias`, `section`, `subsection`, `value`, `language_choice`, `display_order`, `active`, `created`, `created_by`, `modified`, `modified_by`) VALUES 
(NULL, 'collection_property', NULL, NULL, 'participant collection', 'participant collection', 1, 'yes', NULL, NULL, NULL, NULL),
(NULL, 'collection_property', NULL, NULL, 'independent collection', 'independent collection', 2, 'yes', NULL, NULL, NULL, NULL);

DELETE FROM `form_fields_global_lookups` WHERE `field_id` IN ('CAN-999-999-000-999-1015', 'CAN-999-999-000-999-1013');
INSERT INTO `form_fields_global_lookups` ( `field_id` , `lookup_id`)
VALUES 
('CAN-999-999-000-999-1013', (SELECT `id` FROM `global_lookups` WHERE `alias` LIKE 'collection_property' AND `value` like 'participant collection')), 
('CAN-999-999-000-999-1013', (SELECT `id` FROM `global_lookups` WHERE `alias` LIKE 'collection_property' AND `value` like 'independent collection')),
('CAN-999-999-000-999-1015', (SELECT `id` FROM `global_lookups` WHERE `alias` LIKE 'collection_property' AND `value` like 'participant collection')), 
('CAN-999-999-000-999-1015', (SELECT `id` FROM `global_lookups` WHERE `alias` LIKE 'collection_property' AND `value` like 'independent collection'));

DELETE FROM `form_fields_global_lookups`
WHERE `field_id`  IN 
('CAN-999-999-000-999-1001', /* bank */ 
'CAN-999-999-000-999-1002',  /* bank */  
'CAN-999-999-000-999-1003',  /* site */ 
'CAN-999-999-000-999-1005');  /* reception by */

DELETE FROM `form_validations` 
WHERE `form_field_id` = 'CAN-999-999-000-999-1001';	/* collection bank */

DELETE FROM `form_formats` WHERE `form_id` = 'CAN-999-999-000-999-1000';
INSERT INTO `form_formats` (`id`, `form_id`, `field_id`, `display_column`, `display_order`, `language_heading`, `flag_override_label`, `language_label`, `flag_override_tag`, `language_tag`, `flag_override_help`, `language_help`, `flag_override_type`, `type`, `flag_override_setting`, `setting`, `flag_override_default`, `default`, `flag_add`, `flag_add_readonly`, `flag_edit`, `flag_edit_readonly`, `flag_search`, `flag_search_readonly`, `flag_datagrid`, `flag_datagrid_readonly`, `flag_index`, `flag_detail`, `created`, `created_by`, `modified`, `modified_by`) VALUES ('CAN-999-999-000-999-1000_CAN-999-999-000-999-1000', 'CAN-999-999-000-999-1000', 'CAN-999-999-000-999-1000', '0', '1', '', '0', '', '0', '', '0', '', '0', '', '0', '', '0', '', '1', '0', '1', '0', '1', '0', '0', '0', '1', '1', '0000-00-00 00:00:00', '', '0000-00-00 00:00:00', '');
INSERT INTO `form_formats` (`id`, `form_id`, `field_id`, `display_column`, `display_order`, `language_heading`, `flag_override_label`, `language_label`, `flag_override_tag`, `language_tag`, `flag_override_help`, `language_help`, `flag_override_type`, `type`, `flag_override_setting`, `setting`, `flag_override_default`, `default`, `flag_add`, `flag_add_readonly`, `flag_edit`, `flag_edit_readonly`, `flag_search`, `flag_search_readonly`, `flag_datagrid`, `flag_datagrid_readonly`, `flag_index`, `flag_detail`, `created`, `created_by`, `modified`, `modified_by`) VALUES ('CAN-999-999-000-999-1000_CAN-999-999-000-999-1001', 'CAN-999-999-000-999-1000', 'CAN-999-999-000-999-1001', '0', '2', '', '0', '', '0', '', '0', '', '0', '', '0', '', '0', '', '1', '0', '1', '0', '0', '0', '0', '0', '0', '0', '0000-00-00 00:00:00', '', '0000-00-00 00:00:00', '');
INSERT INTO `form_formats` (`id`, `form_id`, `field_id`, `display_column`, `display_order`, `language_heading`, `flag_override_label`, `language_label`, `flag_override_tag`, `language_tag`, `flag_override_help`, `language_help`, `flag_override_type`, `type`, `flag_override_setting`, `setting`, `flag_override_default`, `default`, `flag_add`, `flag_add_readonly`, `flag_edit`, `flag_edit_readonly`, `flag_search`, `flag_search_readonly`, `flag_datagrid`, `flag_datagrid_readonly`, `flag_index`, `flag_detail`, `created`, `created_by`, `modified`, `modified_by`) VALUES ('CAN-999-999-000-999-1000_CAN-999-999-000-999-1002', 'CAN-999-999-000-999-1000', 'CAN-999-999-000-999-1002', '0', '2', '', '0', '', '0', '', '0', '', '0', '', '0', '', '0', '', '0', '0', '0', '0', '1', '0', '0', '0', '1', '1', '0000-00-00 00:00:00', '', '0000-00-00 00:00:00', '');
INSERT INTO `form_formats` (`id`, `form_id`, `field_id`, `display_column`, `display_order`, `language_heading`, `flag_override_label`, `language_label`, `flag_override_tag`, `language_tag`, `flag_override_help`, `language_help`, `flag_override_type`, `type`, `flag_override_setting`, `setting`, `flag_override_default`, `default`, `flag_add`, `flag_add_readonly`, `flag_edit`, `flag_edit_readonly`, `flag_search`, `flag_search_readonly`, `flag_datagrid`, `flag_datagrid_readonly`, `flag_index`, `flag_detail`, `created`, `created_by`, `modified`, `modified_by`) VALUES ('CAN-999-999-000-999-1000_CAN-999-999-000-999-1003', 'CAN-999-999-000-999-1000', 'CAN-999-999-000-999-1003', '0', '3', '', '0', '', '0', '', '0', '', '0', '', '0', '', '0', '', '1', '0', '1', '0', '1', '0', '0', '0', '1', '1', '0000-00-00 00:00:00', '', '0000-00-00 00:00:00', '');
INSERT INTO `form_formats` (`id`, `form_id`, `field_id`, `display_column`, `display_order`, `language_heading`, `flag_override_label`, `language_label`, `flag_override_tag`, `language_tag`, `flag_override_help`, `language_help`, `flag_override_type`, `type`, `flag_override_setting`, `setting`, `flag_override_default`, `default`, `flag_add`, `flag_add_readonly`, `flag_edit`, `flag_edit_readonly`, `flag_search`, `flag_search_readonly`, `flag_datagrid`, `flag_datagrid_readonly`, `flag_index`, `flag_detail`, `created`, `created_by`, `modified`, `modified_by`) VALUES ('CAN-999-999-000-999-1000_CAN-999-999-000-999-1007', 'CAN-999-999-000-999-1000', 'CAN-999-999-000-999-1007', '0', '11', '', '0', '', '0', '', '0', '', '0', '', '0', '', '0', '', '1', '0', '1', '0', '0', '0', '0', '0', '0', '1', '0000-00-00 00:00:00', '', '0000-00-00 00:00:00', '');
INSERT INTO `form_formats` (`id`, `form_id`, `field_id`, `display_column`, `display_order`, `language_heading`, `flag_override_label`, `language_label`, `flag_override_tag`, `language_tag`, `flag_override_help`, `language_help`, `flag_override_type`, `type`, `flag_override_setting`, `setting`, `flag_override_default`, `default`, `flag_add`, `flag_add_readonly`, `flag_edit`, `flag_edit_readonly`, `flag_search`, `flag_search_readonly`, `flag_datagrid`, `flag_datagrid_readonly`, `flag_index`, `flag_detail`, `created`, `created_by`, `modified`, `modified_by`) VALUES ('CAN-999-999-000-999-1000_CAN-999-999-000-999-1006', 'CAN-999-999-000-999-1000', 'CAN-999-999-000-999-1006', '0', '6', '', '0', '', '0', '', '0', '', '0', '', '0', '', '0', '', '1', '0', '1', '0', '0', '0', '0', '0', '1', '1', '0000-00-00 00:00:00', '', '0000-00-00 00:00:00', '');
INSERT INTO `form_formats` (`id`, `form_id`, `field_id`, `display_column`, `display_order`, `language_heading`, `flag_override_label`, `language_label`, `flag_override_tag`, `language_tag`, `flag_override_help`, `language_help`, `flag_override_type`, `type`, `flag_override_setting`, `setting`, `flag_override_default`, `default`, `flag_add`, `flag_add_readonly`, `flag_edit`, `flag_edit_readonly`, `flag_search`, `flag_search_readonly`, `flag_datagrid`, `flag_datagrid_readonly`, `flag_index`, `flag_detail`, `created`, `created_by`, `modified`, `modified_by`) VALUES ('CAN-999-999-000-999-1000_CAN-999-999-000-999-1005', 'CAN-999-999-000-999-1000', 'CAN-999-999-000-999-1005', '0', '5', '', '0', '', '0', '', '0', '', '0', '', '0', '', '0', '', '1', '0', '1', '0', '0', '0', '0', '0', '1', '1', '0000-00-00 00:00:00', '', '0000-00-00 00:00:00', '');
INSERT INTO `form_formats` (`id`, `form_id`, `field_id`, `display_column`, `display_order`, `language_heading`, `flag_override_label`, `language_label`, `flag_override_tag`, `language_tag`, `flag_override_help`, `language_help`, `flag_override_type`, `type`, `flag_override_setting`, `setting`, `flag_override_default`, `default`, `flag_add`, `flag_add_readonly`, `flag_edit`, `flag_edit_readonly`, `flag_search`, `flag_search_readonly`, `flag_datagrid`, `flag_datagrid_readonly`, `flag_index`, `flag_detail`, `created`, `created_by`, `modified`, `modified_by`) VALUES ('CAN-999-999-000-999-1000_CAN-999-999-000-999-1015', 'CAN-999-999-000-999-1000', 'CAN-999-999-000-999-1015', '0', '12', '', '0', '', '0', '', '0', '', '0', '', '0', '', '0', '', '0', '0', '0', '0', '1', '0', '0', '0', '0', '0', '0000-00-00 00:00:00', '', '0000-00-00 00:00:00', '');
INSERT INTO `form_formats` (`id`, `form_id`, `field_id`, `display_column`, `display_order`, `language_heading`, `flag_override_label`, `language_label`, `flag_override_tag`, `language_tag`, `flag_override_help`, `language_help`, `flag_override_type`, `type`, `flag_override_setting`, `setting`, `flag_override_default`, `default`, `flag_add`, `flag_add_readonly`, `flag_edit`, `flag_edit_readonly`, `flag_search`, `flag_search_readonly`, `flag_datagrid`, `flag_datagrid_readonly`, `flag_index`, `flag_detail`, `created`, `created_by`, `modified`, `modified_by`) VALUES ('CAN-999-999-000-999-1000_CAN-999-999-000-999-1013', 'CAN-999-999-000-999-1000', 'CAN-999-999-000-999-1013', '0', '12', '', '0', '', '0', '', '0', '', '0', '', '0', '', '0', '', '1', '0', '1', '0', '0', '0', '0', '0', '0', '1', '0000-00-00 00:00:00', '', '0000-00-00 00:00:00', '');
INSERT INTO `form_formats` (`id`, `form_id`, `field_id`, `display_column`, `display_order`, `language_heading`, `flag_override_label`, `language_label`, `flag_override_tag`, `language_tag`, `flag_override_help`, `language_help`, `flag_override_type`, `type`, `flag_override_setting`, `setting`, `flag_override_default`, `default`, `flag_add`, `flag_add_readonly`, `flag_edit`, `flag_edit_readonly`, `flag_search`, `flag_search_readonly`, `flag_datagrid`, `flag_datagrid_readonly`, `flag_index`, `flag_detail`, `created`, `created_by`, `modified`, `modified_by`) VALUES ('CAN-999-999-000-999-1000_CAN-999-999-000-999-1008', 'CAN-999-999-000-999-1000', 'CAN-999-999-000-999-1008', '0', '13', '', '0', '', '0', '', '0', '', '0', '', '0', '', '0', '', '1', '0', '1', '0', '0', '0', '0', '0', '0', '1', '0000-00-00 00:00:00', '', '0000-00-00 00:00:00', '');
INSERT INTO `form_formats` (`id`, `form_id`, `field_id`, `display_column`, `display_order`, `language_heading`, `flag_override_label`, `language_label`, `flag_override_tag`, `language_tag`, `flag_override_help`, `language_help`, `flag_override_type`, `type`, `flag_override_setting`, `setting`, `flag_override_default`, `default`, `flag_add`, `flag_add_readonly`, `flag_edit`, `flag_edit_readonly`, `flag_search`, `flag_search_readonly`, `flag_datagrid`, `flag_datagrid_readonly`, `flag_index`, `flag_detail`, `created`, `created_by`, `modified`, `modified_by`) VALUES ('CAN-999-999-000-999-1000_CAN-999-999-000-999-1009', 'CAN-999-999-000-999-1000', 'CAN-999-999-000-999-1009', '0', '7', '', '0', '', '0', '', '0', '', '0', '', '0', '', '0', '', '0', '1', '0', '1', '0', '1', '0', '1', '0', '1', '0000-00-00 00:00:00', '', '0000-00-00 00:00:00', '');
INSERT INTO `form_formats` (`id`, `form_id`, `field_id`, `display_column`, `display_order`, `language_heading`, `flag_override_label`, `language_label`, `flag_override_tag`, `language_tag`, `flag_override_help`, `language_help`, `flag_override_type`, `type`, `flag_override_setting`, `setting`, `flag_override_default`, `default`, `flag_add`, `flag_add_readonly`, `flag_edit`, `flag_edit_readonly`, `flag_search`, `flag_search_readonly`, `flag_datagrid`, `flag_datagrid_readonly`, `flag_index`, `flag_detail`, `created`, `created_by`, `modified`, `modified_by`) VALUES ('CAN-999-999-000-999-1000_CAN-999-999-000-999-1010', 'CAN-999-999-000-999-1000', 'CAN-999-999-000-999-1010', '0', '8', '', '0', '', '0', '', '0', '', '0', '', '0', '', '0', '', '0', '1', '0', '1', '0', '1', '0', '1', '0', '1', '0000-00-00 00:00:00', '', '0000-00-00 00:00:00', '');
INSERT INTO `form_formats` (`id`, `form_id`, `field_id`, `display_column`, `display_order`, `language_heading`, `flag_override_label`, `language_label`, `flag_override_tag`, `language_tag`, `flag_override_help`, `language_help`, `flag_override_type`, `type`, `flag_override_setting`, `setting`, `flag_override_default`, `default`, `flag_add`, `flag_add_readonly`, `flag_edit`, `flag_edit_readonly`, `flag_search`, `flag_search_readonly`, `flag_datagrid`, `flag_datagrid_readonly`, `flag_index`, `flag_detail`, `created`, `created_by`, `modified`, `modified_by`) VALUES ('CAN-999-999-000-999-1000_CAN-999-999-000-999-1011', 'CAN-999-999-000-999-1000', 'CAN-999-999-000-999-1011', '0', '9', '', '0', '', '0', '', '0', '', '0', '', '0', '', '0', '', '0', '1', '0', '1', '0', '1', '0', '1', '0', '1', '0000-00-00 00:00:00', '', '0000-00-00 00:00:00', '');
INSERT INTO `form_formats` (`id`, `form_id`, `field_id`, `display_column`, `display_order`, `language_heading`, `flag_override_label`, `language_label`, `flag_override_tag`, `language_tag`, `flag_override_help`, `language_help`, `flag_override_type`, `type`, `flag_override_setting`, `setting`, `flag_override_default`, `default`, `flag_add`, `flag_add_readonly`, `flag_edit`, `flag_edit_readonly`, `flag_search`, `flag_search_readonly`, `flag_datagrid`, `flag_datagrid_readonly`, `flag_index`, `flag_detail`, `created`, `created_by`, `modified`, `modified_by`) VALUES ('CAN-999-999-000-999-1000_CAN-999-999-000-999-1012', 'CAN-999-999-000-999-1000', 'CAN-999-999-000-999-1012', '0', '10', '', '0', '', '0', '', '0', '', '0', '', '0', '', '0', '', '0', '1', '0', '1', '0', '1', '0', '1', '0', '1', '0000-00-00 00:00:00', '', '0000-00-00 00:00:00', '');
INSERT INTO `form_formats` (`id`, `form_id`, `field_id`, `display_column`, `display_order`, `language_heading`, `flag_override_label`, `language_label`, `flag_override_tag`, `language_tag`, `flag_override_help`, `language_help`, `flag_override_type`, `type`, `flag_override_setting`, `setting`, `flag_override_default`, `default`, `flag_add`, `flag_add_readonly`, `flag_edit`, `flag_edit_readonly`, `flag_search`, `flag_search_readonly`, `flag_datagrid`, `flag_datagrid_readonly`, `flag_index`, `flag_detail`, `created`, `created_by`, `modified`, `modified_by`) VALUES ('CAN-999-999-000-999-1000_CAN-999-999-000-999-1004', 'CAN-999-999-000-999-1000', 'CAN-999-999-000-999-1004', '0', '4', '', '0', '', '0', '', '0', '', '0', '', '0', '', '0', '', '1', '0', '1', '0', '1', '0', '0', '0', '1', '1', '0000-00-00 00:00:00', '', '0000-00-00 00:00:00', '');

-- ------------------------------------------------------------------------
-- alias = linked_collections
-- ------------------------------------------------------------------------

DELETE FROM `forms` WHERE `alias` = 'linked_collections';
INSERT INTO `forms` (`id`, `alias`, `language_title`, `language_help`, `flag_add_columns`, `flag_edit_columns`, `flag_search_columns`, `flag_detail_columns`, `created`, `created_by`, `modified`, `modified_by`) VALUES ('CAN-999-999-000-999-1001', 'linked_collections', '', '', '0', '0', '0', '1', '0000-00-00 00:00:00', '', '0000-00-00 00:00:00', '');

DELETE FROM `form_fields` WHERE `id` = 'CAN-999-999-000-999-1223';
INSERT INTO `form_fields` (`id`, `model`, `field`, `language_label`, `language_tag`, `type`, `setting`, `default`, `language_help`, `created`, `created_by`, `modified`, `modified_by`) VALUES ('CAN-999-999-000-999-1223', 'Collection', 'bank', 'collection bank', '', 'select', '', '', '', '0000-00-00 00:00:00', '', '0000-00-00 00:00:00', '');
DELETE FROM `form_fields` WHERE `id` = 'CAN-999-999-000-999-1014';
INSERT INTO `form_fields` (`id`, `model`, `field`, `language_label`, `language_tag`, `type`, `setting`, `default`, `language_help`, `created`, `created_by`, `modified`, `modified_by`) VALUES ('CAN-999-999-000-999-1014', 'Collection', 'collection_property', 'collection property', '', 'select', '', '', '', '0000-00-00 00:00:00', '', '0000-00-00 00:00:00', '');

DELETE FROM `form_fields_global_lookups`
WHERE `field_id`  IN 
('CAN-999-999-000-999-1223'); /* bank */

DELETE FROM `form_formats` WHERE `form_id` = 'CAN-999-999-000-999-1001';
INSERT INTO `form_formats` (`id`, `form_id`, `field_id`, `display_column`, `display_order`, `language_heading`, `flag_override_label`, `language_label`, `flag_override_tag`, `language_tag`, `flag_override_help`, `language_help`, `flag_override_type`, `type`, `flag_override_setting`, `setting`, `flag_override_default`, `default`, `flag_add`, `flag_add_readonly`, `flag_edit`, `flag_edit_readonly`, `flag_search`, `flag_search_readonly`, `flag_datagrid`, `flag_datagrid_readonly`, `flag_index`, `flag_detail`, `created`, `created_by`, `modified`, `modified_by`) VALUES ('CAN-999-999-000-999-1001_CAN-999-999-000-999-1000', 'CAN-999-999-000-999-1001', 'CAN-999-999-000-999-1000', '0', '1', '', '0', '', '0', '', '0', '', '0', '', '0', '', '0', '', '1', '0', '1', '0', '1', '0', '0', '0', '1', '1', '0000-00-00 00:00:00', '', '0000-00-00 00:00:00', '');
INSERT INTO `form_formats` (`id`, `form_id`, `field_id`, `display_column`, `display_order`, `language_heading`, `flag_override_label`, `language_label`, `flag_override_tag`, `language_tag`, `flag_override_help`, `language_help`, `flag_override_type`, `type`, `flag_override_setting`, `setting`, `flag_override_default`, `default`, `flag_add`, `flag_add_readonly`, `flag_edit`, `flag_edit_readonly`, `flag_search`, `flag_search_readonly`, `flag_datagrid`, `flag_datagrid_readonly`, `flag_index`, `flag_detail`, `created`, `created_by`, `modified`, `modified_by`) VALUES ('CAN-999-999-000-999-1001_CAN-999-999-000-999-1223', 'CAN-999-999-000-999-1001', 'CAN-999-999-000-999-1223', '0', '2', '', '0', '', '0', '', '0', '', '0', '', '0', '', '0', '', '1', '1', '1', '1', '0', '1', '0', '1', '0', '0', '0000-00-00 00:00:00', '', '0000-00-00 00:00:00', '');
INSERT INTO `form_formats` (`id`, `form_id`, `field_id`, `display_column`, `display_order`, `language_heading`, `flag_override_label`, `language_label`, `flag_override_tag`, `language_tag`, `flag_override_help`, `language_help`, `flag_override_type`, `type`, `flag_override_setting`, `setting`, `flag_override_default`, `default`, `flag_add`, `flag_add_readonly`, `flag_edit`, `flag_edit_readonly`, `flag_search`, `flag_search_readonly`, `flag_datagrid`, `flag_datagrid_readonly`, `flag_index`, `flag_detail`, `created`, `created_by`, `modified`, `modified_by`) VALUES ('CAN-999-999-000-999-1001_CAN-999-999-000-999-1002', 'CAN-999-999-000-999-1001', 'CAN-999-999-000-999-1002', '0', '2', '', '0', '', '0', '', '0', '', '0', '', '0', '', '0', '', '0', '0', '0', '0', '1', '0', '0', '0', '1', '1', '0000-00-00 00:00:00', '', '0000-00-00 00:00:00', '');
INSERT INTO `form_formats` (`id`, `form_id`, `field_id`, `display_column`, `display_order`, `language_heading`, `flag_override_label`, `language_label`, `flag_override_tag`, `language_tag`, `flag_override_help`, `language_help`, `flag_override_type`, `type`, `flag_override_setting`, `setting`, `flag_override_default`, `default`, `flag_add`, `flag_add_readonly`, `flag_edit`, `flag_edit_readonly`, `flag_search`, `flag_search_readonly`, `flag_datagrid`, `flag_datagrid_readonly`, `flag_index`, `flag_detail`, `created`, `created_by`, `modified`, `modified_by`) VALUES ('CAN-999-999-000-999-1001_CAN-999-999-000-999-1003', 'CAN-999-999-000-999-1001', 'CAN-999-999-000-999-1003', '0', '3', '', '0', '', '0', '', '0', '', '0', '', '0', '', '0', '', '1', '0', '1', '0', '1', '0', '0', '0', '1', '1', '0000-00-00 00:00:00', '', '0000-00-00 00:00:00', '');
INSERT INTO `form_formats` (`id`, `form_id`, `field_id`, `display_column`, `display_order`, `language_heading`, `flag_override_label`, `language_label`, `flag_override_tag`, `language_tag`, `flag_override_help`, `language_help`, `flag_override_type`, `type`, `flag_override_setting`, `setting`, `flag_override_default`, `default`, `flag_add`, `flag_add_readonly`, `flag_edit`, `flag_edit_readonly`, `flag_search`, `flag_search_readonly`, `flag_datagrid`, `flag_datagrid_readonly`, `flag_index`, `flag_detail`, `created`, `created_by`, `modified`, `modified_by`) VALUES ('CAN-999-999-000-999-1001_CAN-999-999-000-999-1007', 'CAN-999-999-000-999-1001', 'CAN-999-999-000-999-1007', '0', '11', '', '0', '', '0', '', '0', '', '0', '', '0', '', '0', '', '1', '0', '1', '0', '0', '0', '0', '0', '0', '1', '0000-00-00 00:00:00', '', '0000-00-00 00:00:00', '');
INSERT INTO `form_formats` (`id`, `form_id`, `field_id`, `display_column`, `display_order`, `language_heading`, `flag_override_label`, `language_label`, `flag_override_tag`, `language_tag`, `flag_override_help`, `language_help`, `flag_override_type`, `type`, `flag_override_setting`, `setting`, `flag_override_default`, `default`, `flag_add`, `flag_add_readonly`, `flag_edit`, `flag_edit_readonly`, `flag_search`, `flag_search_readonly`, `flag_datagrid`, `flag_datagrid_readonly`, `flag_index`, `flag_detail`, `created`, `created_by`, `modified`, `modified_by`) VALUES ('CAN-999-999-000-999-1001_CAN-999-999-000-999-1006', 'CAN-999-999-000-999-1001', 'CAN-999-999-000-999-1006', '0', '6', '', '0', '', '0', '', '0', '', '0', '', '0', '', '0', '', '1', '0', '1', '0', '0', '0', '0', '0', '1', '1', '0000-00-00 00:00:00', '', '0000-00-00 00:00:00', '');
INSERT INTO `form_formats` (`id`, `form_id`, `field_id`, `display_column`, `display_order`, `language_heading`, `flag_override_label`, `language_label`, `flag_override_tag`, `language_tag`, `flag_override_help`, `language_help`, `flag_override_type`, `type`, `flag_override_setting`, `setting`, `flag_override_default`, `default`, `flag_add`, `flag_add_readonly`, `flag_edit`, `flag_edit_readonly`, `flag_search`, `flag_search_readonly`, `flag_datagrid`, `flag_datagrid_readonly`, `flag_index`, `flag_detail`, `created`, `created_by`, `modified`, `modified_by`) VALUES ('CAN-999-999-000-999-1001_CAN-999-999-000-999-1005', 'CAN-999-999-000-999-1001', 'CAN-999-999-000-999-1005', '0', '5', '', '0', '', '0', '', '0', '', '0', '', '0', '', '0', '', '1', '0', '1', '0', '0', '0', '0', '0', '1', '1', '0000-00-00 00:00:00', '', '0000-00-00 00:00:00', '');
INSERT INTO `form_formats` (`id`, `form_id`, `field_id`, `display_column`, `display_order`, `language_heading`, `flag_override_label`, `language_label`, `flag_override_tag`, `language_tag`, `flag_override_help`, `language_help`, `flag_override_type`, `type`, `flag_override_setting`, `setting`, `flag_override_default`, `default`, `flag_add`, `flag_add_readonly`, `flag_edit`, `flag_edit_readonly`, `flag_search`, `flag_search_readonly`, `flag_datagrid`, `flag_datagrid_readonly`, `flag_index`, `flag_detail`, `created`, `created_by`, `modified`, `modified_by`) VALUES ('CAN-999-999-000-999-1001_CAN-999-999-000-999-1014', 'CAN-999-999-000-999-1001', 'CAN-999-999-000-999-1014', '0', '12', '', '0', '', '0', '', '0', '', '0', '', '0', '', '0', '', '1', '1', '1', '1', '0', '1', '0', '1', '0', '1', '0000-00-00 00:00:00', '', '0000-00-00 00:00:00', '');
INSERT INTO `form_formats` (`id`, `form_id`, `field_id`, `display_column`, `display_order`, `language_heading`, `flag_override_label`, `language_label`, `flag_override_tag`, `language_tag`, `flag_override_help`, `language_help`, `flag_override_type`, `type`, `flag_override_setting`, `setting`, `flag_override_default`, `default`, `flag_add`, `flag_add_readonly`, `flag_edit`, `flag_edit_readonly`, `flag_search`, `flag_search_readonly`, `flag_datagrid`, `flag_datagrid_readonly`, `flag_index`, `flag_detail`, `created`, `created_by`, `modified`, `modified_by`) VALUES ('CAN-999-999-000-999-1001_CAN-999-999-000-999-1008', 'CAN-999-999-000-999-1001', 'CAN-999-999-000-999-1008', '0', '13', '', '0', '', '0', '', '0', '', '0', '', '0', '', '0', '', '1', '0', '1', '0', '0', '0', '0', '0', '0', '1', '0000-00-00 00:00:00', '', '0000-00-00 00:00:00', '');
INSERT INTO `form_formats` (`id`, `form_id`, `field_id`, `display_column`, `display_order`, `language_heading`, `flag_override_label`, `language_label`, `flag_override_tag`, `language_tag`, `flag_override_help`, `language_help`, `flag_override_type`, `type`, `flag_override_setting`, `setting`, `flag_override_default`, `default`, `flag_add`, `flag_add_readonly`, `flag_edit`, `flag_edit_readonly`, `flag_search`, `flag_search_readonly`, `flag_datagrid`, `flag_datagrid_readonly`, `flag_index`, `flag_detail`, `created`, `created_by`, `modified`, `modified_by`) VALUES ('CAN-999-999-000-999-1001_CAN-999-999-000-999-1009', 'CAN-999-999-000-999-1001', 'CAN-999-999-000-999-1009', '0', '7', '', '0', '', '0', '', '0', '', '0', '', '0', '', '0', '', '0', '1', '0', '1', '0', '1', '0', '1', '0', '1', '0000-00-00 00:00:00', '', '0000-00-00 00:00:00', '');
INSERT INTO `form_formats` (`id`, `form_id`, `field_id`, `display_column`, `display_order`, `language_heading`, `flag_override_label`, `language_label`, `flag_override_tag`, `language_tag`, `flag_override_help`, `language_help`, `flag_override_type`, `type`, `flag_override_setting`, `setting`, `flag_override_default`, `default`, `flag_add`, `flag_add_readonly`, `flag_edit`, `flag_edit_readonly`, `flag_search`, `flag_search_readonly`, `flag_datagrid`, `flag_datagrid_readonly`, `flag_index`, `flag_detail`, `created`, `created_by`, `modified`, `modified_by`) VALUES ('CAN-999-999-000-999-1001_CAN-999-999-000-999-1010', 'CAN-999-999-000-999-1001', 'CAN-999-999-000-999-1010', '0', '8', '', '0', '', '0', '', '0', '', '0', '', '0', '', '0', '', '0', '1', '0', '1', '0', '1', '0', '1', '0', '1', '0000-00-00 00:00:00', '', '0000-00-00 00:00:00', '');
INSERT INTO `form_formats` (`id`, `form_id`, `field_id`, `display_column`, `display_order`, `language_heading`, `flag_override_label`, `language_label`, `flag_override_tag`, `language_tag`, `flag_override_help`, `language_help`, `flag_override_type`, `type`, `flag_override_setting`, `setting`, `flag_override_default`, `default`, `flag_add`, `flag_add_readonly`, `flag_edit`, `flag_edit_readonly`, `flag_search`, `flag_search_readonly`, `flag_datagrid`, `flag_datagrid_readonly`, `flag_index`, `flag_detail`, `created`, `created_by`, `modified`, `modified_by`) VALUES ('CAN-999-999-000-999-1001_CAN-999-999-000-999-1011', 'CAN-999-999-000-999-1001', 'CAN-999-999-000-999-1011', '0', '9', '', '0', '', '0', '', '0', '', '0', '', '0', '', '0', '', '0', '1', '0', '1', '0', '1', '0', '1', '0', '1', '0000-00-00 00:00:00', '', '0000-00-00 00:00:00', '');
INSERT INTO `form_formats` (`id`, `form_id`, `field_id`, `display_column`, `display_order`, `language_heading`, `flag_override_label`, `language_label`, `flag_override_tag`, `language_tag`, `flag_override_help`, `language_help`, `flag_override_type`, `type`, `flag_override_setting`, `setting`, `flag_override_default`, `default`, `flag_add`, `flag_add_readonly`, `flag_edit`, `flag_edit_readonly`, `flag_search`, `flag_search_readonly`, `flag_datagrid`, `flag_datagrid_readonly`, `flag_index`, `flag_detail`, `created`, `created_by`, `modified`, `modified_by`) VALUES ('CAN-999-999-000-999-1001_CAN-999-999-000-999-1012', 'CAN-999-999-000-999-1001', 'CAN-999-999-000-999-1012', '0', '10', '', '0', '', '0', '', '0', '', '0', '', '0', '', '0', '', '0', '1', '0', '1', '0', '1', '0', '1', '0', '1', '0000-00-00 00:00:00', '', '0000-00-00 00:00:00', '');
INSERT INTO `form_formats` (`id`, `form_id`, `field_id`, `display_column`, `display_order`, `language_heading`, `flag_override_label`, `language_label`, `flag_override_tag`, `language_tag`, `flag_override_help`, `language_help`, `flag_override_type`, `type`, `flag_override_setting`, `setting`, `flag_override_default`, `default`, `flag_add`, `flag_add_readonly`, `flag_edit`, `flag_edit_readonly`, `flag_search`, `flag_search_readonly`, `flag_datagrid`, `flag_datagrid_readonly`, `flag_index`, `flag_detail`, `created`, `created_by`, `modified`, `modified_by`) VALUES ('CAN-999-999-000-999-1001_CAN-999-999-000-999-1004', 'CAN-999-999-000-999-1001', 'CAN-999-999-000-999-1004', '0', '4', '', '0', '', '0', '', '0', '', '0', '', '0', '', '0', '', '1', '0', '1', '0', '1', '0', '0', '0', '1', '1', '0000-00-00 00:00:00', '', '0000-00-00 00:00:00', '');

-- ------------------------------------------------------------------------
-- alias = sample_masters
-- ------------------------------------------------------------------------

DELETE FROM `forms` WHERE `alias` = 'sample_masters';
INSERT INTO `forms` (`id`, `alias`, `language_title`, `language_help`, `flag_add_columns`, `flag_edit_columns`, `flag_search_columns`, `flag_detail_columns`, `created`, `created_by`, `modified`, `modified_by`) VALUES ('CAN-999-999-000-999-1002', 'sample_masters', '', '', '0', '0', '0', '1', '0000-00-00 00:00:00', '', '0000-00-00 00:00:00', '');

DELETE FROM `form_formats` WHERE `form_id` = 'CAN-999-999-000-999-1002';
INSERT INTO `form_formats` (`id`, `form_id`, `field_id`, `display_column`, `display_order`, `language_heading`, `flag_override_label`, `language_label`, `flag_override_tag`, `language_tag`, `flag_override_help`, `language_help`, `flag_override_type`, `type`, `flag_override_setting`, `setting`, `flag_override_default`, `default`, `flag_add`, `flag_add_readonly`, `flag_edit`, `flag_edit_readonly`, `flag_search`, `flag_search_readonly`, `flag_datagrid`, `flag_datagrid_readonly`, `flag_index`, `flag_detail`, `created`, `created_by`, `modified`, `modified_by`) VALUES ('CAN-999-999-000-999-1002_CAN-999-999-000-999-1016', 'CAN-999-999-000-999-1002', 'CAN-999-999-000-999-1016', '0', '1', '', '0', '', '0', '', '0', '', '0', '', '0', '', '0', '', '0', '1', '1', '1', '1', '1', '0', '1', '1', '1', '0000-00-00 00:00:00', '', '0000-00-00 00:00:00', '');
INSERT INTO `form_formats` (`id`, `form_id`, `field_id`, `display_column`, `display_order`, `language_heading`, `flag_override_label`, `language_label`, `flag_override_tag`, `language_tag`, `flag_override_help`, `language_help`, `flag_override_type`, `type`, `flag_override_setting`, `setting`, `flag_override_default`, `default`, `flag_add`, `flag_add_readonly`, `flag_edit`, `flag_edit_readonly`, `flag_search`, `flag_search_readonly`, `flag_datagrid`, `flag_datagrid_readonly`, `flag_index`, `flag_detail`, `created`, `created_by`, `modified`, `modified_by`) VALUES ('CAN-999-999-000-999-1002_CAN-999-999-000-999-1018', 'CAN-999-999-000-999-1002', 'CAN-999-999-000-999-1018', '0', '3', '', '0', '', '0', '', '0', '', '0', '', '0', '', '0', '', '1', '1', '1', '1', '0', '1', '0', '1', '1', '1', '0000-00-00 00:00:00', '', '0000-00-00 00:00:00', '');
INSERT INTO `form_formats` (`id`, `form_id`, `field_id`, `display_column`, `display_order`, `language_heading`, `flag_override_label`, `language_label`, `flag_override_tag`, `language_tag`, `flag_override_help`, `language_help`, `flag_override_type`, `type`, `flag_override_setting`, `setting`, `flag_override_default`, `default`, `flag_add`, `flag_add_readonly`, `flag_edit`, `flag_edit_readonly`, `flag_search`, `flag_search_readonly`, `flag_datagrid`, `flag_datagrid_readonly`, `flag_index`, `flag_detail`, `created`, `created_by`, `modified`, `modified_by`) VALUES ('CAN-999-999-000-999-1002_CAN-999-999-000-999-1027', 'CAN-999-999-000-999-1002', 'CAN-999-999-000-999-1027', '0', '4', '', '0', '', '0', '', '0', '', '0', '', '0', '', '0', '', '1', '1', '1', '1', '0', '1', '0', '1', '1', '1', '0000-00-00 00:00:00', '', '0000-00-00 00:00:00', '');
INSERT INTO `form_formats` (`id`, `form_id`, `field_id`, `display_column`, `display_order`, `language_heading`, `flag_override_label`, `language_label`, `flag_override_tag`, `language_tag`, `flag_override_help`, `language_help`, `flag_override_type`, `type`, `flag_override_setting`, `setting`, `flag_override_default`, `default`, `flag_add`, `flag_add_readonly`, `flag_edit`, `flag_edit_readonly`, `flag_search`, `flag_search_readonly`, `flag_datagrid`, `flag_datagrid_readonly`, `flag_index`, `flag_detail`, `created`, `created_by`, `modified`, `modified_by`) VALUES ('CAN-999-999-000-999-1002_CAN-999-999-000-999-1023', 'CAN-999-999-000-999-1002', 'CAN-999-999-000-999-1023', '0', '5', '', '0', '', '0', '', '0', '', '0', '', '0', '', '0', '', '1', '0', '0', '0', '0', '0', '0', '0', '0', '0', '0000-00-00 00:00:00', '', '0000-00-00 00:00:00', '');
INSERT INTO `form_formats` (`id`, `form_id`, `field_id`, `display_column`, `display_order`, `language_heading`, `flag_override_label`, `language_label`, `flag_override_tag`, `language_tag`, `flag_override_help`, `language_help`, `flag_override_type`, `type`, `flag_override_setting`, `setting`, `flag_override_default`, `default`, `flag_add`, `flag_add_readonly`, `flag_edit`, `flag_edit_readonly`, `flag_search`, `flag_search_readonly`, `flag_datagrid`, `flag_datagrid_readonly`, `flag_index`, `flag_detail`, `created`, `created_by`, `modified`, `modified_by`) VALUES ('CAN-999-999-000-999-1002_CAN-999-999-000-999-1024', 'CAN-999-999-000-999-1002', 'CAN-999-999-000-999-1024', '0', '5', '', '0', '', '0', '', '0', '', '0', '', '0', '', '0', '', '0', '1', '1', '1', '0', '1', '0', '1', '1', '1', '0000-00-00 00:00:00', '', '0000-00-00 00:00:00', '');
INSERT INTO `form_formats` (`id`, `form_id`, `field_id`, `display_column`, `display_order`, `language_heading`, `flag_override_label`, `language_label`, `flag_override_tag`, `language_tag`, `flag_override_help`, `language_help`, `flag_override_type`, `type`, `flag_override_setting`, `setting`, `flag_override_default`, `default`, `flag_add`, `flag_add_readonly`, `flag_edit`, `flag_edit_readonly`, `flag_search`, `flag_search_readonly`, `flag_datagrid`, `flag_datagrid_readonly`, `flag_index`, `flag_detail`, `created`, `created_by`, `modified`, `modified_by`) VALUES ('CAN-999-999-000-999-1002_CAN-999-999-000-999-1026', 'CAN-999-999-000-999-1002', 'CAN-999-999-000-999-1026', '0', '6', '', '0', '', '0', '', '0', '', '0', '', '0', '', '0', '', '0', '1', '0', '1', '0', '1', '0', '1', '1', '1', '0000-00-00 00:00:00', '', '0000-00-00 00:00:00', '');

DELETE FROM `form_validations` WHERE `form_field_id` = 'CAN-999-999-000-999-1023';
INSERT INTO `form_validations` (`id`, `form_field_id`, `expression`, `message`, `created`, `created_by`, `modified`, `modifed_by`) VALUES (NULL, 'CAN-999-999-000-999-1023', '/.+/', 'the parent sample is required', '0000-00-00 00:00:00', '', '0000-00-00 00:00:00', '');

DELETE FROM `form_fields` WHERE `id` = 'CAN-999-999-000-999-1016';
INSERT INTO `form_fields` (`id`, `model`, `field`, `language_label`, `language_tag`, `type`, `setting`, `default`, `language_help`, `created`, `created_by`, `modified`, `modified_by`) VALUES ('CAN-999-999-000-999-1016', 'SampleMaster', 'sample_code', 'sample code', '', 'input', 'size=30', '', '', '0000-00-00 00:00:00', '', '0000-00-00 00:00:00', '');
DELETE FROM `form_fields` WHERE `id` = 'CAN-999-999-000-999-1018';
INSERT INTO `form_fields` (`id`, `model`, `field`, `language_label`, `language_tag`, `type`, `setting`, `default`, `language_help`, `created`, `created_by`, `modified`, `modified_by`) VALUES ('CAN-999-999-000-999-1018', 'SampleMaster', 'sample_type', 'sample type', '', 'select', '', '', '', '0000-00-00 00:00:00', '', '0000-00-00 00:00:00', '');
DELETE FROM `form_fields` WHERE `id` = 'CAN-999-999-000-999-1027';
INSERT INTO `form_fields` (`id`, `model`, `field`, `language_label`, `language_tag`, `type`, `setting`, `default`, `language_help`, `created`, `created_by`, `modified`, `modified_by`) VALUES ('CAN-999-999-000-999-1027', 'SampleMaster', 'sample_category', 'category', '', 'select', '', '', '', '0000-00-00 00:00:00', '', '0000-00-00 00:00:00', '');
DELETE FROM `form_fields` WHERE `id` = 'CAN-999-999-000-999-1023';
INSERT INTO `form_fields` (`id`, `model`, `field`, `language_label`, `language_tag`, `type`, `setting`, `default`, `language_help`, `created`, `created_by`, `modified`, `modified_by`) VALUES ('CAN-999-999-000-999-1023', 'SampleMaster', 'parent_id', 'parent sample code', '', 'select', '', '', '', '0000-00-00 00:00:00', '', '0000-00-00 00:00:00', '');
DELETE FROM `form_fields` WHERE `id` = 'CAN-999-999-000-999-1024';
INSERT INTO `form_fields` (`id`, `model`, `field`, `language_label`, `language_tag`, `type`, `setting`, `default`, `language_help`, `created`, `created_by`, `modified`, `modified_by`) VALUES ('CAN-999-999-000-999-1024', 'SampleMaster', 'parent_id', 'parent sample code', '', 'select', '', '', '', '0000-00-00 00:00:00', '', '0000-00-00 00:00:00', '');
DELETE FROM `form_fields` WHERE `id` = 'CAN-999-999-000-999-1026';
INSERT INTO `form_fields` (`id`, `model`, `field`, `language_label`, `language_tag`, `type`, `setting`, `default`, `language_help`, `created`, `created_by`, `modified`, `modified_by`) VALUES ('CAN-999-999-000-999-1026', 'Generated', 'generated_field_aliquot_number', 'available aliquot number', '', 'input', 'size=30', '', '', '0000-00-00 00:00:00', '', '0000-00-00 00:00:00', '');

-- ------------------------------------------------------------------------
-- alias = sample_masters_for_search_result
-- ------------------------------------------------------------------------

DELETE FROM `forms` WHERE `alias` = 'sample_masters_for_search_result';
INSERT INTO `forms` (`id`, `alias`, `language_title`, `language_help`, `flag_add_columns`, `flag_edit_columns`, `flag_search_columns`, `flag_detail_columns`, `created`, `created_by`, `modified`, `modified_by`) VALUES ('CAN-999-999-000-999-1003', 'sample_masters_for_search_result', '', '', '0', '0', '0', '1', '0000-00-00 00:00:00', '', '0000-00-00 00:00:00', '');

DELETE FROM `form_formats` WHERE `form_id` = 'CAN-999-999-000-999-1003';
INSERT INTO `form_formats` (`id`, `form_id`, `field_id`, `display_column`, `display_order`, `language_heading`, `flag_override_label`, `language_label`, `flag_override_tag`, `language_tag`, `flag_override_help`, `language_help`, `flag_override_type`, `type`, `flag_override_setting`, `setting`, `flag_override_default`, `default`, `flag_add`, `flag_add_readonly`, `flag_edit`, `flag_edit_readonly`, `flag_search`, `flag_search_readonly`, `flag_datagrid`, `flag_datagrid_readonly`, `flag_index`, `flag_detail`, `created`, `created_by`, `modified`, `modified_by`) VALUES ('CAN-999-999-000-999-1003_CAN-999-999-000-999-1000', 'CAN-999-999-000-999-1003', 'CAN-999-999-000-999-1000', '0', '1', '', '0', '', '0', '', '0', '', '0', '', '0', '', '0', '', '0', '0', '0', '0', '0', '0', '0', '0', '1', '1', '0000-00-00 00:00:00', '', '0000-00-00 00:00:00', '');
INSERT INTO `form_formats` (`id`, `form_id`, `field_id`, `display_column`, `display_order`, `language_heading`, `flag_override_label`, `language_label`, `flag_override_tag`, `language_tag`, `flag_override_help`, `language_help`, `flag_override_type`, `type`, `flag_override_setting`, `setting`, `flag_override_default`, `default`, `flag_add`, `flag_add_readonly`, `flag_edit`, `flag_edit_readonly`, `flag_search`, `flag_search_readonly`, `flag_datagrid`, `flag_datagrid_readonly`, `flag_index`, `flag_detail`, `created`, `created_by`, `modified`, `modified_by`) VALUES ('CAN-999-999-000-999-1003_CAN-999-999-000-999-1016', 'CAN-999-999-000-999-1003', 'CAN-999-999-000-999-1016', '0', '1', '', '0', '', '0', '', '0', '', '0', '', '0', '', '0', '', '0', '1', '1', '1', '1', '1', '0', '1', '1', '1', '0000-00-00 00:00:00', '', '0000-00-00 00:00:00', '');
INSERT INTO `form_formats` (`id`, `form_id`, `field_id`, `display_column`, `display_order`, `language_heading`, `flag_override_label`, `language_label`, `flag_override_tag`, `language_tag`, `flag_override_help`, `language_help`, `flag_override_type`, `type`, `flag_override_setting`, `setting`, `flag_override_default`, `default`, `flag_add`, `flag_add_readonly`, `flag_edit`, `flag_edit_readonly`, `flag_search`, `flag_search_readonly`, `flag_datagrid`, `flag_datagrid_readonly`, `flag_index`, `flag_detail`, `created`, `created_by`, `modified`, `modified_by`) VALUES ('CAN-999-999-000-999-1003_CAN-999-999-000-999-1018', 'CAN-999-999-000-999-1003', 'CAN-999-999-000-999-1018', '0', '3', '', '0', '', '0', '', '0', '', '0', '', '0', '', '0', '', '1', '1', '1', '1', '0', '1', '0', '1', '1', '1', '0000-00-00 00:00:00', '', '0000-00-00 00:00:00', '');
INSERT INTO `form_formats` (`id`, `form_id`, `field_id`, `display_column`, `display_order`, `language_heading`, `flag_override_label`, `language_label`, `flag_override_tag`, `language_tag`, `flag_override_help`, `language_help`, `flag_override_type`, `type`, `flag_override_setting`, `setting`, `flag_override_default`, `default`, `flag_add`, `flag_add_readonly`, `flag_edit`, `flag_edit_readonly`, `flag_search`, `flag_search_readonly`, `flag_datagrid`, `flag_datagrid_readonly`, `flag_index`, `flag_detail`, `created`, `created_by`, `modified`, `modified_by`) VALUES ('CAN-999-999-000-999-1003_CAN-999-999-000-999-1027', 'CAN-999-999-000-999-1003', 'CAN-999-999-000-999-1027', '0', '4', '', '0', '', '0', '', '0', '', '0', '', '0', '', '0', '', '1', '1', '1', '1', '0', '1', '0', '1', '1', '1', '0000-00-00 00:00:00', '', '0000-00-00 00:00:00', '');

-- ------------------------------------------------------------------------
-- alias = sample_masters_for_tree_view
-- ------------------------------------------------------------------------

DELETE FROM `forms` WHERE `alias` = 'sample_masters_for_tree_view';
INSERT INTO `forms` (`id`, `alias`, `language_title`, `language_help`, `flag_add_columns`, `flag_edit_columns`, `flag_search_columns`, `flag_detail_columns`, `created`, `created_by`, `modified`, `modified_by`) VALUES ('CAN-999-999-000-999-1004', 'sample_masters_for_tree_view', '', '', '0', '0', '0', '1', '0000-00-00 00:00:00', '', '0000-00-00 00:00:00', '');

DELETE FROM `form_formats` WHERE `form_id` = 'CAN-999-999-000-999-1004';
INSERT INTO `form_formats` (`id`, `form_id`, `field_id`, `display_column`, `display_order`, `language_heading`, `flag_override_label`, `language_label`, `flag_override_tag`, `language_tag`, `flag_override_help`, `language_help`, `flag_override_type`, `type`, `flag_override_setting`, `setting`, `flag_override_default`, `default`, `flag_add`, `flag_add_readonly`, `flag_edit`, `flag_edit_readonly`, `flag_search`, `flag_search_readonly`, `flag_datagrid`, `flag_datagrid_readonly`, `flag_index`, `flag_detail`, `created`, `created_by`, `modified`, `modified_by`) VALUES ('CAN-999-999-000-999-1004_CAN-999-999-000-999-1016', 'CAN-999-999-000-999-1004', 'CAN-999-999-000-999-1016', '0', '1', '', '0', '', '0', '', '0', '', '0', '', '0', '', '0', '', '0', '1', '1', '1', '1', '1', '0', '1', '1', '1', '0000-00-00 00:00:00', '', '0000-00-00 00:00:00', '');
INSERT INTO `form_formats` (`id`, `form_id`, `field_id`, `display_column`, `display_order`, `language_heading`, `flag_override_label`, `language_label`, `flag_override_tag`, `language_tag`, `flag_override_help`, `language_help`, `flag_override_type`, `type`, `flag_override_setting`, `setting`, `flag_override_default`, `default`, `flag_add`, `flag_add_readonly`, `flag_edit`, `flag_edit_readonly`, `flag_search`, `flag_search_readonly`, `flag_datagrid`, `flag_datagrid_readonly`, `flag_index`, `flag_detail`, `created`, `created_by`, `modified`, `modified_by`) VALUES ('CAN-999-999-000-999-1004_CAN-999-999-000-999-1018', 'CAN-999-999-000-999-1004', 'CAN-999-999-000-999-1018', '0', '3', '', '0', '', '0', '', '0', '', '0', '', '0', '', '0', '', '1', '1', '1', '1', '0', '1', '0', '1', '1', '1', '0000-00-00 00:00:00', '', '0000-00-00 00:00:00', '');
INSERT INTO `form_formats` (`id`, `form_id`, `field_id`, `display_column`, `display_order`, `language_heading`, `flag_override_label`, `language_label`, `flag_override_tag`, `language_tag`, `flag_override_help`, `language_help`, `flag_override_type`, `type`, `flag_override_setting`, `setting`, `flag_override_default`, `default`, `flag_add`, `flag_add_readonly`, `flag_edit`, `flag_edit_readonly`, `flag_search`, `flag_search_readonly`, `flag_datagrid`, `flag_datagrid_readonly`, `flag_index`, `flag_detail`, `created`, `created_by`, `modified`, `modified_by`) VALUES ('CAN-999-999-000-999-1004_CAN-999-999-000-999-1027', 'CAN-999-999-000-999-1004', 'CAN-999-999-000-999-1027', '0', '4', '', '0', '', '0', '', '0', '', '0', '', '0', '', '0', '', '1', '1', '1', '1', '0', '1', '0', '1', '1', '1', '0000-00-00 00:00:00', '', '0000-00-00 00:00:00', '');

-- ------------------------------------------------------------------------
-- alias = sd_spe_ascites
-- ------------------------------------------------------------------------

DELETE FROM `forms` WHERE `alias` = 'sd_spe_ascites';
INSERT INTO `forms` (`id`, `alias`, `language_title`, `language_help`, `flag_add_columns`, `flag_edit_columns`, `flag_search_columns`, `flag_detail_columns`, `created`, `created_by`, `modified`, `modified_by`) VALUES ('CAN-999-999-000-999-1007', 'sd_spe_ascites', '', '', '0', '0', '0', '1', '0000-00-00 00:00:00', '', '0000-00-00 00:00:00', '');

DELETE FROM `form_fields` WHERE `id` = 'CAN-999-999-000-999-1030';
INSERT INTO `form_fields` (`id`, `model`, `field`, `language_label`, `language_tag`, `type`, `setting`, `default`, `language_help`, `created`, `created_by`, `modified`, `modified_by`) VALUES ('CAN-999-999-000-999-1030', 'SampleMaster', 'sop_master_id', 'sample sop', '', 'select', '', '', '', '0000-00-00 00:00:00', '', '0000-00-00 00:00:00', '');
DELETE FROM `form_fields` WHERE `id` = 'CAN-999-999-000-999-1031';
INSERT INTO `form_fields` (`id`, `model`, `field`, `language_label`, `language_tag`, `type`, `setting`, `default`, `language_help`, `created`, `created_by`, `modified`, `modified_by`) VALUES ('CAN-999-999-000-999-1031', 'SampleMaster', 'product_code', 'product code', '', 'input', 'size=20', '', '', '0000-00-00 00:00:00', '', '0000-00-00 00:00:00', '');
DELETE FROM `form_fields` WHERE `id` = 'CAN-999-999-000-999-1029';
INSERT INTO `form_fields` (`id`, `model`, `field`, `language_label`, `language_tag`, `type`, `setting`, `default`, `language_help`, `created`, `created_by`, `modified`, `modified_by`) VALUES ('CAN-999-999-000-999-1029', 'SampleMaster', 'is_problematic', 'is problematic', '', 'radiolist', '', 'no', '', '0000-00-00 00:00:00', '', '0000-00-00 00:00:00', '');
DELETE FROM `form_fields` WHERE `id` = 'CAN-999-999-000-999-1022';
INSERT INTO `form_fields` (`id`, `model`, `field`, `language_label`, `language_tag`, `type`, `setting`, `default`, `language_help`, `created`, `created_by`, `modified`, `modified_by`) VALUES ('CAN-999-999-000-999-1022', 'SampleMaster', 'notes', 'notes', '', 'textarea', 'rows=3,cols=30', '', '', '0000-00-00 00:00:00', '', '0000-00-00 00:00:00', '');
DELETE FROM `form_fields` WHERE `id` = 'CAN-999-999-000-999-1032';
INSERT INTO `form_fields` (`id`, `model`, `field`, `language_label`, `language_tag`, `type`, `setting`, `default`, `language_help`, `created`, `created_by`, `modified`, `modified_by`) VALUES ('CAN-999-999-000-999-1032', 'SpecimenDetail', 'supplier_dept', 'supplier dept', '', 'select', '', '', '', '0000-00-00 00:00:00', '', '0000-00-00 00:00:00', '');
DELETE FROM `form_fields` WHERE `id` = 'CAN-999-999-000-999-1036';
INSERT INTO `form_fields` (`id`, `model`, `field`, `language_label`, `language_tag`, `type`, `setting`, `default`, `language_help`, `created`, `created_by`, `modified`, `modified_by`) VALUES ('CAN-999-999-000-999-1036', 'SampleDetail', 'collected_volume', 'collected volume', '', 'input', 'size=10', '', '', '0000-00-00 00:00:00', '', '0000-00-00 00:00:00', '');
DELETE FROM `form_fields` WHERE `id` = 'CAN-999-999-000-999-1037';
INSERT INTO `form_fields` (`id`, `model`, `field`, `language_label`, `language_tag`, `type`, `setting`, `default`, `language_help`, `created`, `created_by`, `modified`, `modified_by`) VALUES ('CAN-999-999-000-999-1037', 'SampleDetail', 'collected_volume_unit', '', '', 'select', '', '', '', '0000-00-00 00:00:00', '', '0000-00-00 00:00:00', '');

DELETE FROM `form_validations` WHERE `form_field_id` = 'CAN-999-999-000-999-1029';
INSERT INTO `form_validations` (`id`, `form_field_id`, `expression`, `message`, `created`, `created_by`, `modified`, `modifed_by`) VALUES (NULL, 'CAN-999-999-000-999-1029', '/.+/', '', '0000-00-00 00:00:00', '', '0000-00-00 00:00:00', '');
DELETE FROM `form_validations` WHERE `form_field_id` = 'CAN-999-999-000-999-1036';
INSERT INTO `form_validations` (`id`, `form_field_id`, `expression`, `message`, `created`, `created_by`, `modified`, `modifed_by`) VALUES (NULL, 'CAN-999-999-000-999-1036', '/^\\d*([\\.]\\d*)?$/', 'volume should be a positif decimal', '0000-00-00 00:00:00', '', '0000-00-00 00:00:00', '');

DELETE FROM `global_lookups` WHERE `alias` IN ('specimen_supplier_dept', 'sample_volume_unit');
INSERT INTO `global_lookups` (`id`, `alias`, `section`, `subsection`, `value`, `language_choice`, `display_order`, `active`, `created`, `created_by`, `modified`, `modified_by`) VALUES 
(NULL, 'specimen_supplier_dept', NULL, NULL, 'clinic', 'clinic', 1, 'yes', NULL, NULL, NULL, NULL),
(NULL, 'specimen_supplier_dept', NULL, NULL, 'pathology dept', 'pathology dept', 2, 'yes', NULL, NULL, NULL, NULL),
(NULL, 'specimen_supplier_dept', NULL, NULL, 'operating room', 'operating room', 3, 'yes', NULL, NULL, NULL, NULL),
(NULL, 'specimen_supplier_dept', NULL, NULL, 'other', 'other', 40, 'yes', NULL, NULL, NULL, NULL),

(NULL, 'sample_volume_unit', NULL, NULL, 'ml', 'ml', 1, 'yes', NULL, NULL, NULL, NULL),
(NULL, 'sample_volume_unit', NULL, NULL, 'ul', 'ul', 2, 'yes', NULL, NULL, NULL, NULL);

DELETE FROM `form_fields_global_lookups` WHERE `field_id` IN ('CAN-999-999-000-999-1032',
'CAN-999-999-000-999-1029', 'CAN-999-999-000-999-1037');
INSERT INTO `form_fields_global_lookups` ( `field_id` , `lookup_id`)
VALUES 
('CAN-999-999-000-999-1032', (SELECT `id` FROM `global_lookups` WHERE `alias` LIKE 'specimen_supplier_dept' AND `value` like 'clinic')), 
('CAN-999-999-000-999-1032', (SELECT `id` FROM `global_lookups` WHERE `alias` LIKE 'specimen_supplier_dept' AND `value` like 'pathology dept')), 
('CAN-999-999-000-999-1032', (SELECT `id` FROM `global_lookups` WHERE `alias` LIKE 'specimen_supplier_dept' AND `value` like 'operating room')), 
('CAN-999-999-000-999-1032', (SELECT `id` FROM `global_lookups` WHERE `alias` LIKE 'specimen_supplier_dept' AND `value` like 'other')),
('CAN-999-999-000-999-1029', (SELECT `id` FROM `global_lookups` WHERE `alias` LIKE 'yesno' AND `value` like 'yes')),
('CAN-999-999-000-999-1029', (SELECT `id` FROM `global_lookups` WHERE `alias` LIKE 'yesno' AND `value` like 'no')),

('CAN-999-999-000-999-1037', (SELECT `id` FROM `global_lookups` WHERE `alias` LIKE 'sample_volume_unit' AND `value` like 'ml')),
('CAN-999-999-000-999-1037', (SELECT `id` FROM `global_lookups` WHERE `alias` LIKE 'sample_volume_unit' AND `value` like 'ul'));

DELETE FROM `form_formats` WHERE `form_id` = 'CAN-999-999-000-999-1007';
INSERT INTO `form_formats` (`id`, `form_id`, `field_id`, `display_column`, `display_order`, `language_heading`, `flag_override_label`, `language_label`, `flag_override_tag`, `language_tag`, `flag_override_help`, `language_help`, `flag_override_type`, `type`, `flag_override_setting`, `setting`, `flag_override_default`, `default`, `flag_add`, `flag_add_readonly`, `flag_edit`, `flag_edit_readonly`, `flag_search`, `flag_search_readonly`, `flag_datagrid`, `flag_datagrid_readonly`, `flag_index`, `flag_detail`, `created`, `created_by`, `modified`, `modified_by`) VALUES ('CAN-999-999-000-999-1007_CAN-999-999-000-999-1016', 'CAN-999-999-000-999-1007', 'CAN-999-999-000-999-1016', '0', '1', '', '0', '', '0', '', '0', '', '0', '', '0', '', '0', '', '0', '1', '1', '1', '1', '1', '0', '1', '1', '1', '0000-00-00 00:00:00', '', '0000-00-00 00:00:00', '');
INSERT INTO `form_formats` (`id`, `form_id`, `field_id`, `display_column`, `display_order`, `language_heading`, `flag_override_label`, `language_label`, `flag_override_tag`, `language_tag`, `flag_override_help`, `language_help`, `flag_override_type`, `type`, `flag_override_setting`, `setting`, `flag_override_default`, `default`, `flag_add`, `flag_add_readonly`, `flag_edit`, `flag_edit_readonly`, `flag_search`, `flag_search_readonly`, `flag_datagrid`, `flag_datagrid_readonly`, `flag_index`, `flag_detail`, `created`, `created_by`, `modified`, `modified_by`) VALUES ('CAN-999-999-000-999-1007_CAN-999-999-000-999-1018', 'CAN-999-999-000-999-1007', 'CAN-999-999-000-999-1018', '0', '3', '', '0', '', '0', '', '0', '', '0', '', '0', '', '0', '', '1', '1', '1', '1', '0', '1', '0', '1', '1', '1', '0000-00-00 00:00:00', '', '0000-00-00 00:00:00', '');
INSERT INTO `form_formats` (`id`, `form_id`, `field_id`, `display_column`, `display_order`, `language_heading`, `flag_override_label`, `language_label`, `flag_override_tag`, `language_tag`, `flag_override_help`, `language_help`, `flag_override_type`, `type`, `flag_override_setting`, `setting`, `flag_override_default`, `default`, `flag_add`, `flag_add_readonly`, `flag_edit`, `flag_edit_readonly`, `flag_search`, `flag_search_readonly`, `flag_datagrid`, `flag_datagrid_readonly`, `flag_index`, `flag_detail`, `created`, `created_by`, `modified`, `modified_by`) VALUES ('CAN-999-999-000-999-1007_CAN-999-999-000-999-1027', 'CAN-999-999-000-999-1007', 'CAN-999-999-000-999-1027', '0', '4', '', '0', '', '0', '', '0', '', '0', '', '0', '', '0', '', '1', '1', '1', '1', '0', '1', '0', '1', '1', '1', '0000-00-00 00:00:00', '', '0000-00-00 00:00:00', '');
INSERT INTO `form_formats` (`id`, `form_id`, `field_id`, `display_column`, `display_order`, `language_heading`, `flag_override_label`, `language_label`, `flag_override_tag`, `language_tag`, `flag_override_help`, `language_help`, `flag_override_type`, `type`, `flag_override_setting`, `setting`, `flag_override_default`, `default`, `flag_add`, `flag_add_readonly`, `flag_edit`, `flag_edit_readonly`, `flag_search`, `flag_search_readonly`, `flag_datagrid`, `flag_datagrid_readonly`, `flag_index`, `flag_detail`, `created`, `created_by`, `modified`, `modified_by`) VALUES ('CAN-999-999-000-999-1007_CAN-999-999-000-999-1030', 'CAN-999-999-000-999-1007', 'CAN-999-999-000-999-1030', '0', '11', '', '0', '', '0', '', '0', '', '0', '', '0', '', '0', '', '1', '0', '1', '0', '0', '0', '0', '0', '0', '1', '0000-00-00 00:00:00', '', '0000-00-00 00:00:00', '');
INSERT INTO `form_formats` (`id`, `form_id`, `field_id`, `display_column`, `display_order`, `language_heading`, `flag_override_label`, `language_label`, `flag_override_tag`, `language_tag`, `flag_override_help`, `language_help`, `flag_override_type`, `type`, `flag_override_setting`, `setting`, `flag_override_default`, `default`, `flag_add`, `flag_add_readonly`, `flag_edit`, `flag_edit_readonly`, `flag_search`, `flag_search_readonly`, `flag_datagrid`, `flag_datagrid_readonly`, `flag_index`, `flag_detail`, `created`, `created_by`, `modified`, `modified_by`) VALUES ('CAN-999-999-000-999-1007_CAN-999-999-000-999-1031', 'CAN-999-999-000-999-1007', 'CAN-999-999-000-999-1031', '0', '10', '', '0', '', '0', '', '0', '', '0', '', '0', '', '0', '', '1', '0', '1', '0', '0', '0', '0', '0', '0', '1', '0000-00-00 00:00:00', '', '0000-00-00 00:00:00', '');
INSERT INTO `form_formats` (`id`, `form_id`, `field_id`, `display_column`, `display_order`, `language_heading`, `flag_override_label`, `language_label`, `flag_override_tag`, `language_tag`, `flag_override_help`, `language_help`, `flag_override_type`, `type`, `flag_override_setting`, `setting`, `flag_override_default`, `default`, `flag_add`, `flag_add_readonly`, `flag_edit`, `flag_edit_readonly`, `flag_search`, `flag_search_readonly`, `flag_datagrid`, `flag_datagrid_readonly`, `flag_index`, `flag_detail`, `created`, `created_by`, `modified`, `modified_by`) VALUES ('CAN-999-999-000-999-1007_CAN-999-999-000-999-1029', 'CAN-999-999-000-999-1007', 'CAN-999-999-000-999-1029', '0', '20', '', '0', '', '0', '', '0', '', '0', '', '0', '', '0', '', '1', '0', '1', '0', '0', '0', '0', '0', '0', '1', '0000-00-00 00:00:00', '', '0000-00-00 00:00:00', '');
INSERT INTO `form_formats` (`id`, `form_id`, `field_id`, `display_column`, `display_order`, `language_heading`, `flag_override_label`, `language_label`, `flag_override_tag`, `language_tag`, `flag_override_help`, `language_help`, `flag_override_type`, `type`, `flag_override_setting`, `setting`, `flag_override_default`, `default`, `flag_add`, `flag_add_readonly`, `flag_edit`, `flag_edit_readonly`, `flag_search`, `flag_search_readonly`, `flag_datagrid`, `flag_datagrid_readonly`, `flag_index`, `flag_detail`, `created`, `created_by`, `modified`, `modified_by`) VALUES ('CAN-999-999-000-999-1007_CAN-999-999-000-999-1022', 'CAN-999-999-000-999-1007', 'CAN-999-999-000-999-1022', '0', '21', '', '0', '', '0', '', '0', '', '0', '', '0', '', '0', '', '1', '0', '1', '0', '0', '0', '0', '0', '0', '1', '0000-00-00 00:00:00', '', '0000-00-00 00:00:00', '');
INSERT INTO `form_formats` (`id`, `form_id`, `field_id`, `display_column`, `display_order`, `language_heading`, `flag_override_label`, `language_label`, `flag_override_tag`, `language_tag`, `flag_override_help`, `language_help`, `flag_override_type`, `type`, `flag_override_setting`, `setting`, `flag_override_default`, `default`, `flag_add`, `flag_add_readonly`, `flag_edit`, `flag_edit_readonly`, `flag_search`, `flag_search_readonly`, `flag_datagrid`, `flag_datagrid_readonly`, `flag_index`, `flag_detail`, `created`, `created_by`, `modified`, `modified_by`) VALUES ('CAN-999-999-000-999-1007_CAN-999-999-000-999-1032', 'CAN-999-999-000-999-1007', 'CAN-999-999-000-999-1032', '1', '30', '', '0', '', '0', '', '0', '', '0', '', '0', '', '0', '', '1', '0', '1', '0', '0', '0', '0', '0', '0', '1', '0000-00-00 00:00:00', '', '0000-00-00 00:00:00', '');
INSERT INTO `form_formats` (`id`, `form_id`, `field_id`, `display_column`, `display_order`, `language_heading`, `flag_override_label`, `language_label`, `flag_override_tag`, `language_tag`, `flag_override_help`, `language_help`, `flag_override_type`, `type`, `flag_override_setting`, `setting`, `flag_override_default`, `default`, `flag_add`, `flag_add_readonly`, `flag_edit`, `flag_edit_readonly`, `flag_search`, `flag_search_readonly`, `flag_datagrid`, `flag_datagrid_readonly`, `flag_index`, `flag_detail`, `created`, `created_by`, `modified`, `modified_by`) VALUES ('CAN-999-999-000-999-1007_CAN-999-999-000-999-1036', 'CAN-999-999-000-999-1007', 'CAN-999-999-000-999-1036', '1', '42', '', '0', '', '0', '', '0', '', '0', '', '0', '', '0', '', '1', '0', '1', '0', '1', '0', '0', '0', '0', '1', '0000-00-00 00:00:00', '', '0000-00-00 00:00:00', '');
INSERT INTO `form_formats` (`id`, `form_id`, `field_id`, `display_column`, `display_order`, `language_heading`, `flag_override_label`, `language_label`, `flag_override_tag`, `language_tag`, `flag_override_help`, `language_help`, `flag_override_type`, `type`, `flag_override_setting`, `setting`, `flag_override_default`, `default`, `flag_add`, `flag_add_readonly`, `flag_edit`, `flag_edit_readonly`, `flag_search`, `flag_search_readonly`, `flag_datagrid`, `flag_datagrid_readonly`, `flag_index`, `flag_detail`, `created`, `created_by`, `modified`, `modified_by`) VALUES ('CAN-999-999-000-999-1007_CAN-999-999-000-999-1037', 'CAN-999-999-000-999-1007', 'CAN-999-999-000-999-1037', '1', '43', '', '0', '', '0', '', '0', '', '0', '', '0', '', '0', '', '1', '0', '1', '0', '1', '0', '0', '0', '0', '1', '0000-00-00 00:00:00', '', '0000-00-00 00:00:00', '');

-- ------------------------------------------------------------------------
-- alias = sd_spe_bloods
-- ------------------------------------------------------------------------

DELETE FROM `forms` WHERE `alias` = 'sd_spe_bloods';
INSERT INTO `forms` (`id`, `alias`, `language_title`, `language_help`, `flag_add_columns`, `flag_edit_columns`, `flag_search_columns`, `flag_detail_columns`, `created`, `created_by`, `modified`, `modified_by`) VALUES ('CAN-999-999-000-999-1006', 'sd_spe_bloods', '', '', '0', '0', '0', '1', '0000-00-00 00:00:00', '', '0000-00-00 00:00:00', '');

DELETE FROM `form_fields` WHERE `id` = 'CAN-999-999-000-999-1035';
INSERT INTO `form_fields` (`id`, `model`, `field`, `language_label`, `language_tag`, `type`, `setting`, `default`, `language_help`, `created`, `created_by`, `modified`, `modified_by`) VALUES ('CAN-999-999-000-999-1035', 'SampleDetail', 'type', 'blood tube type', '', 'select', '', '', '', '0000-00-00 00:00:00', '', '0000-00-00 00:00:00', '');
DELETE FROM `form_fields` WHERE `id` = 'CAN-999-999-000-999-1038';
INSERT INTO `form_fields` (`id`, `model`, `field`, `language_label`, `language_tag`, `type`, `setting`, `default`, `language_help`, `created`, `created_by`, `modified`, `modified_by`) VALUES ('CAN-999-999-000-999-1038', 'SampleDetail', 'collected_tube_nbr', 'collected tubes nbr', '', 'input', 'size=4', '', '', '0000-00-00 00:00:00', '', '0000-00-00 00:00:00', '');

DELETE FROM `form_validations` WHERE `form_field_id` = 'CAN-999-999-000-999-1038';
INSERT INTO `form_validations` (`id`, `form_field_id`, `expression`, `message`, `created`, `created_by`, `modified`, `modifed_by`) VALUES (NULL, 'CAN-999-999-000-999-1038', '/^\\d*([\\.]\\d*)?$/', 'number should be a positif decimal', '0000-00-00 00:00:00', '', '0000-00-00 00:00:00', '');

DELETE FROM `global_lookups` WHERE `alias` IN ('blood_type');
INSERT INTO `global_lookups` (`id`, `alias`, `section`, `subsection`, `value`, `language_choice`, `display_order`, `active`, `created`, `created_by`, `modified`, `modified_by`) VALUES 
(NULL, 'blood_type', NULL, NULL, 'unknown', 'unknown', 1, 'yes', NULL, NULL, NULL, NULL),
(NULL, 'blood_type', NULL, NULL, 'EDTA', 'EDTA', 2, 'yes', NULL, NULL, NULL, NULL),
(NULL, 'blood_type', NULL, NULL, 'gel CSA', 'gel CSA', 3, 'yes', NULL, NULL, NULL, NULL),
(NULL, 'blood_type', NULL, NULL, 'heparine', 'heparine', 2, 'yes', NULL, NULL, NULL, NULL),
(NULL, 'blood_type', NULL, NULL, 'paxgene', 'paxgene', 2, 'yes', NULL, NULL, NULL, NULL),
(NULL, 'blood_type', NULL, NULL, 'ZCSA', 'ZCSA', 4, 'yes', NULL, NULL, NULL, NULL);

DELETE FROM `form_fields_global_lookups` WHERE `field_id` IN ('CAN-999-999-000-999-1035');
INSERT INTO `form_fields_global_lookups` ( `field_id` , `lookup_id`)
VALUES 
('CAN-999-999-000-999-1035', (SELECT `id` FROM `global_lookups` WHERE `alias` LIKE 'blood_type' AND `value` like 'unknown')), 
('CAN-999-999-000-999-1035', (SELECT `id` FROM `global_lookups` WHERE `alias` LIKE 'blood_type' AND `value` like 'EDTA')), 
('CAN-999-999-000-999-1035', (SELECT `id` FROM `global_lookups` WHERE `alias` LIKE 'blood_type' AND `value` like 'gel CSA')), 
('CAN-999-999-000-999-1035', (SELECT `id` FROM `global_lookups` WHERE `alias` LIKE 'blood_type' AND `value` like 'heparine')), 
('CAN-999-999-000-999-1035', (SELECT `id` FROM `global_lookups` WHERE `alias` LIKE 'blood_type' AND `value` like 'paxgene')), 
('CAN-999-999-000-999-1035', (SELECT `id` FROM `global_lookups` WHERE `alias` LIKE 'blood_type' AND `value` like 'ZCSA'));

DELETE FROM `form_formats` WHERE `form_id` = 'CAN-999-999-000-999-1006';
INSERT INTO `form_formats` (`id`, `form_id`, `field_id`, `display_column`, `display_order`, `language_heading`, `flag_override_label`, `language_label`, `flag_override_tag`, `language_tag`, `flag_override_help`, `language_help`, `flag_override_type`, `type`, `flag_override_setting`, `setting`, `flag_override_default`, `default`, `flag_add`, `flag_add_readonly`, `flag_edit`, `flag_edit_readonly`, `flag_search`, `flag_search_readonly`, `flag_datagrid`, `flag_datagrid_readonly`, `flag_index`, `flag_detail`, `created`, `created_by`, `modified`, `modified_by`) VALUES ('CAN-999-999-000-999-1006_CAN-999-999-000-999-1016', 'CAN-999-999-000-999-1006', 'CAN-999-999-000-999-1016', '0', '1', '', '0', '', '0', '', '0', '', '0', '', '0', '', '0', '', '0', '1', '1', '1', '1', '1', '0', '1', '1', '1', '0000-00-00 00:00:00', '', '0000-00-00 00:00:00', '');
INSERT INTO `form_formats` (`id`, `form_id`, `field_id`, `display_column`, `display_order`, `language_heading`, `flag_override_label`, `language_label`, `flag_override_tag`, `language_tag`, `flag_override_help`, `language_help`, `flag_override_type`, `type`, `flag_override_setting`, `setting`, `flag_override_default`, `default`, `flag_add`, `flag_add_readonly`, `flag_edit`, `flag_edit_readonly`, `flag_search`, `flag_search_readonly`, `flag_datagrid`, `flag_datagrid_readonly`, `flag_index`, `flag_detail`, `created`, `created_by`, `modified`, `modified_by`) VALUES ('CAN-999-999-000-999-1006_CAN-999-999-000-999-1018', 'CAN-999-999-000-999-1006', 'CAN-999-999-000-999-1018', '0', '3', '', '0', '', '0', '', '0', '', '0', '', '0', '', '0', '', '1', '1', '1', '1', '0', '1', '0', '1', '1', '1', '0000-00-00 00:00:00', '', '0000-00-00 00:00:00', '');
INSERT INTO `form_formats` (`id`, `form_id`, `field_id`, `display_column`, `display_order`, `language_heading`, `flag_override_label`, `language_label`, `flag_override_tag`, `language_tag`, `flag_override_help`, `language_help`, `flag_override_type`, `type`, `flag_override_setting`, `setting`, `flag_override_default`, `default`, `flag_add`, `flag_add_readonly`, `flag_edit`, `flag_edit_readonly`, `flag_search`, `flag_search_readonly`, `flag_datagrid`, `flag_datagrid_readonly`, `flag_index`, `flag_detail`, `created`, `created_by`, `modified`, `modified_by`) VALUES ('CAN-999-999-000-999-1006_CAN-999-999-000-999-1027', 'CAN-999-999-000-999-1006', 'CAN-999-999-000-999-1027', '0', '4', '', '0', '', '0', '', '0', '', '0', '', '0', '', '0', '', '1', '1', '1', '1', '0', '1', '0', '1', '1', '1', '0000-00-00 00:00:00', '', '0000-00-00 00:00:00', '');
INSERT INTO `form_formats` (`id`, `form_id`, `field_id`, `display_column`, `display_order`, `language_heading`, `flag_override_label`, `language_label`, `flag_override_tag`, `language_tag`, `flag_override_help`, `language_help`, `flag_override_type`, `type`, `flag_override_setting`, `setting`, `flag_override_default`, `default`, `flag_add`, `flag_add_readonly`, `flag_edit`, `flag_edit_readonly`, `flag_search`, `flag_search_readonly`, `flag_datagrid`, `flag_datagrid_readonly`, `flag_index`, `flag_detail`, `created`, `created_by`, `modified`, `modified_by`) VALUES ('CAN-999-999-000-999-1006_CAN-999-999-000-999-1030', 'CAN-999-999-000-999-1006', 'CAN-999-999-000-999-1030', '0', '11', '', '0', '', '0', '', '0', '', '0', '', '0', '', '0', '', '1', '0', '1', '0', '0', '0', '0', '0', '0', '1', '0000-00-00 00:00:00', '', '0000-00-00 00:00:00', '');
INSERT INTO `form_formats` (`id`, `form_id`, `field_id`, `display_column`, `display_order`, `language_heading`, `flag_override_label`, `language_label`, `flag_override_tag`, `language_tag`, `flag_override_help`, `language_help`, `flag_override_type`, `type`, `flag_override_setting`, `setting`, `flag_override_default`, `default`, `flag_add`, `flag_add_readonly`, `flag_edit`, `flag_edit_readonly`, `flag_search`, `flag_search_readonly`, `flag_datagrid`, `flag_datagrid_readonly`, `flag_index`, `flag_detail`, `created`, `created_by`, `modified`, `modified_by`) VALUES ('CAN-999-999-000-999-1006_CAN-999-999-000-999-1031', 'CAN-999-999-000-999-1006', 'CAN-999-999-000-999-1031', '0', '10', '', '0', '', '0', '', '0', '', '0', '', '0', '', '0', '', '1', '0', '1', '0', '0', '0', '0', '0', '0', '1', '0000-00-00 00:00:00', '', '0000-00-00 00:00:00', '');
INSERT INTO `form_formats` (`id`, `form_id`, `field_id`, `display_column`, `display_order`, `language_heading`, `flag_override_label`, `language_label`, `flag_override_tag`, `language_tag`, `flag_override_help`, `language_help`, `flag_override_type`, `type`, `flag_override_setting`, `setting`, `flag_override_default`, `default`, `flag_add`, `flag_add_readonly`, `flag_edit`, `flag_edit_readonly`, `flag_search`, `flag_search_readonly`, `flag_datagrid`, `flag_datagrid_readonly`, `flag_index`, `flag_detail`, `created`, `created_by`, `modified`, `modified_by`) VALUES ('CAN-999-999-000-999-1006_CAN-999-999-000-999-1029', 'CAN-999-999-000-999-1006', 'CAN-999-999-000-999-1029', '0', '20', '', '0', '', '0', '', '0', '', '0', '', '0', '', '0', '', '1', '0', '1', '0', '0', '0', '0', '0', '0', '1', '0000-00-00 00:00:00', '', '0000-00-00 00:00:00', '');
INSERT INTO `form_formats` (`id`, `form_id`, `field_id`, `display_column`, `display_order`, `language_heading`, `flag_override_label`, `language_label`, `flag_override_tag`, `language_tag`, `flag_override_help`, `language_help`, `flag_override_type`, `type`, `flag_override_setting`, `setting`, `flag_override_default`, `default`, `flag_add`, `flag_add_readonly`, `flag_edit`, `flag_edit_readonly`, `flag_search`, `flag_search_readonly`, `flag_datagrid`, `flag_datagrid_readonly`, `flag_index`, `flag_detail`, `created`, `created_by`, `modified`, `modified_by`) VALUES ('CAN-999-999-000-999-1006_CAN-999-999-000-999-1022', 'CAN-999-999-000-999-1006', 'CAN-999-999-000-999-1022', '0', '21', '', '0', '', '0', '', '0', '', '0', '', '0', '', '0', '', '1', '0', '1', '0', '0', '0', '0', '0', '0', '1', '0000-00-00 00:00:00', '', '0000-00-00 00:00:00', '');
INSERT INTO `form_formats` (`id`, `form_id`, `field_id`, `display_column`, `display_order`, `language_heading`, `flag_override_label`, `language_label`, `flag_override_tag`, `language_tag`, `flag_override_help`, `language_help`, `flag_override_type`, `type`, `flag_override_setting`, `setting`, `flag_override_default`, `default`, `flag_add`, `flag_add_readonly`, `flag_edit`, `flag_edit_readonly`, `flag_search`, `flag_search_readonly`, `flag_datagrid`, `flag_datagrid_readonly`, `flag_index`, `flag_detail`, `created`, `created_by`, `modified`, `modified_by`) VALUES ('CAN-999-999-000-999-1006_CAN-999-999-000-999-1032', 'CAN-999-999-000-999-1006', 'CAN-999-999-000-999-1032', '1', '30', '', '0', '', '0', '', '0', '', '0', '', '0', '', '0', '', '1', '0', '1', '0', '0', '0', '0', '0', '0', '1', '0000-00-00 00:00:00', '', '0000-00-00 00:00:00', '');
INSERT INTO `form_formats` (`id`, `form_id`, `field_id`, `display_column`, `display_order`, `language_heading`, `flag_override_label`, `language_label`, `flag_override_tag`, `language_tag`, `flag_override_help`, `language_help`, `flag_override_type`, `type`, `flag_override_setting`, `setting`, `flag_override_default`, `default`, `flag_add`, `flag_add_readonly`, `flag_edit`, `flag_edit_readonly`, `flag_search`, `flag_search_readonly`, `flag_datagrid`, `flag_datagrid_readonly`, `flag_index`, `flag_detail`, `created`, `created_by`, `modified`, `modified_by`) VALUES ('CAN-999-999-000-999-1006_CAN-999-999-000-999-1035', 'CAN-999-999-000-999-1006', 'CAN-999-999-000-999-1035', '1', '41', '', '0', '', '0', '', '0', '', '0', '', '0', '', '0', '', '1', '0', '1', '0', '1', '0', '0', '0', '0', '1', '0000-00-00 00:00:00', '', '0000-00-00 00:00:00', '');
INSERT INTO `form_formats` (`id`, `form_id`, `field_id`, `display_column`, `display_order`, `language_heading`, `flag_override_label`, `language_label`, `flag_override_tag`, `language_tag`, `flag_override_help`, `language_help`, `flag_override_type`, `type`, `flag_override_setting`, `setting`, `flag_override_default`, `default`, `flag_add`, `flag_add_readonly`, `flag_edit`, `flag_edit_readonly`, `flag_search`, `flag_search_readonly`, `flag_datagrid`, `flag_datagrid_readonly`, `flag_index`, `flag_detail`, `created`, `created_by`, `modified`, `modified_by`) VALUES ('CAN-999-999-000-999-1006_CAN-999-999-000-999-1036', 'CAN-999-999-000-999-1006', 'CAN-999-999-000-999-1036', '1', '42', '', '0', '', '0', '', '0', '', '0', '', '0', '', '0', '', '1', '0', '1', '0', '1', '0', '0', '0', '0', '1', '0000-00-00 00:00:00', '', '0000-00-00 00:00:00', '');
INSERT INTO `form_formats` (`id`, `form_id`, `field_id`, `display_column`, `display_order`, `language_heading`, `flag_override_label`, `language_label`, `flag_override_tag`, `language_tag`, `flag_override_help`, `language_help`, `flag_override_type`, `type`, `flag_override_setting`, `setting`, `flag_override_default`, `default`, `flag_add`, `flag_add_readonly`, `flag_edit`, `flag_edit_readonly`, `flag_search`, `flag_search_readonly`, `flag_datagrid`, `flag_datagrid_readonly`, `flag_index`, `flag_detail`, `created`, `created_by`, `modified`, `modified_by`) VALUES ('CAN-999-999-000-999-1006_CAN-999-999-000-999-1037', 'CAN-999-999-000-999-1006', 'CAN-999-999-000-999-1037', '1', '43', '', '0', '', '0', '', '0', '', '0', '', '0', '', '0', '', '1', '0', '1', '0', '1', '0', '0', '0', '0', '1', '0000-00-00 00:00:00', '', '0000-00-00 00:00:00', '');
INSERT INTO `form_formats` (`id`, `form_id`, `field_id`, `display_column`, `display_order`, `language_heading`, `flag_override_label`, `language_label`, `flag_override_tag`, `language_tag`, `flag_override_help`, `language_help`, `flag_override_type`, `type`, `flag_override_setting`, `setting`, `flag_override_default`, `default`, `flag_add`, `flag_add_readonly`, `flag_edit`, `flag_edit_readonly`, `flag_search`, `flag_search_readonly`, `flag_datagrid`, `flag_datagrid_readonly`, `flag_index`, `flag_detail`, `created`, `created_by`, `modified`, `modified_by`) VALUES ('CAN-999-999-000-999-1006_CAN-999-999-000-999-1038', 'CAN-999-999-000-999-1006', 'CAN-999-999-000-999-1038', '1', '44', '', '0', '', '0', '', '0', '', '0', '', '0', '', '0', '', '1', '0', '1', '0', '1', '0', '0', '0', '0', '1', '0000-00-00 00:00:00', '', '0000-00-00 00:00:00', '');

-- ------------------------------------------------------------------------
-- alias = sd_spe_tissues
-- ------------------------------------------------------------------------

DELETE FROM `forms` WHERE `alias` = 'sd_spe_tissues';
INSERT INTO `forms` (`id`, `alias`, `language_title`, `language_help`, `flag_add_columns`, `flag_edit_columns`, `flag_search_columns`, `flag_detail_columns`, `created`, `created_by`, `modified`, `modified_by`) VALUES ('CAN-999-999-000-999-1008', 'sd_spe_tissues', '', '', '0', '0', '0', '1', '0000-00-00 00:00:00', '', '0000-00-00 00:00:00', '');

DELETE FROM `form_fields` WHERE `id` = 'CAN-999-999-000-999-1040';
INSERT INTO `form_fields` (`id`, `model`, `field`, `language_label`, `language_tag`, `type`, `setting`, `default`, `language_help`, `created`, `created_by`, `modified`, `modified_by`) VALUES ('CAN-999-999-000-999-1040', 'SampleDetail', 'tissue_source', 'tissue source', '', 'select', '', '', '', '0000-00-00 00:00:00', '', '0000-00-00 00:00:00', '');
DELETE FROM `form_fields` WHERE `id` = 'CAN-999-999-000-999-1041';
INSERT INTO `form_fields` (`id`, `model`, `field`, `language_label`, `language_tag`, `type`, `setting`, `default`, `language_help`, `created`, `created_by`, `modified`, `modified_by`) VALUES ('CAN-999-999-000-999-1041', 'SampleDetail', 'nature', 'tissue nature', '', 'select', '', '', '', '0000-00-00 00:00:00', '', '0000-00-00 00:00:00', '');
DELETE FROM `form_fields` WHERE `id` = 'CAN-999-999-000-999-1043';
INSERT INTO `form_fields` (`id`, `model`, `field`, `language_label`, `language_tag`, `type`, `setting`, `default`, `language_help`, `created`, `created_by`, `modified`, `modified_by`) VALUES ('CAN-999-999-000-999-1043', 'SampleDetail', 'laterality', 'tissue laterality', '', 'select', '', '', '', '0000-00-00 00:00:00', '', '0000-00-00 00:00:00', '');
DELETE FROM `form_fields` WHERE `id` = 'CAN-999-999-000-999-1044';
INSERT INTO `form_fields` (`id`, `model`, `field`, `language_label`, `language_tag`, `type`, `setting`, `default`, `language_help`, `created`, `created_by`, `modified`, `modified_by`) VALUES ('CAN-999-999-000-999-1044', 'SampleDetail', 'pathology_reception_datetime', 'date of reception in pathology', '', 'datetime', '', '', '', '0000-00-00 00:00:00', '', '0000-00-00 00:00:00', '');
DELETE FROM `form_fields` WHERE `id` = 'CAN-999-999-000-999-1045';
INSERT INTO `form_fields` (`id`, `model`, `field`, `language_label`, `language_tag`, `type`, `setting`, `default`, `language_help`, `created`, `created_by`, `modified`, `modified_by`) VALUES ('CAN-999-999-000-999-1045', 'SampleDetail', 'size', 'received tissue size', '', 'input', 'size=20', '', '', '0000-00-00 00:00:00', '', '0000-00-00 00:00:00', '');

DELETE FROM `global_lookups` WHERE `alias` IN ('tissue_source', 'tissue_laterality',
'tissue_nature');
INSERT INTO `global_lookups` (`id`, `alias`, `section`, `subsection`, `value`, `language_choice`, `display_order`, `active`, `created`, `created_by`, `modified`, `modified_by`) VALUES 
(NULL, 'tissue_source', NULL, NULL, 'brain', 'brain', 0, 'yes', NULL, NULL, NULL, NULL),
(NULL, 'tissue_source', NULL, NULL, 'breast', 'breast', 1, 'yes', NULL, NULL, NULL, NULL),
(NULL, 'tissue_source', NULL, NULL, 'lung', 'lung', 2, 'yes', NULL, NULL, NULL, NULL),
(NULL, 'tissue_source', NULL, NULL, 'intestine', 'intestine', 3, 'yes', NULL, NULL, NULL, NULL),
(NULL, 'tissue_source', NULL, NULL, 'ovary', 'ovary', 4, 'yes', NULL, NULL, NULL, NULL),
(NULL, 'tissue_source', NULL, NULL, 'prostate', 'prostate', 5, 'yes', NULL, NULL, NULL, NULL),
(NULL, 'tissue_source', NULL, NULL, 'skin', 'skin', 6, 'yes', NULL, NULL, NULL, NULL),
(NULL, 'tissue_source', NULL, NULL, 'unknown', 'unknown', 7, 'yes', NULL, NULL, NULL, NULL),

(NULL, 'tissue_nature', NULL, NULL, 'benign', 'benign', 1, 'yes', NULL, NULL, NULL, NULL),
(NULL, 'tissue_nature', NULL, NULL, 'malignant', 'malignant', 2, 'yes', NULL, NULL, NULL, NULL),
(NULL, 'tissue_nature', NULL, NULL, 'metastatic', 'metastatic', 3, 'yes', NULL, NULL, NULL, NULL),
(NULL, 'tissue_nature', NULL, NULL, 'normal', 'normal', 4, 'yes', NULL, NULL, NULL, NULL),
(NULL, 'tissue_nature', NULL, NULL, 'unknown', 'unknown', 5, 'yes', NULL, NULL, NULL, NULL),

(NULL, 'tissue_laterality', NULL, NULL, 'left', 'left', 1, 'yes', NULL, NULL, NULL, NULL),
(NULL, 'tissue_laterality', NULL, NULL, 'right', 'right', 2, 'yes', NULL, NULL, NULL, NULL),
(NULL, 'tissue_laterality', NULL, NULL, 'unknown', 'unknown', 3, 'yes', NULL, NULL, NULL, NULL);


DELETE FROM `form_fields_global_lookups` WHERE `field_id` IN ('CAN-999-999-000-999-1040',
'CAN-999-999-000-999-1041', 'CAN-999-999-000-999-1043');
INSERT INTO `form_fields_global_lookups` ( `field_id` , `lookup_id`)
VALUES 
('CAN-999-999-000-999-1040', (SELECT `id` FROM `global_lookups` WHERE `alias` LIKE 'tissue_source' AND `value` like 'brain')), 
('CAN-999-999-000-999-1040', (SELECT `id` FROM `global_lookups` WHERE `alias` LIKE 'tissue_source' AND `value` like 'breast')), 
('CAN-999-999-000-999-1040', (SELECT `id` FROM `global_lookups` WHERE `alias` LIKE 'tissue_source' AND `value` like 'lung')), 
('CAN-999-999-000-999-1040', (SELECT `id` FROM `global_lookups` WHERE `alias` LIKE 'tissue_source' AND `value` like 'intestine')), 
('CAN-999-999-000-999-1040', (SELECT `id` FROM `global_lookups` WHERE `alias` LIKE 'tissue_source' AND `value` like 'ovary')), 
('CAN-999-999-000-999-1040', (SELECT `id` FROM `global_lookups` WHERE `alias` LIKE 'tissue_source' AND `value` like 'prostate')), 
('CAN-999-999-000-999-1040', (SELECT `id` FROM `global_lookups` WHERE `alias` LIKE 'tissue_source' AND `value` like 'skin')),  
('CAN-999-999-000-999-1040', (SELECT `id` FROM `global_lookups` WHERE `alias` LIKE 'tissue_source' AND `value` like 'unknown')),

('CAN-999-999-000-999-1041', (SELECT `id` FROM `global_lookups` WHERE `alias` LIKE 'tissue_nature' AND `value` like 'benign')),
('CAN-999-999-000-999-1041', (SELECT `id` FROM `global_lookups` WHERE `alias` LIKE 'tissue_nature' AND `value` like 'malignant')),
('CAN-999-999-000-999-1041', (SELECT `id` FROM `global_lookups` WHERE `alias` LIKE 'tissue_nature' AND `value` like 'metastatic')),
('CAN-999-999-000-999-1041', (SELECT `id` FROM `global_lookups` WHERE `alias` LIKE 'tissue_nature' AND `value` like 'normal')),
('CAN-999-999-000-999-1041', (SELECT `id` FROM `global_lookups` WHERE `alias` LIKE 'tissue_nature' AND `value` like 'unknown')),

('CAN-999-999-000-999-1043', (SELECT `id` FROM `global_lookups` WHERE `alias` LIKE 'tissue_laterality' AND `value` like 'left')),
('CAN-999-999-000-999-1043', (SELECT `id` FROM `global_lookups` WHERE `alias` LIKE 'tissue_laterality' AND `value` like 'right')),
('CAN-999-999-000-999-1043', (SELECT `id` FROM `global_lookups` WHERE `alias` LIKE 'tissue_laterality' AND `value` like 'unknown'));

DELETE FROM `form_formats` WHERE `form_id` = 'CAN-999-999-000-999-1008';
INSERT INTO `form_formats` (`id`, `form_id`, `field_id`, `display_column`, `display_order`, `language_heading`, `flag_override_label`, `language_label`, `flag_override_tag`, `language_tag`, `flag_override_help`, `language_help`, `flag_override_type`, `type`, `flag_override_setting`, `setting`, `flag_override_default`, `default`, `flag_add`, `flag_add_readonly`, `flag_edit`, `flag_edit_readonly`, `flag_search`, `flag_search_readonly`, `flag_datagrid`, `flag_datagrid_readonly`, `flag_index`, `flag_detail`, `created`, `created_by`, `modified`, `modified_by`) VALUES ('CAN-999-999-000-999-1008_CAN-999-999-000-999-1016', 'CAN-999-999-000-999-1008', 'CAN-999-999-000-999-1016', '0', '1', '', '0', '', '0', '', '0', '', '0', '', '0', '', '0', '', '0', '1', '1', '1', '1', '1', '0', '1', '1', '1', '0000-00-00 00:00:00', '', '0000-00-00 00:00:00', '');
INSERT INTO `form_formats` (`id`, `form_id`, `field_id`, `display_column`, `display_order`, `language_heading`, `flag_override_label`, `language_label`, `flag_override_tag`, `language_tag`, `flag_override_help`, `language_help`, `flag_override_type`, `type`, `flag_override_setting`, `setting`, `flag_override_default`, `default`, `flag_add`, `flag_add_readonly`, `flag_edit`, `flag_edit_readonly`, `flag_search`, `flag_search_readonly`, `flag_datagrid`, `flag_datagrid_readonly`, `flag_index`, `flag_detail`, `created`, `created_by`, `modified`, `modified_by`) VALUES ('CAN-999-999-000-999-1008_CAN-999-999-000-999-1018', 'CAN-999-999-000-999-1008', 'CAN-999-999-000-999-1018', '0', '3', '', '0', '', '0', '', '0', '', '0', '', '0', '', '0', '', '1', '1', '1', '1', '0', '1', '0', '1', '1', '1', '0000-00-00 00:00:00', '', '0000-00-00 00:00:00', '');
INSERT INTO `form_formats` (`id`, `form_id`, `field_id`, `display_column`, `display_order`, `language_heading`, `flag_override_label`, `language_label`, `flag_override_tag`, `language_tag`, `flag_override_help`, `language_help`, `flag_override_type`, `type`, `flag_override_setting`, `setting`, `flag_override_default`, `default`, `flag_add`, `flag_add_readonly`, `flag_edit`, `flag_edit_readonly`, `flag_search`, `flag_search_readonly`, `flag_datagrid`, `flag_datagrid_readonly`, `flag_index`, `flag_detail`, `created`, `created_by`, `modified`, `modified_by`) VALUES ('CAN-999-999-000-999-1008_CAN-999-999-000-999-1027', 'CAN-999-999-000-999-1008', 'CAN-999-999-000-999-1027', '0', '4', '', '0', '', '0', '', '0', '', '0', '', '0', '', '0', '', '1', '1', '1', '1', '0', '1', '0', '1', '1', '1', '0000-00-00 00:00:00', '', '0000-00-00 00:00:00', '');
INSERT INTO `form_formats` (`id`, `form_id`, `field_id`, `display_column`, `display_order`, `language_heading`, `flag_override_label`, `language_label`, `flag_override_tag`, `language_tag`, `flag_override_help`, `language_help`, `flag_override_type`, `type`, `flag_override_setting`, `setting`, `flag_override_default`, `default`, `flag_add`, `flag_add_readonly`, `flag_edit`, `flag_edit_readonly`, `flag_search`, `flag_search_readonly`, `flag_datagrid`, `flag_datagrid_readonly`, `flag_index`, `flag_detail`, `created`, `created_by`, `modified`, `modified_by`) VALUES ('CAN-999-999-000-999-1008_CAN-999-999-000-999-1030', 'CAN-999-999-000-999-1008', 'CAN-999-999-000-999-1030', '0', '11', '', '0', '', '0', '', '0', '', '0', '', '0', '', '0', '', '1', '0', '1', '0', '0', '0', '0', '0', '0', '1', '0000-00-00 00:00:00', '', '0000-00-00 00:00:00', '');
INSERT INTO `form_formats` (`id`, `form_id`, `field_id`, `display_column`, `display_order`, `language_heading`, `flag_override_label`, `language_label`, `flag_override_tag`, `language_tag`, `flag_override_help`, `language_help`, `flag_override_type`, `type`, `flag_override_setting`, `setting`, `flag_override_default`, `default`, `flag_add`, `flag_add_readonly`, `flag_edit`, `flag_edit_readonly`, `flag_search`, `flag_search_readonly`, `flag_datagrid`, `flag_datagrid_readonly`, `flag_index`, `flag_detail`, `created`, `created_by`, `modified`, `modified_by`) VALUES ('CAN-999-999-000-999-1008_CAN-999-999-000-999-1031', 'CAN-999-999-000-999-1008', 'CAN-999-999-000-999-1031', '0', '10', '', '0', '', '0', '', '0', '', '0', '', '0', '', '0', '', '1', '0', '1', '0', '0', '0', '0', '0', '0', '1', '0000-00-00 00:00:00', '', '0000-00-00 00:00:00', '');
INSERT INTO `form_formats` (`id`, `form_id`, `field_id`, `display_column`, `display_order`, `language_heading`, `flag_override_label`, `language_label`, `flag_override_tag`, `language_tag`, `flag_override_help`, `language_help`, `flag_override_type`, `type`, `flag_override_setting`, `setting`, `flag_override_default`, `default`, `flag_add`, `flag_add_readonly`, `flag_edit`, `flag_edit_readonly`, `flag_search`, `flag_search_readonly`, `flag_datagrid`, `flag_datagrid_readonly`, `flag_index`, `flag_detail`, `created`, `created_by`, `modified`, `modified_by`) VALUES ('CAN-999-999-000-999-1008_CAN-999-999-000-999-1029', 'CAN-999-999-000-999-1008', 'CAN-999-999-000-999-1029', '0', '20', '', '0', '', '0', '', '0', '', '0', '', '0', '', '0', '', '1', '0', '1', '0', '0', '0', '0', '0', '0', '1', '0000-00-00 00:00:00', '', '0000-00-00 00:00:00', '');
INSERT INTO `form_formats` (`id`, `form_id`, `field_id`, `display_column`, `display_order`, `language_heading`, `flag_override_label`, `language_label`, `flag_override_tag`, `language_tag`, `flag_override_help`, `language_help`, `flag_override_type`, `type`, `flag_override_setting`, `setting`, `flag_override_default`, `default`, `flag_add`, `flag_add_readonly`, `flag_edit`, `flag_edit_readonly`, `flag_search`, `flag_search_readonly`, `flag_datagrid`, `flag_datagrid_readonly`, `flag_index`, `flag_detail`, `created`, `created_by`, `modified`, `modified_by`) VALUES ('CAN-999-999-000-999-1008_CAN-999-999-000-999-1022', 'CAN-999-999-000-999-1008', 'CAN-999-999-000-999-1022', '0', '21', '', '0', '', '0', '', '0', '', '0', '', '0', '', '0', '', '1', '0', '1', '0', '0', '0', '0', '0', '0', '1', '0000-00-00 00:00:00', '', '0000-00-00 00:00:00', '');
INSERT INTO `form_formats` (`id`, `form_id`, `field_id`, `display_column`, `display_order`, `language_heading`, `flag_override_label`, `language_label`, `flag_override_tag`, `language_tag`, `flag_override_help`, `language_help`, `flag_override_type`, `type`, `flag_override_setting`, `setting`, `flag_override_default`, `default`, `flag_add`, `flag_add_readonly`, `flag_edit`, `flag_edit_readonly`, `flag_search`, `flag_search_readonly`, `flag_datagrid`, `flag_datagrid_readonly`, `flag_index`, `flag_detail`, `created`, `created_by`, `modified`, `modified_by`) VALUES ('CAN-999-999-000-999-1008_CAN-999-999-000-999-1032', 'CAN-999-999-000-999-1008', 'CAN-999-999-000-999-1032', '1', '30', '', '0', '', '0', '', '0', '', '0', '', '0', '', '0', '', '1', '0', '1', '0', '0', '0', '0', '0', '0', '1', '0000-00-00 00:00:00', '', '0000-00-00 00:00:00', '');
INSERT INTO `form_formats` (`id`, `form_id`, `field_id`, `display_column`, `display_order`, `language_heading`, `flag_override_label`, `language_label`, `flag_override_tag`, `language_tag`, `flag_override_help`, `language_help`, `flag_override_type`, `type`, `flag_override_setting`, `setting`, `flag_override_default`, `default`, `flag_add`, `flag_add_readonly`, `flag_edit`, `flag_edit_readonly`, `flag_search`, `flag_search_readonly`, `flag_datagrid`, `flag_datagrid_readonly`, `flag_index`, `flag_detail`, `created`, `created_by`, `modified`, `modified_by`) VALUES ('CAN-999-999-000-999-1008_CAN-999-999-000-999-1040', 'CAN-999-999-000-999-1008', 'CAN-999-999-000-999-1040', '1', '41', '', '0', '', '0', '', '0', '', '0', '', '0', '', '0', '', '1', '0', '1', '0', '1', '0', '0', '0', '0', '1', '0000-00-00 00:00:00', '', '0000-00-00 00:00:00', '');
INSERT INTO `form_formats` (`id`, `form_id`, `field_id`, `display_column`, `display_order`, `language_heading`, `flag_override_label`, `language_label`, `flag_override_tag`, `language_tag`, `flag_override_help`, `language_help`, `flag_override_type`, `type`, `flag_override_setting`, `setting`, `flag_override_default`, `default`, `flag_add`, `flag_add_readonly`, `flag_edit`, `flag_edit_readonly`, `flag_search`, `flag_search_readonly`, `flag_datagrid`, `flag_datagrid_readonly`, `flag_index`, `flag_detail`, `created`, `created_by`, `modified`, `modified_by`) VALUES ('CAN-999-999-000-999-1008_CAN-999-999-000-999-1041', 'CAN-999-999-000-999-1008', 'CAN-999-999-000-999-1041', '1', '42', '', '0', '', '0', '', '0', '', '0', '', '0', '', '0', '', '1', '0', '1', '0', '1', '0', '0', '0', '0', '1', '0000-00-00 00:00:00', '', '0000-00-00 00:00:00', '');
INSERT INTO `form_formats` (`id`, `form_id`, `field_id`, `display_column`, `display_order`, `language_heading`, `flag_override_label`, `language_label`, `flag_override_tag`, `language_tag`, `flag_override_help`, `language_help`, `flag_override_type`, `type`, `flag_override_setting`, `setting`, `flag_override_default`, `default`, `flag_add`, `flag_add_readonly`, `flag_edit`, `flag_edit_readonly`, `flag_search`, `flag_search_readonly`, `flag_datagrid`, `flag_datagrid_readonly`, `flag_index`, `flag_detail`, `created`, `created_by`, `modified`, `modified_by`) VALUES ('CAN-999-999-000-999-1008_CAN-999-999-000-999-1043', 'CAN-999-999-000-999-1008', 'CAN-999-999-000-999-1043', '1', '44', '', '0', '', '0', '', '0', '', '0', '', '0', '', '0', '', '1', '0', '1', '0', '1', '0', '0', '0', '0', '1', '0000-00-00 00:00:00', '', '0000-00-00 00:00:00', '');
INSERT INTO `form_formats` (`id`, `form_id`, `field_id`, `display_column`, `display_order`, `language_heading`, `flag_override_label`, `language_label`, `flag_override_tag`, `language_tag`, `flag_override_help`, `language_help`, `flag_override_type`, `type`, `flag_override_setting`, `setting`, `flag_override_default`, `default`, `flag_add`, `flag_add_readonly`, `flag_edit`, `flag_edit_readonly`, `flag_search`, `flag_search_readonly`, `flag_datagrid`, `flag_datagrid_readonly`, `flag_index`, `flag_detail`, `created`, `created_by`, `modified`, `modified_by`) VALUES ('CAN-999-999-000-999-1008_CAN-999-999-000-999-1044', 'CAN-999-999-000-999-1008', 'CAN-999-999-000-999-1044', '1', '45', '', '0', '', '0', '', '0', '', '0', '', '0', '', '0', '', '1', '0', '1', '0', '1', '0', '0', '0', '0', '1', '0000-00-00 00:00:00', '', '0000-00-00 00:00:00', '');
INSERT INTO `form_formats` (`id`, `form_id`, `field_id`, `display_column`, `display_order`, `language_heading`, `flag_override_label`, `language_label`, `flag_override_tag`, `language_tag`, `flag_override_help`, `language_help`, `flag_override_type`, `type`, `flag_override_setting`, `setting`, `flag_override_default`, `default`, `flag_add`, `flag_add_readonly`, `flag_edit`, `flag_edit_readonly`, `flag_search`, `flag_search_readonly`, `flag_datagrid`, `flag_datagrid_readonly`, `flag_index`, `flag_detail`, `created`, `created_by`, `modified`, `modified_by`) VALUES ('CAN-999-999-000-999-1008_CAN-999-999-000-999-1045', 'CAN-999-999-000-999-1008', 'CAN-999-999-000-999-1045', '1', '46', '', '0', '', '0', '', '0', '', '0', '', '0', '', '0', '', '1', '0', '1', '0', '1', '0', '0', '0', '0', '1', '0000-00-00 00:00:00', '', '0000-00-00 00:00:00', '');

-- ------------------------------------------------------------------------
-- alias = sd_spe_urines
-- ------------------------------------------------------------------------

DELETE FROM `forms` WHERE `alias` = 'sd_spe_urines';
INSERT INTO `forms` (`id`, `alias`, `language_title`, `language_help`, `flag_add_columns`, `flag_edit_columns`, `flag_search_columns`, `flag_detail_columns`, `created`, `created_by`, `modified`, `modified_by`) VALUES ('CAN-999-999-000-999-1009', 'sd_spe_urines', '', '', '0', '0', '0', '1', '0000-00-00 00:00:00', '', '0000-00-00 00:00:00', '');

DELETE FROM `form_fields` WHERE `id` = 'CAN-999-999-000-999-1050';
INSERT INTO `form_fields` (`id`, `model`, `field`, `language_label`, `language_tag`, `type`, `setting`, `default`, `language_help`, `created`, `created_by`, `modified`, `modified_by`) VALUES ('CAN-999-999-000-999-1050', 'SampleDetail', 'aspect', 'aspect', '', 'select', '', '', '', '0000-00-00 00:00:00', '', '0000-00-00 00:00:00', '');
DELETE FROM `form_fields` WHERE `id` = 'CAN-999-999-000-999-1054';
INSERT INTO `form_fields` (`id`, `model`, `field`, `language_label`, `language_tag`, `type`, `setting`, `default`, `language_help`, `created`, `created_by`, `modified`, `modified_by`) VALUES ('CAN-999-999-000-999-1054', 'SampleDetail', 'received_volume', 'received volume', '', 'input', 'size=10', '', '', '0000-00-00 00:00:00', '', '0000-00-00 00:00:00', '');
DELETE FROM `form_fields` WHERE `id` = 'CAN-999-999-000-999-1055';
INSERT INTO `form_fields` (`id`, `model`, `field`, `language_label`, `language_tag`, `type`, `setting`, `default`, `language_help`, `created`, `created_by`, `modified`, `modified_by`) VALUES ('CAN-999-999-000-999-1055', 'SampleDetail', 'received_volume_unit', '', '', 'select', '', '', '', '0000-00-00 00:00:00', '', '0000-00-00 00:00:00', '');
DELETE FROM `form_fields` WHERE `id` = 'CAN-999-999-000-999-1051';
INSERT INTO `form_fields` (`id`, `model`, `field`, `language_label`, `language_tag`, `type`, `setting`, `default`, `language_help`, `created`, `created_by`, `modified`, `modified_by`) VALUES ('CAN-999-999-000-999-1051', 'SampleDetail', 'pellet', 'pellet detection', '', 'select', '', '', '', '0000-00-00 00:00:00', '', '0000-00-00 00:00:00', '');
DELETE FROM `form_fields` WHERE `id` = 'CAN-999-999-000-999-1056';
INSERT INTO `form_fields` (`id`, `model`, `field`, `language_label`, `language_tag`, `type`, `setting`, `default`, `language_help`, `created`, `created_by`, `modified`, `modified_by`) VALUES ('CAN-999-999-000-999-1056', 'SampleDetail', 'pellet_volume', 'pellet volume', '', 'input', 'size=10', '', '', '0000-00-00 00:00:00', '', '0000-00-00 00:00:00', '');
DELETE FROM `form_fields` WHERE `id` = 'CAN-999-999-000-999-1057';
INSERT INTO `form_fields` (`id`, `model`, `field`, `language_label`, `language_tag`, `type`, `setting`, `default`, `language_help`, `created`, `created_by`, `modified`, `modified_by`) VALUES ('CAN-999-999-000-999-1057', 'SampleDetail', 'pellet_volume_unit', '', '', 'select', '', '', '', '0000-00-00 00:00:00', '', '0000-00-00 00:00:00', '');

DELETE FROM `form_validations` WHERE `form_field_id` = 'CAN-999-999-000-999-1054';
INSERT INTO `form_validations` (`id`, `form_field_id`, `expression`, `message`, `created`, `created_by`, `modified`, `modifed_by`) VALUES (NULL, 'CAN-999-999-000-999-1054', '/^\\d*([\\.]\\d*)?$/', 'volume should be a positif decimal', '0000-00-00 00:00:00', '', '0000-00-00 00:00:00', '');
DELETE FROM `form_validations` WHERE `form_field_id` = 'CAN-999-999-000-999-1056';
INSERT INTO `form_validations` (`id`, `form_field_id`, `expression`, `message`, `created`, `created_by`, `modified`, `modifed_by`) VALUES (NULL, 'CAN-999-999-000-999-1056', '/^\\d*([\\.]\\d*)?$/', 'volume should be a positif decimal', '0000-00-00 00:00:00', '', '0000-00-00 00:00:00', '');

DELETE FROM `global_lookups` WHERE `alias` IN ('urine_aspect');
INSERT INTO `global_lookups` (`id`, `alias`, `section`, `subsection`, `value`, `language_choice`, `display_order`, `active`, `created`, `created_by`, `modified`, `modified_by`) VALUES 
(NULL, 'urine_aspect', NULL, NULL, 'other', 'other', 3, 'yes', NULL, NULL, NULL, NULL),
(NULL, 'urine_aspect', NULL, NULL, 'clear', 'clear', 2, 'yes', NULL, NULL, NULL, NULL),
(NULL, 'urine_aspect', NULL, NULL, 'turbidity', 'turbidity', 2, 'yes', NULL, NULL, NULL, NULL);

DELETE FROM `form_fields_global_lookups` WHERE `field_id` IN ('CAN-999-999-000-999-1050',
'CAN-999-999-000-999-1055', 'CAN-999-999-000-999-1057', 'CAN-999-999-000-999-1051');
INSERT INTO `form_fields_global_lookups` ( `field_id` , `lookup_id`)
VALUES 
('CAN-999-999-000-999-1050', (SELECT `id` FROM `global_lookups` WHERE `alias` LIKE 'urine_aspect' AND `value` like 'clear')), 
('CAN-999-999-000-999-1050', (SELECT `id` FROM `global_lookups` WHERE `alias` LIKE 'urine_aspect' AND `value` like 'turbidity')), 
('CAN-999-999-000-999-1050', (SELECT `id` FROM `global_lookups` WHERE `alias` LIKE 'urine_aspect' AND `value` like 'other')),

('CAN-999-999-000-999-1051', (SELECT `id` FROM `global_lookups` WHERE `alias` LIKE 'yesno' AND `value` like 'yes')),
('CAN-999-999-000-999-1051', (SELECT `id` FROM `global_lookups` WHERE `alias` LIKE 'yesno' AND `value` like 'no')),

('CAN-999-999-000-999-1055', (SELECT `id` FROM `global_lookups` WHERE `alias` LIKE 'sample_volume_unit' AND `value` like 'ml')),
('CAN-999-999-000-999-1055', (SELECT `id` FROM `global_lookups` WHERE `alias` LIKE 'sample_volume_unit' AND `value` like 'ul')),

('CAN-999-999-000-999-1057', (SELECT `id` FROM `global_lookups` WHERE `alias` LIKE 'sample_volume_unit' AND `value` like 'ml')),
('CAN-999-999-000-999-1057', (SELECT `id` FROM `global_lookups` WHERE `alias` LIKE 'sample_volume_unit' AND `value` like 'ul'));

DELETE FROM `form_formats` WHERE `form_id` = 'CAN-999-999-000-999-1009';
INSERT INTO `form_formats` (`id`, `form_id`, `field_id`, `display_column`, `display_order`, `language_heading`, `flag_override_label`, `language_label`, `flag_override_tag`, `language_tag`, `flag_override_help`, `language_help`, `flag_override_type`, `type`, `flag_override_setting`, `setting`, `flag_override_default`, `default`, `flag_add`, `flag_add_readonly`, `flag_edit`, `flag_edit_readonly`, `flag_search`, `flag_search_readonly`, `flag_datagrid`, `flag_datagrid_readonly`, `flag_index`, `flag_detail`, `created`, `created_by`, `modified`, `modified_by`) VALUES ('CAN-999-999-000-999-1009_CAN-999-999-000-999-1016', 'CAN-999-999-000-999-1009', 'CAN-999-999-000-999-1016', '0', '1', '', '0', '', '0', '', '0', '', '0', '', '0', '', '0', '', '0', '1', '1', '1', '1', '1', '0', '1', '1', '1', '0000-00-00 00:00:00', '', '0000-00-00 00:00:00', '');
INSERT INTO `form_formats` (`id`, `form_id`, `field_id`, `display_column`, `display_order`, `language_heading`, `flag_override_label`, `language_label`, `flag_override_tag`, `language_tag`, `flag_override_help`, `language_help`, `flag_override_type`, `type`, `flag_override_setting`, `setting`, `flag_override_default`, `default`, `flag_add`, `flag_add_readonly`, `flag_edit`, `flag_edit_readonly`, `flag_search`, `flag_search_readonly`, `flag_datagrid`, `flag_datagrid_readonly`, `flag_index`, `flag_detail`, `created`, `created_by`, `modified`, `modified_by`) VALUES ('CAN-999-999-000-999-1009_CAN-999-999-000-999-1018', 'CAN-999-999-000-999-1009', 'CAN-999-999-000-999-1018', '0', '3', '', '0', '', '0', '', '0', '', '0', '', '0', '', '0', '', '1', '1', '1', '1', '0', '1', '0', '1', '1', '1', '0000-00-00 00:00:00', '', '0000-00-00 00:00:00', '');
INSERT INTO `form_formats` (`id`, `form_id`, `field_id`, `display_column`, `display_order`, `language_heading`, `flag_override_label`, `language_label`, `flag_override_tag`, `language_tag`, `flag_override_help`, `language_help`, `flag_override_type`, `type`, `flag_override_setting`, `setting`, `flag_override_default`, `default`, `flag_add`, `flag_add_readonly`, `flag_edit`, `flag_edit_readonly`, `flag_search`, `flag_search_readonly`, `flag_datagrid`, `flag_datagrid_readonly`, `flag_index`, `flag_detail`, `created`, `created_by`, `modified`, `modified_by`) VALUES ('CAN-999-999-000-999-1009_CAN-999-999-000-999-1027', 'CAN-999-999-000-999-1009', 'CAN-999-999-000-999-1027', '0', '4', '', '0', '', '0', '', '0', '', '0', '', '0', '', '0', '', '1', '1', '1', '1', '0', '1', '0', '1', '1', '1', '0000-00-00 00:00:00', '', '0000-00-00 00:00:00', '');
INSERT INTO `form_formats` (`id`, `form_id`, `field_id`, `display_column`, `display_order`, `language_heading`, `flag_override_label`, `language_label`, `flag_override_tag`, `language_tag`, `flag_override_help`, `language_help`, `flag_override_type`, `type`, `flag_override_setting`, `setting`, `flag_override_default`, `default`, `flag_add`, `flag_add_readonly`, `flag_edit`, `flag_edit_readonly`, `flag_search`, `flag_search_readonly`, `flag_datagrid`, `flag_datagrid_readonly`, `flag_index`, `flag_detail`, `created`, `created_by`, `modified`, `modified_by`) VALUES ('CAN-999-999-000-999-1009_CAN-999-999-000-999-1030', 'CAN-999-999-000-999-1009', 'CAN-999-999-000-999-1030', '0', '11', '', '0', '', '0', '', '0', '', '0', '', '0', '', '0', '', '1', '0', '1', '0', '0', '0', '0', '0', '0', '1', '0000-00-00 00:00:00', '', '0000-00-00 00:00:00', '');
INSERT INTO `form_formats` (`id`, `form_id`, `field_id`, `display_column`, `display_order`, `language_heading`, `flag_override_label`, `language_label`, `flag_override_tag`, `language_tag`, `flag_override_help`, `language_help`, `flag_override_type`, `type`, `flag_override_setting`, `setting`, `flag_override_default`, `default`, `flag_add`, `flag_add_readonly`, `flag_edit`, `flag_edit_readonly`, `flag_search`, `flag_search_readonly`, `flag_datagrid`, `flag_datagrid_readonly`, `flag_index`, `flag_detail`, `created`, `created_by`, `modified`, `modified_by`) VALUES ('CAN-999-999-000-999-1009_CAN-999-999-000-999-1031', 'CAN-999-999-000-999-1009', 'CAN-999-999-000-999-1031', '0', '10', '', '0', '', '0', '', '0', '', '0', '', '0', '', '0', '', '1', '0', '1', '0', '0', '0', '0', '0', '0', '1', '0000-00-00 00:00:00', '', '0000-00-00 00:00:00', '');
INSERT INTO `form_formats` (`id`, `form_id`, `field_id`, `display_column`, `display_order`, `language_heading`, `flag_override_label`, `language_label`, `flag_override_tag`, `language_tag`, `flag_override_help`, `language_help`, `flag_override_type`, `type`, `flag_override_setting`, `setting`, `flag_override_default`, `default`, `flag_add`, `flag_add_readonly`, `flag_edit`, `flag_edit_readonly`, `flag_search`, `flag_search_readonly`, `flag_datagrid`, `flag_datagrid_readonly`, `flag_index`, `flag_detail`, `created`, `created_by`, `modified`, `modified_by`) VALUES ('CAN-999-999-000-999-1009_CAN-999-999-000-999-1029', 'CAN-999-999-000-999-1009', 'CAN-999-999-000-999-1029', '0', '20', '', '0', '', '0', '', '0', '', '0', '', '0', '', '0', '', '1', '0', '1', '0', '0', '0', '0', '0', '0', '1', '0000-00-00 00:00:00', '', '0000-00-00 00:00:00', '');
INSERT INTO `form_formats` (`id`, `form_id`, `field_id`, `display_column`, `display_order`, `language_heading`, `flag_override_label`, `language_label`, `flag_override_tag`, `language_tag`, `flag_override_help`, `language_help`, `flag_override_type`, `type`, `flag_override_setting`, `setting`, `flag_override_default`, `default`, `flag_add`, `flag_add_readonly`, `flag_edit`, `flag_edit_readonly`, `flag_search`, `flag_search_readonly`, `flag_datagrid`, `flag_datagrid_readonly`, `flag_index`, `flag_detail`, `created`, `created_by`, `modified`, `modified_by`) VALUES ('CAN-999-999-000-999-1009_CAN-999-999-000-999-1022', 'CAN-999-999-000-999-1009', 'CAN-999-999-000-999-1022', '0', '21', '', '0', '', '0', '', '0', '', '0', '', '0', '', '0', '', '1', '0', '1', '0', '0', '0', '0', '0', '0', '1', '0000-00-00 00:00:00', '', '0000-00-00 00:00:00', '');
INSERT INTO `form_formats` (`id`, `form_id`, `field_id`, `display_column`, `display_order`, `language_heading`, `flag_override_label`, `language_label`, `flag_override_tag`, `language_tag`, `flag_override_help`, `language_help`, `flag_override_type`, `type`, `flag_override_setting`, `setting`, `flag_override_default`, `default`, `flag_add`, `flag_add_readonly`, `flag_edit`, `flag_edit_readonly`, `flag_search`, `flag_search_readonly`, `flag_datagrid`, `flag_datagrid_readonly`, `flag_index`, `flag_detail`, `created`, `created_by`, `modified`, `modified_by`) VALUES ('CAN-999-999-000-999-1009_CAN-999-999-000-999-1032', 'CAN-999-999-000-999-1009', 'CAN-999-999-000-999-1032', '1', '30', '', '0', '', '0', '', '0', '', '0', '', '0', '', '0', '', '1', '0', '1', '0', '0', '0', '0', '0', '0', '1', '0000-00-00 00:00:00', '', '0000-00-00 00:00:00', '');
INSERT INTO `form_formats` (`id`, `form_id`, `field_id`, `display_column`, `display_order`, `language_heading`, `flag_override_label`, `language_label`, `flag_override_tag`, `language_tag`, `flag_override_help`, `language_help`, `flag_override_type`, `type`, `flag_override_setting`, `setting`, `flag_override_default`, `default`, `flag_add`, `flag_add_readonly`, `flag_edit`, `flag_edit_readonly`, `flag_search`, `flag_search_readonly`, `flag_datagrid`, `flag_datagrid_readonly`, `flag_index`, `flag_detail`, `created`, `created_by`, `modified`, `modified_by`) VALUES ('CAN-999-999-000-999-1009_CAN-999-999-000-999-1050', 'CAN-999-999-000-999-1009', 'CAN-999-999-000-999-1050', '1', '41', '', '0', '', '0', '', '0', '', '0', '', '0', '', '0', '', '1', '0', '1', '0', '1', '0', '0', '0', '0', '1', '0000-00-00 00:00:00', '', '0000-00-00 00:00:00', '');
INSERT INTO `form_formats` (`id`, `form_id`, `field_id`, `display_column`, `display_order`, `language_heading`, `flag_override_label`, `language_label`, `flag_override_tag`, `language_tag`, `flag_override_help`, `language_help`, `flag_override_type`, `type`, `flag_override_setting`, `setting`, `flag_override_default`, `default`, `flag_add`, `flag_add_readonly`, `flag_edit`, `flag_edit_readonly`, `flag_search`, `flag_search_readonly`, `flag_datagrid`, `flag_datagrid_readonly`, `flag_index`, `flag_detail`, `created`, `created_by`, `modified`, `modified_by`) VALUES ('CAN-999-999-000-999-1009_CAN-999-999-000-999-1036', 'CAN-999-999-000-999-1009', 'CAN-999-999-000-999-1036', '1', '42', '', '0', '', '0', '', '0', '', '0', '', '0', '', '0', '', '1', '0', '1', '0', '1', '0', '0', '0', '0', '1', '0000-00-00 00:00:00', '', '0000-00-00 00:00:00', '');
INSERT INTO `form_formats` (`id`, `form_id`, `field_id`, `display_column`, `display_order`, `language_heading`, `flag_override_label`, `language_label`, `flag_override_tag`, `language_tag`, `flag_override_help`, `language_help`, `flag_override_type`, `type`, `flag_override_setting`, `setting`, `flag_override_default`, `default`, `flag_add`, `flag_add_readonly`, `flag_edit`, `flag_edit_readonly`, `flag_search`, `flag_search_readonly`, `flag_datagrid`, `flag_datagrid_readonly`, `flag_index`, `flag_detail`, `created`, `created_by`, `modified`, `modified_by`) VALUES ('CAN-999-999-000-999-1009_CAN-999-999-000-999-1037', 'CAN-999-999-000-999-1009', 'CAN-999-999-000-999-1037', '1', '43', '', '0', '', '0', '', '0', '', '0', '', '0', '', '0', '', '1', '0', '1', '0', '1', '0', '0', '0', '0', '1', '0000-00-00 00:00:00', '', '0000-00-00 00:00:00', '');
INSERT INTO `form_formats` (`id`, `form_id`, `field_id`, `display_column`, `display_order`, `language_heading`, `flag_override_label`, `language_label`, `flag_override_tag`, `language_tag`, `flag_override_help`, `language_help`, `flag_override_type`, `type`, `flag_override_setting`, `setting`, `flag_override_default`, `default`, `flag_add`, `flag_add_readonly`, `flag_edit`, `flag_edit_readonly`, `flag_search`, `flag_search_readonly`, `flag_datagrid`, `flag_datagrid_readonly`, `flag_index`, `flag_detail`, `created`, `created_by`, `modified`, `modified_by`) VALUES ('CAN-999-999-000-999-1009_CAN-999-999-000-999-1054', 'CAN-999-999-000-999-1009', 'CAN-999-999-000-999-1054', '1', '44', '', '0', '', '0', '', '0', '', '0', '', '0', '', '0', '', '1', '0', '1', '0', '1', '0', '0', '0', '0', '1', '0000-00-00 00:00:00', '', '0000-00-00 00:00:00', '');
INSERT INTO `form_formats` (`id`, `form_id`, `field_id`, `display_column`, `display_order`, `language_heading`, `flag_override_label`, `language_label`, `flag_override_tag`, `language_tag`, `flag_override_help`, `language_help`, `flag_override_type`, `type`, `flag_override_setting`, `setting`, `flag_override_default`, `default`, `flag_add`, `flag_add_readonly`, `flag_edit`, `flag_edit_readonly`, `flag_search`, `flag_search_readonly`, `flag_datagrid`, `flag_datagrid_readonly`, `flag_index`, `flag_detail`, `created`, `created_by`, `modified`, `modified_by`) VALUES ('CAN-999-999-000-999-1009_CAN-999-999-000-999-1055', 'CAN-999-999-000-999-1009', 'CAN-999-999-000-999-1055', '1', '45', '', '0', '', '0', '', '0', '', '0', '', '0', '', '0', '', '1', '0', '1', '0', '1', '0', '0', '0', '0', '1', '0000-00-00 00:00:00', '', '0000-00-00 00:00:00', '');
INSERT INTO `form_formats` (`id`, `form_id`, `field_id`, `display_column`, `display_order`, `language_heading`, `flag_override_label`, `language_label`, `flag_override_tag`, `language_tag`, `flag_override_help`, `language_help`, `flag_override_type`, `type`, `flag_override_setting`, `setting`, `flag_override_default`, `default`, `flag_add`, `flag_add_readonly`, `flag_edit`, `flag_edit_readonly`, `flag_search`, `flag_search_readonly`, `flag_datagrid`, `flag_datagrid_readonly`, `flag_index`, `flag_detail`, `created`, `created_by`, `modified`, `modified_by`) VALUES ('CAN-999-999-000-999-1009_CAN-999-999-000-999-1051', 'CAN-999-999-000-999-1009', 'CAN-999-999-000-999-1051', '1', '46', '', '0', '', '0', '', '0', '', '0', '', '0', '', '0', '', '1', '0', '1', '0', '1', '0', '0', '0', '0', '1', '0000-00-00 00:00:00', '', '0000-00-00 00:00:00', '');
INSERT INTO `form_formats` (`id`, `form_id`, `field_id`, `display_column`, `display_order`, `language_heading`, `flag_override_label`, `language_label`, `flag_override_tag`, `language_tag`, `flag_override_help`, `language_help`, `flag_override_type`, `type`, `flag_override_setting`, `setting`, `flag_override_default`, `default`, `flag_add`, `flag_add_readonly`, `flag_edit`, `flag_edit_readonly`, `flag_search`, `flag_search_readonly`, `flag_datagrid`, `flag_datagrid_readonly`, `flag_index`, `flag_detail`, `created`, `created_by`, `modified`, `modified_by`) VALUES ('CAN-999-999-000-999-1009_CAN-999-999-000-999-1056', 'CAN-999-999-000-999-1009', 'CAN-999-999-000-999-1056', '1', '47', '', '0', '', '0', '', '0', '', '0', '', '0', '', '0', '', '1', '0', '1', '0', '1', '0', '0', '0', '0', '1', '0000-00-00 00:00:00', '', '0000-00-00 00:00:00', '');
INSERT INTO `form_formats` (`id`, `form_id`, `field_id`, `display_column`, `display_order`, `language_heading`, `flag_override_label`, `language_label`, `flag_override_tag`, `language_tag`, `flag_override_help`, `language_help`, `flag_override_type`, `type`, `flag_override_setting`, `setting`, `flag_override_default`, `default`, `flag_add`, `flag_add_readonly`, `flag_edit`, `flag_edit_readonly`, `flag_search`, `flag_search_readonly`, `flag_datagrid`, `flag_datagrid_readonly`, `flag_index`, `flag_detail`, `created`, `created_by`, `modified`, `modified_by`) VALUES ('CAN-999-999-000-999-1009_CAN-999-999-000-999-1057', 'CAN-999-999-000-999-1009', 'CAN-999-999-000-999-1057', '1', '48', '', '0', '', '0', '', '0', '', '0', '', '0', '', '0', '', '1', '0', '1', '0', '1', '0', '0', '0', '0', '1', '0000-00-00 00:00:00', '', '0000-00-00 00:00:00', '');

-- ------------------------------------------------------------------------
-- alias = sd_spe_peritoneal_washes
-- ------------------------------------------------------------------------

DELETE FROM `forms` WHERE `alias` = 'sd_spe_peritoneal_washes';
INSERT INTO `forms` (`id`, `alias`, `language_title`, `language_help`, `flag_add_columns`, `flag_edit_columns`, `flag_search_columns`, `flag_detail_columns`, `created`, `created_by`, `modified`, `modified_by`) VALUES ('CAN-999-999-000-999-1016', 'sd_spe_peritoneal_washes', '', '', '0', '0', '0', '1', '0000-00-00 00:00:00', '', '0000-00-00 00:00:00', '');

DELETE FROM `form_formats` WHERE `form_id` = 'CAN-999-999-000-999-1016';
INSERT INTO `form_formats` (`id`, `form_id`, `field_id`, `display_column`, `display_order`, `language_heading`, `flag_override_label`, `language_label`, `flag_override_tag`, `language_tag`, `flag_override_help`, `language_help`, `flag_override_type`, `type`, `flag_override_setting`, `setting`, `flag_override_default`, `default`, `flag_add`, `flag_add_readonly`, `flag_edit`, `flag_edit_readonly`, `flag_search`, `flag_search_readonly`, `flag_datagrid`, `flag_datagrid_readonly`, `flag_index`, `flag_detail`, `created`, `created_by`, `modified`, `modified_by`) VALUES ('CAN-999-999-000-999-1016_CAN-999-999-000-999-1016', 'CAN-999-999-000-999-1016', 'CAN-999-999-000-999-1016', '0', '1', '', '0', '', '0', '', '0', '', '0', '', '0', '', '0', '', '0', '1', '1', '1', '1', '1', '0', '1', '1', '1', '0000-00-00 00:00:00', '', '0000-00-00 00:00:00', '');
INSERT INTO `form_formats` (`id`, `form_id`, `field_id`, `display_column`, `display_order`, `language_heading`, `flag_override_label`, `language_label`, `flag_override_tag`, `language_tag`, `flag_override_help`, `language_help`, `flag_override_type`, `type`, `flag_override_setting`, `setting`, `flag_override_default`, `default`, `flag_add`, `flag_add_readonly`, `flag_edit`, `flag_edit_readonly`, `flag_search`, `flag_search_readonly`, `flag_datagrid`, `flag_datagrid_readonly`, `flag_index`, `flag_detail`, `created`, `created_by`, `modified`, `modified_by`) VALUES ('CAN-999-999-000-999-1016_CAN-999-999-000-999-1018', 'CAN-999-999-000-999-1016', 'CAN-999-999-000-999-1018', '0', '3', '', '0', '', '0', '', '0', '', '0', '', '0', '', '0', '', '1', '1', '1', '1', '0', '1', '0', '1', '1', '1', '0000-00-00 00:00:00', '', '0000-00-00 00:00:00', '');
INSERT INTO `form_formats` (`id`, `form_id`, `field_id`, `display_column`, `display_order`, `language_heading`, `flag_override_label`, `language_label`, `flag_override_tag`, `language_tag`, `flag_override_help`, `language_help`, `flag_override_type`, `type`, `flag_override_setting`, `setting`, `flag_override_default`, `default`, `flag_add`, `flag_add_readonly`, `flag_edit`, `flag_edit_readonly`, `flag_search`, `flag_search_readonly`, `flag_datagrid`, `flag_datagrid_readonly`, `flag_index`, `flag_detail`, `created`, `created_by`, `modified`, `modified_by`) VALUES ('CAN-999-999-000-999-1016_CAN-999-999-000-999-1027', 'CAN-999-999-000-999-1016', 'CAN-999-999-000-999-1027', '0', '4', '', '0', '', '0', '', '0', '', '0', '', '0', '', '0', '', '1', '1', '1', '1', '0', '1', '0', '1', '1', '1', '0000-00-00 00:00:00', '', '0000-00-00 00:00:00', '');
INSERT INTO `form_formats` (`id`, `form_id`, `field_id`, `display_column`, `display_order`, `language_heading`, `flag_override_label`, `language_label`, `flag_override_tag`, `language_tag`, `flag_override_help`, `language_help`, `flag_override_type`, `type`, `flag_override_setting`, `setting`, `flag_override_default`, `default`, `flag_add`, `flag_add_readonly`, `flag_edit`, `flag_edit_readonly`, `flag_search`, `flag_search_readonly`, `flag_datagrid`, `flag_datagrid_readonly`, `flag_index`, `flag_detail`, `created`, `created_by`, `modified`, `modified_by`) VALUES ('CAN-999-999-000-999-1016_CAN-999-999-000-999-1030', 'CAN-999-999-000-999-1016', 'CAN-999-999-000-999-1030', '0', '11', '', '0', '', '0', '', '0', '', '0', '', '0', '', '0', '', '1', '0', '1', '0', '0', '0', '0', '0', '0', '1', '0000-00-00 00:00:00', '', '0000-00-00 00:00:00', '');
INSERT INTO `form_formats` (`id`, `form_id`, `field_id`, `display_column`, `display_order`, `language_heading`, `flag_override_label`, `language_label`, `flag_override_tag`, `language_tag`, `flag_override_help`, `language_help`, `flag_override_type`, `type`, `flag_override_setting`, `setting`, `flag_override_default`, `default`, `flag_add`, `flag_add_readonly`, `flag_edit`, `flag_edit_readonly`, `flag_search`, `flag_search_readonly`, `flag_datagrid`, `flag_datagrid_readonly`, `flag_index`, `flag_detail`, `created`, `created_by`, `modified`, `modified_by`) VALUES ('CAN-999-999-000-999-1016_CAN-999-999-000-999-1031', 'CAN-999-999-000-999-1016', 'CAN-999-999-000-999-1031', '0', '10', '', '0', '', '0', '', '0', '', '0', '', '0', '', '0', '', '1', '0', '1', '0', '0', '0', '0', '0', '0', '1', '0000-00-00 00:00:00', '', '0000-00-00 00:00:00', '');
INSERT INTO `form_formats` (`id`, `form_id`, `field_id`, `display_column`, `display_order`, `language_heading`, `flag_override_label`, `language_label`, `flag_override_tag`, `language_tag`, `flag_override_help`, `language_help`, `flag_override_type`, `type`, `flag_override_setting`, `setting`, `flag_override_default`, `default`, `flag_add`, `flag_add_readonly`, `flag_edit`, `flag_edit_readonly`, `flag_search`, `flag_search_readonly`, `flag_datagrid`, `flag_datagrid_readonly`, `flag_index`, `flag_detail`, `created`, `created_by`, `modified`, `modified_by`) VALUES ('CAN-999-999-000-999-1016_CAN-999-999-000-999-1029', 'CAN-999-999-000-999-1016', 'CAN-999-999-000-999-1029', '0', '20', '', '0', '', '0', '', '0', '', '0', '', '0', '', '0', '', '1', '0', '1', '0', '0', '0', '0', '0', '0', '1', '0000-00-00 00:00:00', '', '0000-00-00 00:00:00', '');
INSERT INTO `form_formats` (`id`, `form_id`, `field_id`, `display_column`, `display_order`, `language_heading`, `flag_override_label`, `language_label`, `flag_override_tag`, `language_tag`, `flag_override_help`, `language_help`, `flag_override_type`, `type`, `flag_override_setting`, `setting`, `flag_override_default`, `default`, `flag_add`, `flag_add_readonly`, `flag_edit`, `flag_edit_readonly`, `flag_search`, `flag_search_readonly`, `flag_datagrid`, `flag_datagrid_readonly`, `flag_index`, `flag_detail`, `created`, `created_by`, `modified`, `modified_by`) VALUES ('CAN-999-999-000-999-1016_CAN-999-999-000-999-1022', 'CAN-999-999-000-999-1016', 'CAN-999-999-000-999-1022', '0', '21', '', '0', '', '0', '', '0', '', '0', '', '0', '', '0', '', '1', '0', '1', '0', '0', '0', '0', '0', '0', '1', '0000-00-00 00:00:00', '', '0000-00-00 00:00:00', '');
INSERT INTO `form_formats` (`id`, `form_id`, `field_id`, `display_column`, `display_order`, `language_heading`, `flag_override_label`, `language_label`, `flag_override_tag`, `language_tag`, `flag_override_help`, `language_help`, `flag_override_type`, `type`, `flag_override_setting`, `setting`, `flag_override_default`, `default`, `flag_add`, `flag_add_readonly`, `flag_edit`, `flag_edit_readonly`, `flag_search`, `flag_search_readonly`, `flag_datagrid`, `flag_datagrid_readonly`, `flag_index`, `flag_detail`, `created`, `created_by`, `modified`, `modified_by`) VALUES ('CAN-999-999-000-999-1016_CAN-999-999-000-999-1032', 'CAN-999-999-000-999-1016', 'CAN-999-999-000-999-1032', '1', '30', '', '0', '', '0', '', '0', '', '0', '', '0', '', '0', '', '1', '0', '1', '0', '0', '0', '0', '0', '0', '1', '0000-00-00 00:00:00', '', '0000-00-00 00:00:00', '');
INSERT INTO `form_formats` (`id`, `form_id`, `field_id`, `display_column`, `display_order`, `language_heading`, `flag_override_label`, `language_label`, `flag_override_tag`, `language_tag`, `flag_override_help`, `language_help`, `flag_override_type`, `type`, `flag_override_setting`, `setting`, `flag_override_default`, `default`, `flag_add`, `flag_add_readonly`, `flag_edit`, `flag_edit_readonly`, `flag_search`, `flag_search_readonly`, `flag_datagrid`, `flag_datagrid_readonly`, `flag_index`, `flag_detail`, `created`, `created_by`, `modified`, `modified_by`) VALUES ('CAN-999-999-000-999-1016_CAN-999-999-000-999-1036', 'CAN-999-999-000-999-1016', 'CAN-999-999-000-999-1036', '1', '42', '', '0', '', '0', '', '0', '', '0', '', '0', '', '0', '', '1', '0', '1', '0', '1', '0', '0', '0', '0', '1', '0000-00-00 00:00:00', '', '0000-00-00 00:00:00', '');
INSERT INTO `form_formats` (`id`, `form_id`, `field_id`, `display_column`, `display_order`, `language_heading`, `flag_override_label`, `language_label`, `flag_override_tag`, `language_tag`, `flag_override_help`, `language_help`, `flag_override_type`, `type`, `flag_override_setting`, `setting`, `flag_override_default`, `default`, `flag_add`, `flag_add_readonly`, `flag_edit`, `flag_edit_readonly`, `flag_search`, `flag_search_readonly`, `flag_datagrid`, `flag_datagrid_readonly`, `flag_index`, `flag_detail`, `created`, `created_by`, `modified`, `modified_by`) VALUES ('CAN-999-999-000-999-1016_CAN-999-999-000-999-1037', 'CAN-999-999-000-999-1016', 'CAN-999-999-000-999-1037', '1', '43', '', '0', '', '0', '', '0', '', '0', '', '0', '', '0', '', '1', '0', '1', '0', '1', '0', '0', '0', '0', '1', '0000-00-00 00:00:00', '', '0000-00-00 00:00:00', '');

-- ------------------------------------------------------------------------
-- alias = sd_spe_cystic_fluids
-- ------------------------------------------------------------------------

DELETE FROM `forms` WHERE `alias` = 'sd_spe_cystic_fluids';
INSERT INTO `forms` (`id`, `alias`, `language_title`, `language_help`, `flag_add_columns`, `flag_edit_columns`, `flag_search_columns`, `flag_detail_columns`, `created`, `created_by`, `modified`, `modified_by`) VALUES ('CAN-999-999-000-999-1017', 'sd_spe_cystic_fluids', '', '', '0', '0', '0', '1', '0000-00-00 00:00:00', '', '0000-00-00 00:00:00', '');

DELETE FROM `form_formats` WHERE `form_id` = 'CAN-999-999-000-999-1017';
INSERT INTO `form_formats` (`id`, `form_id`, `field_id`, `display_column`, `display_order`, `language_heading`, `flag_override_label`, `language_label`, `flag_override_tag`, `language_tag`, `flag_override_help`, `language_help`, `flag_override_type`, `type`, `flag_override_setting`, `setting`, `flag_override_default`, `default`, `flag_add`, `flag_add_readonly`, `flag_edit`, `flag_edit_readonly`, `flag_search`, `flag_search_readonly`, `flag_datagrid`, `flag_datagrid_readonly`, `flag_index`, `flag_detail`, `created`, `created_by`, `modified`, `modified_by`) VALUES ('CAN-999-999-000-999-1017_CAN-999-999-000-999-1016', 'CAN-999-999-000-999-1017', 'CAN-999-999-000-999-1016', '0', '1', '', '0', '', '0', '', '0', '', '0', '', '0', '', '0', '', '0', '1', '1', '1', '1', '1', '0', '1', '1', '1', '0000-00-00 00:00:00', '', '0000-00-00 00:00:00', '');
INSERT INTO `form_formats` (`id`, `form_id`, `field_id`, `display_column`, `display_order`, `language_heading`, `flag_override_label`, `language_label`, `flag_override_tag`, `language_tag`, `flag_override_help`, `language_help`, `flag_override_type`, `type`, `flag_override_setting`, `setting`, `flag_override_default`, `default`, `flag_add`, `flag_add_readonly`, `flag_edit`, `flag_edit_readonly`, `flag_search`, `flag_search_readonly`, `flag_datagrid`, `flag_datagrid_readonly`, `flag_index`, `flag_detail`, `created`, `created_by`, `modified`, `modified_by`) VALUES ('CAN-999-999-000-999-1017_CAN-999-999-000-999-1018', 'CAN-999-999-000-999-1017', 'CAN-999-999-000-999-1018', '0', '3', '', '0', '', '0', '', '0', '', '0', '', '0', '', '0', '', '1', '1', '1', '1', '0', '1', '0', '1', '1', '1', '0000-00-00 00:00:00', '', '0000-00-00 00:00:00', '');
INSERT INTO `form_formats` (`id`, `form_id`, `field_id`, `display_column`, `display_order`, `language_heading`, `flag_override_label`, `language_label`, `flag_override_tag`, `language_tag`, `flag_override_help`, `language_help`, `flag_override_type`, `type`, `flag_override_setting`, `setting`, `flag_override_default`, `default`, `flag_add`, `flag_add_readonly`, `flag_edit`, `flag_edit_readonly`, `flag_search`, `flag_search_readonly`, `flag_datagrid`, `flag_datagrid_readonly`, `flag_index`, `flag_detail`, `created`, `created_by`, `modified`, `modified_by`) VALUES ('CAN-999-999-000-999-1017_CAN-999-999-000-999-1027', 'CAN-999-999-000-999-1017', 'CAN-999-999-000-999-1027', '0', '4', '', '0', '', '0', '', '0', '', '0', '', '0', '', '0', '', '1', '1', '1', '1', '0', '1', '0', '1', '1', '1', '0000-00-00 00:00:00', '', '0000-00-00 00:00:00', '');
INSERT INTO `form_formats` (`id`, `form_id`, `field_id`, `display_column`, `display_order`, `language_heading`, `flag_override_label`, `language_label`, `flag_override_tag`, `language_tag`, `flag_override_help`, `language_help`, `flag_override_type`, `type`, `flag_override_setting`, `setting`, `flag_override_default`, `default`, `flag_add`, `flag_add_readonly`, `flag_edit`, `flag_edit_readonly`, `flag_search`, `flag_search_readonly`, `flag_datagrid`, `flag_datagrid_readonly`, `flag_index`, `flag_detail`, `created`, `created_by`, `modified`, `modified_by`) VALUES ('CAN-999-999-000-999-1017_CAN-999-999-000-999-1030', 'CAN-999-999-000-999-1017', 'CAN-999-999-000-999-1030', '0', '11', '', '0', '', '0', '', '0', '', '0', '', '0', '', '0', '', '1', '0', '1', '0', '0', '0', '0', '0', '0', '1', '0000-00-00 00:00:00', '', '0000-00-00 00:00:00', '');
INSERT INTO `form_formats` (`id`, `form_id`, `field_id`, `display_column`, `display_order`, `language_heading`, `flag_override_label`, `language_label`, `flag_override_tag`, `language_tag`, `flag_override_help`, `language_help`, `flag_override_type`, `type`, `flag_override_setting`, `setting`, `flag_override_default`, `default`, `flag_add`, `flag_add_readonly`, `flag_edit`, `flag_edit_readonly`, `flag_search`, `flag_search_readonly`, `flag_datagrid`, `flag_datagrid_readonly`, `flag_index`, `flag_detail`, `created`, `created_by`, `modified`, `modified_by`) VALUES ('CAN-999-999-000-999-1017_CAN-999-999-000-999-1031', 'CAN-999-999-000-999-1017', 'CAN-999-999-000-999-1031', '0', '10', '', '0', '', '0', '', '0', '', '0', '', '0', '', '0', '', '1', '0', '1', '0', '0', '0', '0', '0', '0', '1', '0000-00-00 00:00:00', '', '0000-00-00 00:00:00', '');
INSERT INTO `form_formats` (`id`, `form_id`, `field_id`, `display_column`, `display_order`, `language_heading`, `flag_override_label`, `language_label`, `flag_override_tag`, `language_tag`, `flag_override_help`, `language_help`, `flag_override_type`, `type`, `flag_override_setting`, `setting`, `flag_override_default`, `default`, `flag_add`, `flag_add_readonly`, `flag_edit`, `flag_edit_readonly`, `flag_search`, `flag_search_readonly`, `flag_datagrid`, `flag_datagrid_readonly`, `flag_index`, `flag_detail`, `created`, `created_by`, `modified`, `modified_by`) VALUES ('CAN-999-999-000-999-1017_CAN-999-999-000-999-1029', 'CAN-999-999-000-999-1017', 'CAN-999-999-000-999-1029', '0', '20', '', '0', '', '0', '', '0', '', '0', '', '0', '', '0', '', '1', '0', '1', '0', '0', '0', '0', '0', '0', '1', '0000-00-00 00:00:00', '', '0000-00-00 00:00:00', '');
INSERT INTO `form_formats` (`id`, `form_id`, `field_id`, `display_column`, `display_order`, `language_heading`, `flag_override_label`, `language_label`, `flag_override_tag`, `language_tag`, `flag_override_help`, `language_help`, `flag_override_type`, `type`, `flag_override_setting`, `setting`, `flag_override_default`, `default`, `flag_add`, `flag_add_readonly`, `flag_edit`, `flag_edit_readonly`, `flag_search`, `flag_search_readonly`, `flag_datagrid`, `flag_datagrid_readonly`, `flag_index`, `flag_detail`, `created`, `created_by`, `modified`, `modified_by`) VALUES ('CAN-999-999-000-999-1017_CAN-999-999-000-999-1022', 'CAN-999-999-000-999-1017', 'CAN-999-999-000-999-1022', '0', '21', '', '0', '', '0', '', '0', '', '0', '', '0', '', '0', '', '1', '0', '1', '0', '0', '0', '0', '0', '0', '1', '0000-00-00 00:00:00', '', '0000-00-00 00:00:00', '');
INSERT INTO `form_formats` (`id`, `form_id`, `field_id`, `display_column`, `display_order`, `language_heading`, `flag_override_label`, `language_label`, `flag_override_tag`, `language_tag`, `flag_override_help`, `language_help`, `flag_override_type`, `type`, `flag_override_setting`, `setting`, `flag_override_default`, `default`, `flag_add`, `flag_add_readonly`, `flag_edit`, `flag_edit_readonly`, `flag_search`, `flag_search_readonly`, `flag_datagrid`, `flag_datagrid_readonly`, `flag_index`, `flag_detail`, `created`, `created_by`, `modified`, `modified_by`) VALUES ('CAN-999-999-000-999-1017_CAN-999-999-000-999-1032', 'CAN-999-999-000-999-1017', 'CAN-999-999-000-999-1032', '1', '30', '', '0', '', '0', '', '0', '', '0', '', '0', '', '0', '', '1', '0', '1', '0', '0', '0', '0', '0', '0', '1', '0000-00-00 00:00:00', '', '0000-00-00 00:00:00', '');
INSERT INTO `form_formats` (`id`, `form_id`, `field_id`, `display_column`, `display_order`, `language_heading`, `flag_override_label`, `language_label`, `flag_override_tag`, `language_tag`, `flag_override_help`, `language_help`, `flag_override_type`, `type`, `flag_override_setting`, `setting`, `flag_override_default`, `default`, `flag_add`, `flag_add_readonly`, `flag_edit`, `flag_edit_readonly`, `flag_search`, `flag_search_readonly`, `flag_datagrid`, `flag_datagrid_readonly`, `flag_index`, `flag_detail`, `created`, `created_by`, `modified`, `modified_by`) VALUES ('CAN-999-999-000-999-1017_CAN-999-999-000-999-1036', 'CAN-999-999-000-999-1017', 'CAN-999-999-000-999-1036', '1', '42', '', '0', '', '0', '', '0', '', '0', '', '0', '', '0', '', '1', '0', '1', '0', '1', '0', '0', '0', '0', '1', '0000-00-00 00:00:00', '', '0000-00-00 00:00:00', '');
INSERT INTO `form_formats` (`id`, `form_id`, `field_id`, `display_column`, `display_order`, `language_heading`, `flag_override_label`, `language_label`, `flag_override_tag`, `language_tag`, `flag_override_help`, `language_help`, `flag_override_type`, `type`, `flag_override_setting`, `setting`, `flag_override_default`, `default`, `flag_add`, `flag_add_readonly`, `flag_edit`, `flag_edit_readonly`, `flag_search`, `flag_search_readonly`, `flag_datagrid`, `flag_datagrid_readonly`, `flag_index`, `flag_detail`, `created`, `created_by`, `modified`, `modified_by`) VALUES ('CAN-999-999-000-999-1017_CAN-999-999-000-999-1037', 'CAN-999-999-000-999-1017', 'CAN-999-999-000-999-1037', '1', '43', '', '0', '', '0', '', '0', '', '0', '', '0', '', '0', '', '1', '0', '1', '0', '1', '0', '0', '0', '0', '1', '0000-00-00 00:00:00', '', '0000-00-00 00:00:00', '');

-- ------------------------------------------------------------------------
-- alias = sd_spe_other_fluids
-- ------------------------------------------------------------------------

DELETE FROM `forms` WHERE `alias` = 'sd_spe_other_fluids';
INSERT INTO `forms` (`id`, `alias`, `language_title`, `language_help`, `flag_add_columns`, `flag_edit_columns`, `flag_search_columns`, `flag_detail_columns`, `created`, `created_by`, `modified`, `modified_by`) VALUES ('CAN-999-999-000-999-1018', 'sd_spe_other_fluids', '', '', '0', '0', '0', '1', '0000-00-00 00:00:00', '', '0000-00-00 00:00:00', '');

DELETE FROM `form_formats` WHERE `form_id` = 'CAN-999-999-000-999-1018';
INSERT INTO `form_formats` (`id`, `form_id`, `field_id`, `display_column`, `display_order`, `language_heading`, `flag_override_label`, `language_label`, `flag_override_tag`, `language_tag`, `flag_override_help`, `language_help`, `flag_override_type`, `type`, `flag_override_setting`, `setting`, `flag_override_default`, `default`, `flag_add`, `flag_add_readonly`, `flag_edit`, `flag_edit_readonly`, `flag_search`, `flag_search_readonly`, `flag_datagrid`, `flag_datagrid_readonly`, `flag_index`, `flag_detail`, `created`, `created_by`, `modified`, `modified_by`) VALUES ('CAN-999-999-000-999-1018_CAN-999-999-000-999-1016', 'CAN-999-999-000-999-1018', 'CAN-999-999-000-999-1016', '0', '1', '', '0', '', '0', '', '0', '', '0', '', '0', '', '0', '', '0', '1', '1', '1', '1', '1', '0', '1', '1', '1', '0000-00-00 00:00:00', '', '0000-00-00 00:00:00', '');
INSERT INTO `form_formats` (`id`, `form_id`, `field_id`, `display_column`, `display_order`, `language_heading`, `flag_override_label`, `language_label`, `flag_override_tag`, `language_tag`, `flag_override_help`, `language_help`, `flag_override_type`, `type`, `flag_override_setting`, `setting`, `flag_override_default`, `default`, `flag_add`, `flag_add_readonly`, `flag_edit`, `flag_edit_readonly`, `flag_search`, `flag_search_readonly`, `flag_datagrid`, `flag_datagrid_readonly`, `flag_index`, `flag_detail`, `created`, `created_by`, `modified`, `modified_by`) VALUES ('CAN-999-999-000-999-1018_CAN-999-999-000-999-1018', 'CAN-999-999-000-999-1018', 'CAN-999-999-000-999-1018', '0', '3', '', '0', '', '0', '', '0', '', '0', '', '0', '', '0', '', '1', '1', '1', '1', '0', '1', '0', '1', '1', '1', '0000-00-00 00:00:00', '', '0000-00-00 00:00:00', '');
INSERT INTO `form_formats` (`id`, `form_id`, `field_id`, `display_column`, `display_order`, `language_heading`, `flag_override_label`, `language_label`, `flag_override_tag`, `language_tag`, `flag_override_help`, `language_help`, `flag_override_type`, `type`, `flag_override_setting`, `setting`, `flag_override_default`, `default`, `flag_add`, `flag_add_readonly`, `flag_edit`, `flag_edit_readonly`, `flag_search`, `flag_search_readonly`, `flag_datagrid`, `flag_datagrid_readonly`, `flag_index`, `flag_detail`, `created`, `created_by`, `modified`, `modified_by`) VALUES ('CAN-999-999-000-999-1018_CAN-999-999-000-999-1027', 'CAN-999-999-000-999-1018', 'CAN-999-999-000-999-1027', '0', '4', '', '0', '', '0', '', '0', '', '0', '', '0', '', '0', '', '1', '1', '1', '1', '0', '1', '0', '1', '1', '1', '0000-00-00 00:00:00', '', '0000-00-00 00:00:00', '');
INSERT INTO `form_formats` (`id`, `form_id`, `field_id`, `display_column`, `display_order`, `language_heading`, `flag_override_label`, `language_label`, `flag_override_tag`, `language_tag`, `flag_override_help`, `language_help`, `flag_override_type`, `type`, `flag_override_setting`, `setting`, `flag_override_default`, `default`, `flag_add`, `flag_add_readonly`, `flag_edit`, `flag_edit_readonly`, `flag_search`, `flag_search_readonly`, `flag_datagrid`, `flag_datagrid_readonly`, `flag_index`, `flag_detail`, `created`, `created_by`, `modified`, `modified_by`) VALUES ('CAN-999-999-000-999-1018_CAN-999-999-000-999-1030', 'CAN-999-999-000-999-1018', 'CAN-999-999-000-999-1030', '0', '11', '', '0', '', '0', '', '0', '', '0', '', '0', '', '0', '', '1', '0', '1', '0', '0', '0', '0', '0', '0', '1', '0000-00-00 00:00:00', '', '0000-00-00 00:00:00', '');
INSERT INTO `form_formats` (`id`, `form_id`, `field_id`, `display_column`, `display_order`, `language_heading`, `flag_override_label`, `language_label`, `flag_override_tag`, `language_tag`, `flag_override_help`, `language_help`, `flag_override_type`, `type`, `flag_override_setting`, `setting`, `flag_override_default`, `default`, `flag_add`, `flag_add_readonly`, `flag_edit`, `flag_edit_readonly`, `flag_search`, `flag_search_readonly`, `flag_datagrid`, `flag_datagrid_readonly`, `flag_index`, `flag_detail`, `created`, `created_by`, `modified`, `modified_by`) VALUES ('CAN-999-999-000-999-1018_CAN-999-999-000-999-1031', 'CAN-999-999-000-999-1018', 'CAN-999-999-000-999-1031', '0', '10', '', '0', '', '0', '', '0', '', '0', '', '0', '', '0', '', '1', '0', '1', '0', '0', '0', '0', '0', '0', '1', '0000-00-00 00:00:00', '', '0000-00-00 00:00:00', '');
INSERT INTO `form_formats` (`id`, `form_id`, `field_id`, `display_column`, `display_order`, `language_heading`, `flag_override_label`, `language_label`, `flag_override_tag`, `language_tag`, `flag_override_help`, `language_help`, `flag_override_type`, `type`, `flag_override_setting`, `setting`, `flag_override_default`, `default`, `flag_add`, `flag_add_readonly`, `flag_edit`, `flag_edit_readonly`, `flag_search`, `flag_search_readonly`, `flag_datagrid`, `flag_datagrid_readonly`, `flag_index`, `flag_detail`, `created`, `created_by`, `modified`, `modified_by`) VALUES ('CAN-999-999-000-999-1018_CAN-999-999-000-999-1029', 'CAN-999-999-000-999-1018', 'CAN-999-999-000-999-1029', '0', '20', '', '0', '', '0', '', '0', '', '0', '', '0', '', '0', '', '1', '0', '1', '0', '0', '0', '0', '0', '0', '1', '0000-00-00 00:00:00', '', '0000-00-00 00:00:00', '');
INSERT INTO `form_formats` (`id`, `form_id`, `field_id`, `display_column`, `display_order`, `language_heading`, `flag_override_label`, `language_label`, `flag_override_tag`, `language_tag`, `flag_override_help`, `language_help`, `flag_override_type`, `type`, `flag_override_setting`, `setting`, `flag_override_default`, `default`, `flag_add`, `flag_add_readonly`, `flag_edit`, `flag_edit_readonly`, `flag_search`, `flag_search_readonly`, `flag_datagrid`, `flag_datagrid_readonly`, `flag_index`, `flag_detail`, `created`, `created_by`, `modified`, `modified_by`) VALUES ('CAN-999-999-000-999-1018_CAN-999-999-000-999-1022', 'CAN-999-999-000-999-1018', 'CAN-999-999-000-999-1022', '0', '21', '', '0', '', '0', '', '0', '', '0', '', '0', '', '0', '', '1', '0', '1', '0', '0', '0', '0', '0', '0', '1', '0000-00-00 00:00:00', '', '0000-00-00 00:00:00', '');
INSERT INTO `form_formats` (`id`, `form_id`, `field_id`, `display_column`, `display_order`, `language_heading`, `flag_override_label`, `language_label`, `flag_override_tag`, `language_tag`, `flag_override_help`, `language_help`, `flag_override_type`, `type`, `flag_override_setting`, `setting`, `flag_override_default`, `default`, `flag_add`, `flag_add_readonly`, `flag_edit`, `flag_edit_readonly`, `flag_search`, `flag_search_readonly`, `flag_datagrid`, `flag_datagrid_readonly`, `flag_index`, `flag_detail`, `created`, `created_by`, `modified`, `modified_by`) VALUES ('CAN-999-999-000-999-1018_CAN-999-999-000-999-1032', 'CAN-999-999-000-999-1018', 'CAN-999-999-000-999-1032', '1', '30', '', '0', '', '0', '', '0', '', '0', '', '0', '', '0', '', '1', '0', '1', '0', '0', '0', '0', '0', '0', '1', '0000-00-00 00:00:00', '', '0000-00-00 00:00:00', '');
INSERT INTO `form_formats` (`id`, `form_id`, `field_id`, `display_column`, `display_order`, `language_heading`, `flag_override_label`, `language_label`, `flag_override_tag`, `language_tag`, `flag_override_help`, `language_help`, `flag_override_type`, `type`, `flag_override_setting`, `setting`, `flag_override_default`, `default`, `flag_add`, `flag_add_readonly`, `flag_edit`, `flag_edit_readonly`, `flag_search`, `flag_search_readonly`, `flag_datagrid`, `flag_datagrid_readonly`, `flag_index`, `flag_detail`, `created`, `created_by`, `modified`, `modified_by`) VALUES ('CAN-999-999-000-999-1018_CAN-999-999-000-999-1036', 'CAN-999-999-000-999-1018', 'CAN-999-999-000-999-1036', '1', '42', '', '0', '', '0', '', '0', '', '0', '', '0', '', '0', '', '1', '0', '1', '0', '1', '0', '0', '0', '0', '1', '0000-00-00 00:00:00', '', '0000-00-00 00:00:00', '');
INSERT INTO `form_formats` (`id`, `form_id`, `field_id`, `display_column`, `display_order`, `language_heading`, `flag_override_label`, `language_label`, `flag_override_tag`, `language_tag`, `flag_override_help`, `language_help`, `flag_override_type`, `type`, `flag_override_setting`, `setting`, `flag_override_default`, `default`, `flag_add`, `flag_add_readonly`, `flag_edit`, `flag_edit_readonly`, `flag_search`, `flag_search_readonly`, `flag_datagrid`, `flag_datagrid_readonly`, `flag_index`, `flag_detail`, `created`, `created_by`, `modified`, `modified_by`) VALUES ('CAN-999-999-000-999-1018_CAN-999-999-000-999-1037', 'CAN-999-999-000-999-1018', 'CAN-999-999-000-999-1037', '1', '43', '', '0', '', '0', '', '0', '', '0', '', '0', '', '0', '', '1', '0', '1', '0', '1', '0', '0', '0', '0', '1', '0000-00-00 00:00:00', '', '0000-00-00 00:00:00', '');

-- ------------------------------------------------------------------------
-- alias = sd_der_blood_cells
-- ------------------------------------------------------------------------

DELETE FROM `forms` WHERE `alias` = 'sd_der_blood_cells';
INSERT INTO `forms` (`id`, `alias`, `language_title`, `language_help`, `flag_add_columns`, `flag_edit_columns`, `flag_search_columns`, `flag_detail_columns`, `created`, `created_by`, `modified`, `modified_by`) VALUES ('CAN-999-999-000-999-1012', 'sd_der_blood_cells', '', '', '0', '0', '0', '1', '0000-00-00 00:00:00', '', '0000-00-00 00:00:00', '');

DELETE FROM `form_fields` WHERE `id` = 'CAN-999-999-000-999-1060';
INSERT INTO `form_fields` (`id`, `model`, `field`, `language_label`, `language_tag`, `type`, `setting`, `default`, `language_help`, `created`, `created_by`, `modified`, `modified_by`) VALUES ('CAN-999-999-000-999-1060', 'DerivativeDetail', 'creation_site', 'creation site', '', 'input', 'size=30', '', '', '0000-00-00 00:00:00', '', '0000-00-00 00:00:00', '');
DELETE FROM `form_fields` WHERE `id` = 'CAN-999-999-000-999-1061';
INSERT INTO `form_fields` (`id`, `model`, `field`, `language_label`, `language_tag`, `type`, `setting`, `default`, `language_help`, `created`, `created_by`, `modified`, `modified_by`) VALUES ('CAN-999-999-000-999-1061', 'DerivativeDetail', 'creation_by', 'creation by', '', 'input', 'size=20', '', '', '0000-00-00 00:00:00', '', '0000-00-00 00:00:00', '');
DELETE FROM `form_fields` WHERE `id` = 'CAN-999-999-000-999-1062';
INSERT INTO `form_fields` (`id`, `model`, `field`, `language_label`, `language_tag`, `type`, `setting`, `default`, `language_help`, `created`, `created_by`, `modified`, `modified_by`) VALUES ('CAN-999-999-000-999-1062', 'DerivativeDetail', 'creation_datetime', 'creation date', '', 'datetime', '', '', '', '0000-00-00 00:00:00', '', '0000-00-00 00:00:00', '');
DELETE FROM `form_fields` WHERE `id` = 'CAN-999-999-000-999-1070';
INSERT INTO `form_fields` (`id`, `model`, `field`, `language_label`, `language_tag`, `type`, `setting`, `default`, `language_help`, `created`, `created_by`, `modified`, `modified_by`) VALUES ('CAN-999-999-000-999-1070', 'Generated', 'time_spent_since_collection_msg', 'time spent since collection', '', 'input', 'size=30', '', '', '0000-00-00 00:00:00', '', '0000-00-00 00:00:00', '');
DELETE FROM `form_fields` WHERE `id` = 'CAN-999-999-000-999-1071';
INSERT INTO `form_fields` (`id`, `model`, `field`, `language_label`, `language_tag`, `type`, `setting`, `default`, `language_help`, `created`, `created_by`, `modified`, `modified_by`) VALUES ('CAN-999-999-000-999-1071', 'Calculated', 'time_spent_since_collection_days', '', 'days', 'input', 'size=7', '', '', '0000-00-00 00:00:00', '', '0000-00-00 00:00:00', '');
DELETE FROM `form_fields` WHERE `id` = 'CAN-999-999-000-999-1072';
INSERT INTO `form_fields` (`id`, `model`, `field`, `language_label`, `language_tag`, `type`, `setting`, `default`, `language_help`, `created`, `created_by`, `modified`, `modified_by`) VALUES ('CAN-999-999-000-999-1072', 'Calculated', 'time_spent_since_collection_hours', '', 'hours', 'input', 'size=3', '', '', '0000-00-00 00:00:00', '', '0000-00-00 00:00:00', '');
DELETE FROM `form_fields` WHERE `id` = 'CAN-999-999-000-999-1073';
INSERT INTO `form_fields` (`id`, `model`, `field`, `language_label`, `language_tag`, `type`, `setting`, `default`, `language_help`, `created`, `created_by`, `modified`, `modified_by`) VALUES ('CAN-999-999-000-999-1073', 'Calculated', 'time_spent_since_collection_minutes', '', 'minutes', 'input', 'size=3', '', '', '0000-00-00 00:00:00', '', '0000-00-00 00:00:00', '');

DELETE FROM `form_fields_global_lookups`
WHERE `field_id`  IN ('CAN-999-999-000-999-1061');

DELETE FROM `form_formats` WHERE `form_id` = 'CAN-999-999-000-999-1012';
INSERT INTO `form_formats` (`id`, `form_id`, `field_id`, `display_column`, `display_order`, `language_heading`, `flag_override_label`, `language_label`, `flag_override_tag`, `language_tag`, `flag_override_help`, `language_help`, `flag_override_type`, `type`, `flag_override_setting`, `setting`, `flag_override_default`, `default`, `flag_add`, `flag_add_readonly`, `flag_edit`, `flag_edit_readonly`, `flag_search`, `flag_search_readonly`, `flag_datagrid`, `flag_datagrid_readonly`, `flag_index`, `flag_detail`, `created`, `created_by`, `modified`, `modified_by`) VALUES ('CAN-999-999-000-999-1012_CAN-999-999-000-999-1016', 'CAN-999-999-000-999-1012', 'CAN-999-999-000-999-1016', '0', '1', '', '0', '', '0', '', '0', '', '0', '', '0', '', '0', '', '0', '1', '1', '1', '1', '1', '0', '1', '1', '1', '0000-00-00 00:00:00', '', '0000-00-00 00:00:00', '');
INSERT INTO `form_formats` (`id`, `form_id`, `field_id`, `display_column`, `display_order`, `language_heading`, `flag_override_label`, `language_label`, `flag_override_tag`, `language_tag`, `flag_override_help`, `language_help`, `flag_override_type`, `type`, `flag_override_setting`, `setting`, `flag_override_default`, `default`, `flag_add`, `flag_add_readonly`, `flag_edit`, `flag_edit_readonly`, `flag_search`, `flag_search_readonly`, `flag_datagrid`, `flag_datagrid_readonly`, `flag_index`, `flag_detail`, `created`, `created_by`, `modified`, `modified_by`) VALUES ('CAN-999-999-000-999-1012_CAN-999-999-000-999-1018', 'CAN-999-999-000-999-1012', 'CAN-999-999-000-999-1018', '0', '3', '', '0', '', '0', '', '0', '', '0', '', '0', '', '0', '', '1', '1', '1', '1', '0', '1', '0', '1', '1', '1', '0000-00-00 00:00:00', '', '0000-00-00 00:00:00', '');
INSERT INTO `form_formats` (`id`, `form_id`, `field_id`, `display_column`, `display_order`, `language_heading`, `flag_override_label`, `language_label`, `flag_override_tag`, `language_tag`, `flag_override_help`, `language_help`, `flag_override_type`, `type`, `flag_override_setting`, `setting`, `flag_override_default`, `default`, `flag_add`, `flag_add_readonly`, `flag_edit`, `flag_edit_readonly`, `flag_search`, `flag_search_readonly`, `flag_datagrid`, `flag_datagrid_readonly`, `flag_index`, `flag_detail`, `created`, `created_by`, `modified`, `modified_by`) VALUES ('CAN-999-999-000-999-1012_CAN-999-999-000-999-1027', 'CAN-999-999-000-999-1012', 'CAN-999-999-000-999-1027', '0', '4', '', '0', '', '0', '', '0', '', '0', '', '0', '', '0', '', '1', '1', '1', '1', '0', '1', '0', '1', '1', '1', '0000-00-00 00:00:00', '', '0000-00-00 00:00:00', '');
INSERT INTO `form_formats` (`id`, `form_id`, `field_id`, `display_column`, `display_order`, `language_heading`, `flag_override_label`, `language_label`, `flag_override_tag`, `language_tag`, `flag_override_help`, `language_help`, `flag_override_type`, `type`, `flag_override_setting`, `setting`, `flag_override_default`, `default`, `flag_add`, `flag_add_readonly`, `flag_edit`, `flag_edit_readonly`, `flag_search`, `flag_search_readonly`, `flag_datagrid`, `flag_datagrid_readonly`, `flag_index`, `flag_detail`, `created`, `created_by`, `modified`, `modified_by`) VALUES ('CAN-999-999-000-999-1012_CAN-999-999-000-999-1030', 'CAN-999-999-000-999-1012', 'CAN-999-999-000-999-1030', '0', '11', '', '0', '', '0', '', '0', '', '0', '', '0', '', '0', '', '1', '0', '1', '0', '0', '0', '0', '0', '0', '1', '0000-00-00 00:00:00', '', '0000-00-00 00:00:00', '');
INSERT INTO `form_formats` (`id`, `form_id`, `field_id`, `display_column`, `display_order`, `language_heading`, `flag_override_label`, `language_label`, `flag_override_tag`, `language_tag`, `flag_override_help`, `language_help`, `flag_override_type`, `type`, `flag_override_setting`, `setting`, `flag_override_default`, `default`, `flag_add`, `flag_add_readonly`, `flag_edit`, `flag_edit_readonly`, `flag_search`, `flag_search_readonly`, `flag_datagrid`, `flag_datagrid_readonly`, `flag_index`, `flag_detail`, `created`, `created_by`, `modified`, `modified_by`) VALUES ('CAN-999-999-000-999-1012_CAN-999-999-000-999-1031', 'CAN-999-999-000-999-1012', 'CAN-999-999-000-999-1031', '0', '10', '', '0', '', '0', '', '0', '', '0', '', '0', '', '0', '', '1', '0', '1', '0', '0', '0', '0', '0', '0', '1', '0000-00-00 00:00:00', '', '0000-00-00 00:00:00', '');
INSERT INTO `form_formats` (`id`, `form_id`, `field_id`, `display_column`, `display_order`, `language_heading`, `flag_override_label`, `language_label`, `flag_override_tag`, `language_tag`, `flag_override_help`, `language_help`, `flag_override_type`, `type`, `flag_override_setting`, `setting`, `flag_override_default`, `default`, `flag_add`, `flag_add_readonly`, `flag_edit`, `flag_edit_readonly`, `flag_search`, `flag_search_readonly`, `flag_datagrid`, `flag_datagrid_readonly`, `flag_index`, `flag_detail`, `created`, `created_by`, `modified`, `modified_by`) VALUES ('CAN-999-999-000-999-1012_CAN-999-999-000-999-1029', 'CAN-999-999-000-999-1012', 'CAN-999-999-000-999-1029', '0', '20', '', '0', '', '0', '', '0', '', '0', '', '0', '', '0', '', '1', '0', '1', '0', '0', '0', '0', '0', '0', '1', '0000-00-00 00:00:00', '', '0000-00-00 00:00:00', '');
INSERT INTO `form_formats` (`id`, `form_id`, `field_id`, `display_column`, `display_order`, `language_heading`, `flag_override_label`, `language_label`, `flag_override_tag`, `language_tag`, `flag_override_help`, `language_help`, `flag_override_type`, `type`, `flag_override_setting`, `setting`, `flag_override_default`, `default`, `flag_add`, `flag_add_readonly`, `flag_edit`, `flag_edit_readonly`, `flag_search`, `flag_search_readonly`, `flag_datagrid`, `flag_datagrid_readonly`, `flag_index`, `flag_detail`, `created`, `created_by`, `modified`, `modified_by`) VALUES ('CAN-999-999-000-999-1012_CAN-999-999-000-999-1022', 'CAN-999-999-000-999-1012', 'CAN-999-999-000-999-1022', '0', '21', '', '0', '', '0', '', '0', '', '0', '', '0', '', '0', '', '1', '0', '1', '0', '0', '0', '0', '0', '0', '1', '0000-00-00 00:00:00', '', '0000-00-00 00:00:00', '');
INSERT INTO `form_formats` (`id`, `form_id`, `field_id`, `display_column`, `display_order`, `language_heading`, `flag_override_label`, `language_label`, `flag_override_tag`, `language_tag`, `flag_override_help`, `language_help`, `flag_override_type`, `type`, `flag_override_setting`, `setting`, `flag_override_default`, `default`, `flag_add`, `flag_add_readonly`, `flag_edit`, `flag_edit_readonly`, `flag_search`, `flag_search_readonly`, `flag_datagrid`, `flag_datagrid_readonly`, `flag_index`, `flag_detail`, `created`, `created_by`, `modified`, `modified_by`) VALUES ('CAN-999-999-000-999-1012_CAN-999-999-000-999-1023', 'CAN-999-999-000-999-1012', 'CAN-999-999-000-999-1023', '0', '5', '', '0', '', '0', '', '0', '', '0', '', '0', '', '0', '', '1', '0', '0', '0', '0', '0', '0', '0', '0', '0', '0000-00-00 00:00:00', '', '0000-00-00 00:00:00', '');
INSERT INTO `form_formats` (`id`, `form_id`, `field_id`, `display_column`, `display_order`, `language_heading`, `flag_override_label`, `language_label`, `flag_override_tag`, `language_tag`, `flag_override_help`, `language_help`, `flag_override_type`, `type`, `flag_override_setting`, `setting`, `flag_override_default`, `default`, `flag_add`, `flag_add_readonly`, `flag_edit`, `flag_edit_readonly`, `flag_search`, `flag_search_readonly`, `flag_datagrid`, `flag_datagrid_readonly`, `flag_index`, `flag_detail`, `created`, `created_by`, `modified`, `modified_by`) VALUES ('CAN-999-999-000-999-1012_CAN-999-999-000-999-1024', 'CAN-999-999-000-999-1012', 'CAN-999-999-000-999-1024', '0', '5', '', '0', '', '0', '', '0', '', '0', '', '0', '', '0', '', '0', '1', '1', '1', '0', '1', '0', '1', '1', '1', '0000-00-00 00:00:00', '', '0000-00-00 00:00:00', '');
INSERT INTO `form_formats` (`id`, `form_id`, `field_id`, `display_column`, `display_order`, `language_heading`, `flag_override_label`, `language_label`, `flag_override_tag`, `language_tag`, `flag_override_help`, `language_help`, `flag_override_type`, `type`, `flag_override_setting`, `setting`, `flag_override_default`, `default`, `flag_add`, `flag_add_readonly`, `flag_edit`, `flag_edit_readonly`, `flag_search`, `flag_search_readonly`, `flag_datagrid`, `flag_datagrid_readonly`, `flag_index`, `flag_detail`, `created`, `created_by`, `modified`, `modified_by`) VALUES ('CAN-999-999-000-999-1012_CAN-999-999-000-999-1060', 'CAN-999-999-000-999-1012', 'CAN-999-999-000-999-1060', '1', '30', '', '0', '', '0', '', '0', '', '0', '', '0', '', '0', '', '1', '0', '1', '0', '0', '0', '0', '0', '0', '1', '0000-00-00 00:00:00', '', '0000-00-00 00:00:00', '');
INSERT INTO `form_formats` (`id`, `form_id`, `field_id`, `display_column`, `display_order`, `language_heading`, `flag_override_label`, `language_label`, `flag_override_tag`, `language_tag`, `flag_override_help`, `language_help`, `flag_override_type`, `type`, `flag_override_setting`, `setting`, `flag_override_default`, `default`, `flag_add`, `flag_add_readonly`, `flag_edit`, `flag_edit_readonly`, `flag_search`, `flag_search_readonly`, `flag_datagrid`, `flag_datagrid_readonly`, `flag_index`, `flag_detail`, `created`, `created_by`, `modified`, `modified_by`) VALUES ('CAN-999-999-000-999-1012_CAN-999-999-000-999-1061', 'CAN-999-999-000-999-1012', 'CAN-999-999-000-999-1061', '1', '31', '', '0', '', '0', '', '0', '', '0', '', '0', '', '0', '', '1', '0', '1', '0', '0', '0', '0', '0', '0', '1', '0000-00-00 00:00:00', '', '0000-00-00 00:00:00', '');
INSERT INTO `form_formats` (`id`, `form_id`, `field_id`, `display_column`, `display_order`, `language_heading`, `flag_override_label`, `language_label`, `flag_override_tag`, `language_tag`, `flag_override_help`, `language_help`, `flag_override_type`, `type`, `flag_override_setting`, `setting`, `flag_override_default`, `default`, `flag_add`, `flag_add_readonly`, `flag_edit`, `flag_edit_readonly`, `flag_search`, `flag_search_readonly`, `flag_datagrid`, `flag_datagrid_readonly`, `flag_index`, `flag_detail`, `created`, `created_by`, `modified`, `modified_by`) VALUES ('CAN-999-999-000-999-1012_CAN-999-999-000-999-1062', 'CAN-999-999-000-999-1012', 'CAN-999-999-000-999-1062', '1', '32', '', '0', '', '0', '', '0', '', '0', '', '0', '', '0', '', '1', '0', '1', '0', '0', '0', '0', '0', '0', '1', '0000-00-00 00:00:00', '', '0000-00-00 00:00:00', '');
INSERT INTO `form_formats` (`id`, `form_id`, `field_id`, `display_column`, `display_order`, `language_heading`, `flag_override_label`, `language_label`, `flag_override_tag`, `language_tag`, `flag_override_help`, `language_help`, `flag_override_type`, `type`, `flag_override_setting`, `setting`, `flag_override_default`, `default`, `flag_add`, `flag_add_readonly`, `flag_edit`, `flag_edit_readonly`, `flag_search`, `flag_search_readonly`, `flag_datagrid`, `flag_datagrid_readonly`, `flag_index`, `flag_detail`, `created`, `created_by`, `modified`, `modified_by`) VALUES ('CAN-999-999-000-999-1012_CAN-999-999-000-999-1070', 'CAN-999-999-000-999-1012', 'CAN-999-999-000-999-1070', '1', '45', '', '0', '', '0', '', '0', '', '0', '', '0', '', '0', '', '0', '1', '0', '1', '0', '1', '0', '1', '0', '1', '0000-00-00 00:00:00', '', '0000-00-00 00:00:00', '');
INSERT INTO `form_formats` (`id`, `form_id`, `field_id`, `display_column`, `display_order`, `language_heading`, `flag_override_label`, `language_label`, `flag_override_tag`, `language_tag`, `flag_override_help`, `language_help`, `flag_override_type`, `type`, `flag_override_setting`, `setting`, `flag_override_default`, `default`, `flag_add`, `flag_add_readonly`, `flag_edit`, `flag_edit_readonly`, `flag_search`, `flag_search_readonly`, `flag_datagrid`, `flag_datagrid_readonly`, `flag_index`, `flag_detail`, `created`, `created_by`, `modified`, `modified_by`) VALUES ('CAN-999-999-000-999-1012_CAN-999-999-000-999-1071', 'CAN-999-999-000-999-1012', 'CAN-999-999-000-999-1071', '1', '46', '', '0', '', '0', '', '0', '', '0', '', '0', '', '0', '', '0', '1', '0', '1', '0', '1', '0', '1', '0', '1', '0000-00-00 00:00:00', '', '0000-00-00 00:00:00', '');
INSERT INTO `form_formats` (`id`, `form_id`, `field_id`, `display_column`, `display_order`, `language_heading`, `flag_override_label`, `language_label`, `flag_override_tag`, `language_tag`, `flag_override_help`, `language_help`, `flag_override_type`, `type`, `flag_override_setting`, `setting`, `flag_override_default`, `default`, `flag_add`, `flag_add_readonly`, `flag_edit`, `flag_edit_readonly`, `flag_search`, `flag_search_readonly`, `flag_datagrid`, `flag_datagrid_readonly`, `flag_index`, `flag_detail`, `created`, `created_by`, `modified`, `modified_by`) VALUES ('CAN-999-999-000-999-1012_CAN-999-999-000-999-1072', 'CAN-999-999-000-999-1012', 'CAN-999-999-000-999-1072', '1', '47', '', '0', '', '0', '', '0', '', '0', '', '0', '', '0', '', '0', '1', '0', '1', '0', '1', '0', '1', '0', '1', '0000-00-00 00:00:00', '', '0000-00-00 00:00:00', '');
INSERT INTO `form_formats` (`id`, `form_id`, `field_id`, `display_column`, `display_order`, `language_heading`, `flag_override_label`, `language_label`, `flag_override_tag`, `language_tag`, `flag_override_help`, `language_help`, `flag_override_type`, `type`, `flag_override_setting`, `setting`, `flag_override_default`, `default`, `flag_add`, `flag_add_readonly`, `flag_edit`, `flag_edit_readonly`, `flag_search`, `flag_search_readonly`, `flag_datagrid`, `flag_datagrid_readonly`, `flag_index`, `flag_detail`, `created`, `created_by`, `modified`, `modified_by`) VALUES ('CAN-999-999-000-999-1012_CAN-999-999-000-999-1073', 'CAN-999-999-000-999-1012', 'CAN-999-999-000-999-1073', '1', '48', '', '0', '', '0', '', '0', '', '0', '', '0', '', '0', '', '0', '1', '0', '1', '0', '1', '0', '1', '0', '1', '0000-00-00 00:00:00', '', '0000-00-00 00:00:00', '');

-- ------------------------------------------------------------------------
-- alias = sd_der_pbmcs
-- ------------------------------------------------------------------------

DELETE FROM `forms` WHERE `alias` = 'sd_der_pbmcs';
INSERT INTO `forms` (`id`, `alias`, `language_title`, `language_help`, `flag_add_columns`, `flag_edit_columns`, `flag_search_columns`, `flag_detail_columns`, `created`, `created_by`, `modified`, `modified_by`) VALUES ('CAN-999-999-000-999-1013', 'sd_der_pbmcs', '', '', '0', '0', '0', '1', '0000-00-00 00:00:00', '', '0000-00-00 00:00:00', '');

DELETE FROM `form_formats` WHERE `form_id` = 'CAN-999-999-000-999-1013';
INSERT INTO `form_formats` (`id`, `form_id`, `field_id`, `display_column`, `display_order`, `language_heading`, `flag_override_label`, `language_label`, `flag_override_tag`, `language_tag`, `flag_override_help`, `language_help`, `flag_override_type`, `type`, `flag_override_setting`, `setting`, `flag_override_default`, `default`, `flag_add`, `flag_add_readonly`, `flag_edit`, `flag_edit_readonly`, `flag_search`, `flag_search_readonly`, `flag_datagrid`, `flag_datagrid_readonly`, `flag_index`, `flag_detail`, `created`, `created_by`, `modified`, `modified_by`) VALUES ('CAN-999-999-000-999-1013_CAN-999-999-000-999-1016', 'CAN-999-999-000-999-1013', 'CAN-999-999-000-999-1016', '0', '1', '', '0', '', '0', '', '0', '', '0', '', '0', '', '0', '', '0', '1', '1', '1', '1', '1', '0', '1', '1', '1', '0000-00-00 00:00:00', '', '0000-00-00 00:00:00', '');
INSERT INTO `form_formats` (`id`, `form_id`, `field_id`, `display_column`, `display_order`, `language_heading`, `flag_override_label`, `language_label`, `flag_override_tag`, `language_tag`, `flag_override_help`, `language_help`, `flag_override_type`, `type`, `flag_override_setting`, `setting`, `flag_override_default`, `default`, `flag_add`, `flag_add_readonly`, `flag_edit`, `flag_edit_readonly`, `flag_search`, `flag_search_readonly`, `flag_datagrid`, `flag_datagrid_readonly`, `flag_index`, `flag_detail`, `created`, `created_by`, `modified`, `modified_by`) VALUES ('CAN-999-999-000-999-1013_CAN-999-999-000-999-1018', 'CAN-999-999-000-999-1013', 'CAN-999-999-000-999-1018', '0', '3', '', '0', '', '0', '', '0', '', '0', '', '0', '', '0', '', '1', '1', '1', '1', '0', '1', '0', '1', '1', '1', '0000-00-00 00:00:00', '', '0000-00-00 00:00:00', '');
INSERT INTO `form_formats` (`id`, `form_id`, `field_id`, `display_column`, `display_order`, `language_heading`, `flag_override_label`, `language_label`, `flag_override_tag`, `language_tag`, `flag_override_help`, `language_help`, `flag_override_type`, `type`, `flag_override_setting`, `setting`, `flag_override_default`, `default`, `flag_add`, `flag_add_readonly`, `flag_edit`, `flag_edit_readonly`, `flag_search`, `flag_search_readonly`, `flag_datagrid`, `flag_datagrid_readonly`, `flag_index`, `flag_detail`, `created`, `created_by`, `modified`, `modified_by`) VALUES ('CAN-999-999-000-999-1013_CAN-999-999-000-999-1027', 'CAN-999-999-000-999-1013', 'CAN-999-999-000-999-1027', '0', '4', '', '0', '', '0', '', '0', '', '0', '', '0', '', '0', '', '1', '1', '1', '1', '0', '1', '0', '1', '1', '1', '0000-00-00 00:00:00', '', '0000-00-00 00:00:00', '');
INSERT INTO `form_formats` (`id`, `form_id`, `field_id`, `display_column`, `display_order`, `language_heading`, `flag_override_label`, `language_label`, `flag_override_tag`, `language_tag`, `flag_override_help`, `language_help`, `flag_override_type`, `type`, `flag_override_setting`, `setting`, `flag_override_default`, `default`, `flag_add`, `flag_add_readonly`, `flag_edit`, `flag_edit_readonly`, `flag_search`, `flag_search_readonly`, `flag_datagrid`, `flag_datagrid_readonly`, `flag_index`, `flag_detail`, `created`, `created_by`, `modified`, `modified_by`) VALUES ('CAN-999-999-000-999-1013_CAN-999-999-000-999-1030', 'CAN-999-999-000-999-1013', 'CAN-999-999-000-999-1030', '0', '11', '', '0', '', '0', '', '0', '', '0', '', '0', '', '0', '', '1', '0', '1', '0', '0', '0', '0', '0', '0', '1', '0000-00-00 00:00:00', '', '0000-00-00 00:00:00', '');
INSERT INTO `form_formats` (`id`, `form_id`, `field_id`, `display_column`, `display_order`, `language_heading`, `flag_override_label`, `language_label`, `flag_override_tag`, `language_tag`, `flag_override_help`, `language_help`, `flag_override_type`, `type`, `flag_override_setting`, `setting`, `flag_override_default`, `default`, `flag_add`, `flag_add_readonly`, `flag_edit`, `flag_edit_readonly`, `flag_search`, `flag_search_readonly`, `flag_datagrid`, `flag_datagrid_readonly`, `flag_index`, `flag_detail`, `created`, `created_by`, `modified`, `modified_by`) VALUES ('CAN-999-999-000-999-1013_CAN-999-999-000-999-1031', 'CAN-999-999-000-999-1013', 'CAN-999-999-000-999-1031', '0', '10', '', '0', '', '0', '', '0', '', '0', '', '0', '', '0', '', '1', '0', '1', '0', '0', '0', '0', '0', '0', '1', '0000-00-00 00:00:00', '', '0000-00-00 00:00:00', '');
INSERT INTO `form_formats` (`id`, `form_id`, `field_id`, `display_column`, `display_order`, `language_heading`, `flag_override_label`, `language_label`, `flag_override_tag`, `language_tag`, `flag_override_help`, `language_help`, `flag_override_type`, `type`, `flag_override_setting`, `setting`, `flag_override_default`, `default`, `flag_add`, `flag_add_readonly`, `flag_edit`, `flag_edit_readonly`, `flag_search`, `flag_search_readonly`, `flag_datagrid`, `flag_datagrid_readonly`, `flag_index`, `flag_detail`, `created`, `created_by`, `modified`, `modified_by`) VALUES ('CAN-999-999-000-999-1013_CAN-999-999-000-999-1029', 'CAN-999-999-000-999-1013', 'CAN-999-999-000-999-1029', '0', '20', '', '0', '', '0', '', '0', '', '0', '', '0', '', '0', '', '1', '0', '1', '0', '0', '0', '0', '0', '0', '1', '0000-00-00 00:00:00', '', '0000-00-00 00:00:00', '');
INSERT INTO `form_formats` (`id`, `form_id`, `field_id`, `display_column`, `display_order`, `language_heading`, `flag_override_label`, `language_label`, `flag_override_tag`, `language_tag`, `flag_override_help`, `language_help`, `flag_override_type`, `type`, `flag_override_setting`, `setting`, `flag_override_default`, `default`, `flag_add`, `flag_add_readonly`, `flag_edit`, `flag_edit_readonly`, `flag_search`, `flag_search_readonly`, `flag_datagrid`, `flag_datagrid_readonly`, `flag_index`, `flag_detail`, `created`, `created_by`, `modified`, `modified_by`) VALUES ('CAN-999-999-000-999-1013_CAN-999-999-000-999-1022', 'CAN-999-999-000-999-1013', 'CAN-999-999-000-999-1022', '0', '21', '', '0', '', '0', '', '0', '', '0', '', '0', '', '0', '', '1', '0', '1', '0', '0', '0', '0', '0', '0', '1', '0000-00-00 00:00:00', '', '0000-00-00 00:00:00', '');
INSERT INTO `form_formats` (`id`, `form_id`, `field_id`, `display_column`, `display_order`, `language_heading`, `flag_override_label`, `language_label`, `flag_override_tag`, `language_tag`, `flag_override_help`, `language_help`, `flag_override_type`, `type`, `flag_override_setting`, `setting`, `flag_override_default`, `default`, `flag_add`, `flag_add_readonly`, `flag_edit`, `flag_edit_readonly`, `flag_search`, `flag_search_readonly`, `flag_datagrid`, `flag_datagrid_readonly`, `flag_index`, `flag_detail`, `created`, `created_by`, `modified`, `modified_by`) VALUES ('CAN-999-999-000-999-1013_CAN-999-999-000-999-1023', 'CAN-999-999-000-999-1013', 'CAN-999-999-000-999-1023', '0', '5', '', '0', '', '0', '', '0', '', '0', '', '0', '', '0', '', '1', '0', '0', '0', '0', '0', '0', '0', '0', '0', '0000-00-00 00:00:00', '', '0000-00-00 00:00:00', '');
INSERT INTO `form_formats` (`id`, `form_id`, `field_id`, `display_column`, `display_order`, `language_heading`, `flag_override_label`, `language_label`, `flag_override_tag`, `language_tag`, `flag_override_help`, `language_help`, `flag_override_type`, `type`, `flag_override_setting`, `setting`, `flag_override_default`, `default`, `flag_add`, `flag_add_readonly`, `flag_edit`, `flag_edit_readonly`, `flag_search`, `flag_search_readonly`, `flag_datagrid`, `flag_datagrid_readonly`, `flag_index`, `flag_detail`, `created`, `created_by`, `modified`, `modified_by`) VALUES ('CAN-999-999-000-999-1013_CAN-999-999-000-999-1024', 'CAN-999-999-000-999-1013', 'CAN-999-999-000-999-1024', '0', '5', '', '0', '', '0', '', '0', '', '0', '', '0', '', '0', '', '0', '1', '1', '1', '0', '1', '0', '1', '1', '1', '0000-00-00 00:00:00', '', '0000-00-00 00:00:00', '');
INSERT INTO `form_formats` (`id`, `form_id`, `field_id`, `display_column`, `display_order`, `language_heading`, `flag_override_label`, `language_label`, `flag_override_tag`, `language_tag`, `flag_override_help`, `language_help`, `flag_override_type`, `type`, `flag_override_setting`, `setting`, `flag_override_default`, `default`, `flag_add`, `flag_add_readonly`, `flag_edit`, `flag_edit_readonly`, `flag_search`, `flag_search_readonly`, `flag_datagrid`, `flag_datagrid_readonly`, `flag_index`, `flag_detail`, `created`, `created_by`, `modified`, `modified_by`) VALUES ('CAN-999-999-000-999-1013_CAN-999-999-000-999-1060', 'CAN-999-999-000-999-1013', 'CAN-999-999-000-999-1060', '1', '30', '', '0', '', '0', '', '0', '', '0', '', '0', '', '0', '', '1', '0', '1', '0', '0', '0', '0', '0', '0', '1', '0000-00-00 00:00:00', '', '0000-00-00 00:00:00', '');
INSERT INTO `form_formats` (`id`, `form_id`, `field_id`, `display_column`, `display_order`, `language_heading`, `flag_override_label`, `language_label`, `flag_override_tag`, `language_tag`, `flag_override_help`, `language_help`, `flag_override_type`, `type`, `flag_override_setting`, `setting`, `flag_override_default`, `default`, `flag_add`, `flag_add_readonly`, `flag_edit`, `flag_edit_readonly`, `flag_search`, `flag_search_readonly`, `flag_datagrid`, `flag_datagrid_readonly`, `flag_index`, `flag_detail`, `created`, `created_by`, `modified`, `modified_by`) VALUES ('CAN-999-999-000-999-1013_CAN-999-999-000-999-1061', 'CAN-999-999-000-999-1013', 'CAN-999-999-000-999-1061', '1', '31', '', '0', '', '0', '', '0', '', '0', '', '0', '', '0', '', '1', '0', '1', '0', '0', '0', '0', '0', '0', '1', '0000-00-00 00:00:00', '', '0000-00-00 00:00:00', '');
INSERT INTO `form_formats` (`id`, `form_id`, `field_id`, `display_column`, `display_order`, `language_heading`, `flag_override_label`, `language_label`, `flag_override_tag`, `language_tag`, `flag_override_help`, `language_help`, `flag_override_type`, `type`, `flag_override_setting`, `setting`, `flag_override_default`, `default`, `flag_add`, `flag_add_readonly`, `flag_edit`, `flag_edit_readonly`, `flag_search`, `flag_search_readonly`, `flag_datagrid`, `flag_datagrid_readonly`, `flag_index`, `flag_detail`, `created`, `created_by`, `modified`, `modified_by`) VALUES ('CAN-999-999-000-999-1013_CAN-999-999-000-999-1062', 'CAN-999-999-000-999-1013', 'CAN-999-999-000-999-1062', '1', '32', '', '0', '', '0', '', '0', '', '0', '', '0', '', '0', '', '1', '0', '1', '0', '0', '0', '0', '0', '0', '1', '0000-00-00 00:00:00', '', '0000-00-00 00:00:00', '');
INSERT INTO `form_formats` (`id`, `form_id`, `field_id`, `display_column`, `display_order`, `language_heading`, `flag_override_label`, `language_label`, `flag_override_tag`, `language_tag`, `flag_override_help`, `language_help`, `flag_override_type`, `type`, `flag_override_setting`, `setting`, `flag_override_default`, `default`, `flag_add`, `flag_add_readonly`, `flag_edit`, `flag_edit_readonly`, `flag_search`, `flag_search_readonly`, `flag_datagrid`, `flag_datagrid_readonly`, `flag_index`, `flag_detail`, `created`, `created_by`, `modified`, `modified_by`) VALUES ('CAN-999-999-000-999-1013_CAN-999-999-000-999-1070', 'CAN-999-999-000-999-1013', 'CAN-999-999-000-999-1070', '1', '45', '', '0', '', '0', '', '0', '', '0', '', '0', '', '0', '', '0', '1', '0', '1', '0', '1', '0', '1', '0', '1', '0000-00-00 00:00:00', '', '0000-00-00 00:00:00', '');
INSERT INTO `form_formats` (`id`, `form_id`, `field_id`, `display_column`, `display_order`, `language_heading`, `flag_override_label`, `language_label`, `flag_override_tag`, `language_tag`, `flag_override_help`, `language_help`, `flag_override_type`, `type`, `flag_override_setting`, `setting`, `flag_override_default`, `default`, `flag_add`, `flag_add_readonly`, `flag_edit`, `flag_edit_readonly`, `flag_search`, `flag_search_readonly`, `flag_datagrid`, `flag_datagrid_readonly`, `flag_index`, `flag_detail`, `created`, `created_by`, `modified`, `modified_by`) VALUES ('CAN-999-999-000-999-1013_CAN-999-999-000-999-1071', 'CAN-999-999-000-999-1013', 'CAN-999-999-000-999-1071', '1', '46', '', '0', '', '0', '', '0', '', '0', '', '0', '', '0', '', '0', '1', '0', '1', '0', '1', '0', '1', '0', '1', '0000-00-00 00:00:00', '', '0000-00-00 00:00:00', '');
INSERT INTO `form_formats` (`id`, `form_id`, `field_id`, `display_column`, `display_order`, `language_heading`, `flag_override_label`, `language_label`, `flag_override_tag`, `language_tag`, `flag_override_help`, `language_help`, `flag_override_type`, `type`, `flag_override_setting`, `setting`, `flag_override_default`, `default`, `flag_add`, `flag_add_readonly`, `flag_edit`, `flag_edit_readonly`, `flag_search`, `flag_search_readonly`, `flag_datagrid`, `flag_datagrid_readonly`, `flag_index`, `flag_detail`, `created`, `created_by`, `modified`, `modified_by`) VALUES ('CAN-999-999-000-999-1013_CAN-999-999-000-999-1072', 'CAN-999-999-000-999-1013', 'CAN-999-999-000-999-1072', '1', '47', '', '0', '', '0', '', '0', '', '0', '', '0', '', '0', '', '0', '1', '0', '1', '0', '1', '0', '1', '0', '1', '0000-00-00 00:00:00', '', '0000-00-00 00:00:00', '');
INSERT INTO `form_formats` (`id`, `form_id`, `field_id`, `display_column`, `display_order`, `language_heading`, `flag_override_label`, `language_label`, `flag_override_tag`, `language_tag`, `flag_override_help`, `language_help`, `flag_override_type`, `type`, `flag_override_setting`, `setting`, `flag_override_default`, `default`, `flag_add`, `flag_add_readonly`, `flag_edit`, `flag_edit_readonly`, `flag_search`, `flag_search_readonly`, `flag_datagrid`, `flag_datagrid_readonly`, `flag_index`, `flag_detail`, `created`, `created_by`, `modified`, `modified_by`) VALUES ('CAN-999-999-000-999-1013_CAN-999-999-000-999-1073', 'CAN-999-999-000-999-1013', 'CAN-999-999-000-999-1073', '1', '48', '', '0', '', '0', '', '0', '', '0', '', '0', '', '0', '', '0', '1', '0', '1', '0', '1', '0', '1', '0', '1', '0000-00-00 00:00:00', '', '0000-00-00 00:00:00', '');

-- ------------------------------------------------------------------------
-- alias = sd_der_plasmas
-- ------------------------------------------------------------------------

DELETE FROM `forms` WHERE `alias` = 'sd_der_plasmas';
INSERT INTO `forms` (`id`, `alias`, `language_title`, `language_help`, `flag_add_columns`, `flag_edit_columns`, `flag_search_columns`, `flag_detail_columns`, `created`, `created_by`, `modified`, `modified_by`) VALUES ('CAN-999-999-000-999-1014', 'sd_der_plasmas', '', '', '0', '0', '0', '1', '0000-00-00 00:00:00', '', '0000-00-00 00:00:00', '');

DELETE FROM `form_fields` WHERE `id` = 'CAN-999-999-000-999-1075';
INSERT INTO `form_fields` (`id`, `model`, `field`, `language_label`, `language_tag`, `type`, `setting`, `default`, `language_help`, `created`, `created_by`, `modified`, `modified_by`) VALUES ('CAN-999-999-000-999-1075', 'SampleDetail', 'hemolyze_signs', 'hemolyze signs', '', 'select', '', '', '', '0000-00-00 00:00:00', '', '0000-00-00 00:00:00', '');

DELETE FROM `form_fields_global_lookups` WHERE `field_id` IN ('CAN-999-999-000-999-1075');
INSERT INTO `form_fields_global_lookups` ( `field_id` , `lookup_id`)
VALUES 
('CAN-999-999-000-999-1075', (SELECT `id` FROM `global_lookups` WHERE `alias` LIKE 'yesno' AND `value` like 'yes')), 
('CAN-999-999-000-999-1075', (SELECT `id` FROM `global_lookups` WHERE `alias` LIKE 'yesno' AND `value` like 'no'));

DELETE FROM `form_formats` WHERE `form_id` = 'CAN-999-999-000-999-1014';
INSERT INTO `form_formats` (`id`, `form_id`, `field_id`, `display_column`, `display_order`, `language_heading`, `flag_override_label`, `language_label`, `flag_override_tag`, `language_tag`, `flag_override_help`, `language_help`, `flag_override_type`, `type`, `flag_override_setting`, `setting`, `flag_override_default`, `default`, `flag_add`, `flag_add_readonly`, `flag_edit`, `flag_edit_readonly`, `flag_search`, `flag_search_readonly`, `flag_datagrid`, `flag_datagrid_readonly`, `flag_index`, `flag_detail`, `created`, `created_by`, `modified`, `modified_by`) VALUES ('CAN-999-999-000-999-1014_CAN-999-999-000-999-1016', 'CAN-999-999-000-999-1014', 'CAN-999-999-000-999-1016', '0', '1', '', '0', '', '0', '', '0', '', '0', '', '0', '', '0', '', '0', '1', '1', '1', '1', '1', '0', '1', '1', '1', '0000-00-00 00:00:00', '', '0000-00-00 00:00:00', '');
INSERT INTO `form_formats` (`id`, `form_id`, `field_id`, `display_column`, `display_order`, `language_heading`, `flag_override_label`, `language_label`, `flag_override_tag`, `language_tag`, `flag_override_help`, `language_help`, `flag_override_type`, `type`, `flag_override_setting`, `setting`, `flag_override_default`, `default`, `flag_add`, `flag_add_readonly`, `flag_edit`, `flag_edit_readonly`, `flag_search`, `flag_search_readonly`, `flag_datagrid`, `flag_datagrid_readonly`, `flag_index`, `flag_detail`, `created`, `created_by`, `modified`, `modified_by`) VALUES ('CAN-999-999-000-999-1014_CAN-999-999-000-999-1018', 'CAN-999-999-000-999-1014', 'CAN-999-999-000-999-1018', '0', '3', '', '0', '', '0', '', '0', '', '0', '', '0', '', '0', '', '1', '1', '1', '1', '0', '1', '0', '1', '1', '1', '0000-00-00 00:00:00', '', '0000-00-00 00:00:00', '');
INSERT INTO `form_formats` (`id`, `form_id`, `field_id`, `display_column`, `display_order`, `language_heading`, `flag_override_label`, `language_label`, `flag_override_tag`, `language_tag`, `flag_override_help`, `language_help`, `flag_override_type`, `type`, `flag_override_setting`, `setting`, `flag_override_default`, `default`, `flag_add`, `flag_add_readonly`, `flag_edit`, `flag_edit_readonly`, `flag_search`, `flag_search_readonly`, `flag_datagrid`, `flag_datagrid_readonly`, `flag_index`, `flag_detail`, `created`, `created_by`, `modified`, `modified_by`) VALUES ('CAN-999-999-000-999-1014_CAN-999-999-000-999-1027', 'CAN-999-999-000-999-1014', 'CAN-999-999-000-999-1027', '0', '4', '', '0', '', '0', '', '0', '', '0', '', '0', '', '0', '', '1', '1', '1', '1', '0', '1', '0', '1', '1', '1', '0000-00-00 00:00:00', '', '0000-00-00 00:00:00', '');
INSERT INTO `form_formats` (`id`, `form_id`, `field_id`, `display_column`, `display_order`, `language_heading`, `flag_override_label`, `language_label`, `flag_override_tag`, `language_tag`, `flag_override_help`, `language_help`, `flag_override_type`, `type`, `flag_override_setting`, `setting`, `flag_override_default`, `default`, `flag_add`, `flag_add_readonly`, `flag_edit`, `flag_edit_readonly`, `flag_search`, `flag_search_readonly`, `flag_datagrid`, `flag_datagrid_readonly`, `flag_index`, `flag_detail`, `created`, `created_by`, `modified`, `modified_by`) VALUES ('CAN-999-999-000-999-1014_CAN-999-999-000-999-1030', 'CAN-999-999-000-999-1014', 'CAN-999-999-000-999-1030', '0', '11', '', '0', '', '0', '', '0', '', '0', '', '0', '', '0', '', '1', '0', '1', '0', '0', '0', '0', '0', '0', '1', '0000-00-00 00:00:00', '', '0000-00-00 00:00:00', '');
INSERT INTO `form_formats` (`id`, `form_id`, `field_id`, `display_column`, `display_order`, `language_heading`, `flag_override_label`, `language_label`, `flag_override_tag`, `language_tag`, `flag_override_help`, `language_help`, `flag_override_type`, `type`, `flag_override_setting`, `setting`, `flag_override_default`, `default`, `flag_add`, `flag_add_readonly`, `flag_edit`, `flag_edit_readonly`, `flag_search`, `flag_search_readonly`, `flag_datagrid`, `flag_datagrid_readonly`, `flag_index`, `flag_detail`, `created`, `created_by`, `modified`, `modified_by`) VALUES ('CAN-999-999-000-999-1014_CAN-999-999-000-999-1031', 'CAN-999-999-000-999-1014', 'CAN-999-999-000-999-1031', '0', '10', '', '0', '', '0', '', '0', '', '0', '', '0', '', '0', '', '1', '0', '1', '0', '0', '0', '0', '0', '0', '1', '0000-00-00 00:00:00', '', '0000-00-00 00:00:00', '');
INSERT INTO `form_formats` (`id`, `form_id`, `field_id`, `display_column`, `display_order`, `language_heading`, `flag_override_label`, `language_label`, `flag_override_tag`, `language_tag`, `flag_override_help`, `language_help`, `flag_override_type`, `type`, `flag_override_setting`, `setting`, `flag_override_default`, `default`, `flag_add`, `flag_add_readonly`, `flag_edit`, `flag_edit_readonly`, `flag_search`, `flag_search_readonly`, `flag_datagrid`, `flag_datagrid_readonly`, `flag_index`, `flag_detail`, `created`, `created_by`, `modified`, `modified_by`) VALUES ('CAN-999-999-000-999-1014_CAN-999-999-000-999-1029', 'CAN-999-999-000-999-1014', 'CAN-999-999-000-999-1029', '0', '20', '', '0', '', '0', '', '0', '', '0', '', '0', '', '0', '', '1', '0', '1', '0', '0', '0', '0', '0', '0', '1', '0000-00-00 00:00:00', '', '0000-00-00 00:00:00', '');
INSERT INTO `form_formats` (`id`, `form_id`, `field_id`, `display_column`, `display_order`, `language_heading`, `flag_override_label`, `language_label`, `flag_override_tag`, `language_tag`, `flag_override_help`, `language_help`, `flag_override_type`, `type`, `flag_override_setting`, `setting`, `flag_override_default`, `default`, `flag_add`, `flag_add_readonly`, `flag_edit`, `flag_edit_readonly`, `flag_search`, `flag_search_readonly`, `flag_datagrid`, `flag_datagrid_readonly`, `flag_index`, `flag_detail`, `created`, `created_by`, `modified`, `modified_by`) VALUES ('CAN-999-999-000-999-1014_CAN-999-999-000-999-1022', 'CAN-999-999-000-999-1014', 'CAN-999-999-000-999-1022', '0', '21', '', '0', '', '0', '', '0', '', '0', '', '0', '', '0', '', '1', '0', '1', '0', '0', '0', '0', '0', '0', '1', '0000-00-00 00:00:00', '', '0000-00-00 00:00:00', '');
INSERT INTO `form_formats` (`id`, `form_id`, `field_id`, `display_column`, `display_order`, `language_heading`, `flag_override_label`, `language_label`, `flag_override_tag`, `language_tag`, `flag_override_help`, `language_help`, `flag_override_type`, `type`, `flag_override_setting`, `setting`, `flag_override_default`, `default`, `flag_add`, `flag_add_readonly`, `flag_edit`, `flag_edit_readonly`, `flag_search`, `flag_search_readonly`, `flag_datagrid`, `flag_datagrid_readonly`, `flag_index`, `flag_detail`, `created`, `created_by`, `modified`, `modified_by`) VALUES ('CAN-999-999-000-999-1014_CAN-999-999-000-999-1023', 'CAN-999-999-000-999-1014', 'CAN-999-999-000-999-1023', '0', '5', '', '0', '', '0', '', '0', '', '0', '', '0', '', '0', '', '1', '0', '0', '0', '0', '0', '0', '0', '0', '0', '0000-00-00 00:00:00', '', '0000-00-00 00:00:00', '');
INSERT INTO `form_formats` (`id`, `form_id`, `field_id`, `display_column`, `display_order`, `language_heading`, `flag_override_label`, `language_label`, `flag_override_tag`, `language_tag`, `flag_override_help`, `language_help`, `flag_override_type`, `type`, `flag_override_setting`, `setting`, `flag_override_default`, `default`, `flag_add`, `flag_add_readonly`, `flag_edit`, `flag_edit_readonly`, `flag_search`, `flag_search_readonly`, `flag_datagrid`, `flag_datagrid_readonly`, `flag_index`, `flag_detail`, `created`, `created_by`, `modified`, `modified_by`) VALUES ('CAN-999-999-000-999-1014_CAN-999-999-000-999-1024', 'CAN-999-999-000-999-1014', 'CAN-999-999-000-999-1024', '0', '5', '', '0', '', '0', '', '0', '', '0', '', '0', '', '0', '', '0', '1', '1', '1', '0', '1', '0', '1', '1', '1', '0000-00-00 00:00:00', '', '0000-00-00 00:00:00', '');
INSERT INTO `form_formats` (`id`, `form_id`, `field_id`, `display_column`, `display_order`, `language_heading`, `flag_override_label`, `language_label`, `flag_override_tag`, `language_tag`, `flag_override_help`, `language_help`, `flag_override_type`, `type`, `flag_override_setting`, `setting`, `flag_override_default`, `default`, `flag_add`, `flag_add_readonly`, `flag_edit`, `flag_edit_readonly`, `flag_search`, `flag_search_readonly`, `flag_datagrid`, `flag_datagrid_readonly`, `flag_index`, `flag_detail`, `created`, `created_by`, `modified`, `modified_by`) VALUES ('CAN-999-999-000-999-1014_CAN-999-999-000-999-1060', 'CAN-999-999-000-999-1014', 'CAN-999-999-000-999-1060', '1', '30', '', '0', '', '0', '', '0', '', '0', '', '0', '', '0', '', '1', '0', '1', '0', '0', '0', '0', '0', '0', '1', '0000-00-00 00:00:00', '', '0000-00-00 00:00:00', '');
INSERT INTO `form_formats` (`id`, `form_id`, `field_id`, `display_column`, `display_order`, `language_heading`, `flag_override_label`, `language_label`, `flag_override_tag`, `language_tag`, `flag_override_help`, `language_help`, `flag_override_type`, `type`, `flag_override_setting`, `setting`, `flag_override_default`, `default`, `flag_add`, `flag_add_readonly`, `flag_edit`, `flag_edit_readonly`, `flag_search`, `flag_search_readonly`, `flag_datagrid`, `flag_datagrid_readonly`, `flag_index`, `flag_detail`, `created`, `created_by`, `modified`, `modified_by`) VALUES ('CAN-999-999-000-999-1014_CAN-999-999-000-999-1061', 'CAN-999-999-000-999-1014', 'CAN-999-999-000-999-1061', '1', '31', '', '0', '', '0', '', '0', '', '0', '', '0', '', '0', '', '1', '0', '1', '0', '0', '0', '0', '0', '0', '1', '0000-00-00 00:00:00', '', '0000-00-00 00:00:00', '');
INSERT INTO `form_formats` (`id`, `form_id`, `field_id`, `display_column`, `display_order`, `language_heading`, `flag_override_label`, `language_label`, `flag_override_tag`, `language_tag`, `flag_override_help`, `language_help`, `flag_override_type`, `type`, `flag_override_setting`, `setting`, `flag_override_default`, `default`, `flag_add`, `flag_add_readonly`, `flag_edit`, `flag_edit_readonly`, `flag_search`, `flag_search_readonly`, `flag_datagrid`, `flag_datagrid_readonly`, `flag_index`, `flag_detail`, `created`, `created_by`, `modified`, `modified_by`) VALUES ('CAN-999-999-000-999-1014_CAN-999-999-000-999-1062', 'CAN-999-999-000-999-1014', 'CAN-999-999-000-999-1062', '1', '32', '', '0', '', '0', '', '0', '', '0', '', '0', '', '0', '', '1', '0', '1', '0', '0', '0', '0', '0', '0', '1', '0000-00-00 00:00:00', '', '0000-00-00 00:00:00', '');
INSERT INTO `form_formats` (`id`, `form_id`, `field_id`, `display_column`, `display_order`, `language_heading`, `flag_override_label`, `language_label`, `flag_override_tag`, `language_tag`, `flag_override_help`, `language_help`, `flag_override_type`, `type`, `flag_override_setting`, `setting`, `flag_override_default`, `default`, `flag_add`, `flag_add_readonly`, `flag_edit`, `flag_edit_readonly`, `flag_search`, `flag_search_readonly`, `flag_datagrid`, `flag_datagrid_readonly`, `flag_index`, `flag_detail`, `created`, `created_by`, `modified`, `modified_by`) VALUES ('CAN-999-999-000-999-1014_CAN-999-999-000-999-1070', 'CAN-999-999-000-999-1014', 'CAN-999-999-000-999-1070', '1', '45', '', '0', '', '0', '', '0', '', '0', '', '0', '', '0', '', '0', '1', '0', '1', '0', '1', '0', '1', '0', '1', '0000-00-00 00:00:00', '', '0000-00-00 00:00:00', '');
INSERT INTO `form_formats` (`id`, `form_id`, `field_id`, `display_column`, `display_order`, `language_heading`, `flag_override_label`, `language_label`, `flag_override_tag`, `language_tag`, `flag_override_help`, `language_help`, `flag_override_type`, `type`, `flag_override_setting`, `setting`, `flag_override_default`, `default`, `flag_add`, `flag_add_readonly`, `flag_edit`, `flag_edit_readonly`, `flag_search`, `flag_search_readonly`, `flag_datagrid`, `flag_datagrid_readonly`, `flag_index`, `flag_detail`, `created`, `created_by`, `modified`, `modified_by`) VALUES ('CAN-999-999-000-999-1014_CAN-999-999-000-999-1071', 'CAN-999-999-000-999-1014', 'CAN-999-999-000-999-1071', '1', '46', '', '0', '', '0', '', '0', '', '0', '', '0', '', '0', '', '0', '1', '0', '1', '0', '1', '0', '1', '0', '1', '0000-00-00 00:00:00', '', '0000-00-00 00:00:00', '');
INSERT INTO `form_formats` (`id`, `form_id`, `field_id`, `display_column`, `display_order`, `language_heading`, `flag_override_label`, `language_label`, `flag_override_tag`, `language_tag`, `flag_override_help`, `language_help`, `flag_override_type`, `type`, `flag_override_setting`, `setting`, `flag_override_default`, `default`, `flag_add`, `flag_add_readonly`, `flag_edit`, `flag_edit_readonly`, `flag_search`, `flag_search_readonly`, `flag_datagrid`, `flag_datagrid_readonly`, `flag_index`, `flag_detail`, `created`, `created_by`, `modified`, `modified_by`) VALUES ('CAN-999-999-000-999-1014_CAN-999-999-000-999-1072', 'CAN-999-999-000-999-1014', 'CAN-999-999-000-999-1072', '1', '47', '', '0', '', '0', '', '0', '', '0', '', '0', '', '0', '', '0', '1', '0', '1', '0', '1', '0', '1', '0', '1', '0000-00-00 00:00:00', '', '0000-00-00 00:00:00', '');
INSERT INTO `form_formats` (`id`, `form_id`, `field_id`, `display_column`, `display_order`, `language_heading`, `flag_override_label`, `language_label`, `flag_override_tag`, `language_tag`, `flag_override_help`, `language_help`, `flag_override_type`, `type`, `flag_override_setting`, `setting`, `flag_override_default`, `default`, `flag_add`, `flag_add_readonly`, `flag_edit`, `flag_edit_readonly`, `flag_search`, `flag_search_readonly`, `flag_datagrid`, `flag_datagrid_readonly`, `flag_index`, `flag_detail`, `created`, `created_by`, `modified`, `modified_by`) VALUES ('CAN-999-999-000-999-1014_CAN-999-999-000-999-1073', 'CAN-999-999-000-999-1014', 'CAN-999-999-000-999-1073', '1', '48', '', '0', '', '0', '', '0', '', '0', '', '0', '', '0', '', '0', '1', '0', '1', '0', '1', '0', '1', '0', '1', '0000-00-00 00:00:00', '', '0000-00-00 00:00:00', '');
INSERT INTO `form_formats` (`id`, `form_id`, `field_id`, `display_column`, `display_order`, `language_heading`, `flag_override_label`, `language_label`, `flag_override_tag`, `language_tag`, `flag_override_help`, `language_help`, `flag_override_type`, `type`, `flag_override_setting`, `setting`, `flag_override_default`, `default`, `flag_add`, `flag_add_readonly`, `flag_edit`, `flag_edit_readonly`, `flag_search`, `flag_search_readonly`, `flag_datagrid`, `flag_datagrid_readonly`, `flag_index`, `flag_detail`, `created`, `created_by`, `modified`, `modified_by`) VALUES ('CAN-999-999-000-999-1014_CAN-999-999-000-999-1075', 'CAN-999-999-000-999-1014', 'CAN-999-999-000-999-1075', '1', '40', '', '0', '', '0', '', '0', '', '0', '', '0', '', '0', '', '1', '0', '1', '0', '1', '0', '0', '0', '0', '1', '0000-00-00 00:00:00', '', '0000-00-00 00:00:00', '');

-- ------------------------------------------------------------------------
-- alias = sd_der_serums
-- ------------------------------------------------------------------------

DELETE FROM `forms` WHERE `alias` = 'sd_der_serums';
INSERT INTO `forms` (`id`, `alias`, `language_title`, `language_help`, `flag_add_columns`, `flag_edit_columns`, `flag_search_columns`, `flag_detail_columns`, `created`, `created_by`, `modified`, `modified_by`) VALUES ('CAN-999-999-000-999-1015', 'sd_der_serums', '', '', '0', '0', '0', '1', '0000-00-00 00:00:00', '', '0000-00-00 00:00:00', '');

DELETE FROM `form_formats` WHERE `form_id` = 'CAN-999-999-000-999-1015';
INSERT INTO `form_formats` (`id`, `form_id`, `field_id`, `display_column`, `display_order`, `language_heading`, `flag_override_label`, `language_label`, `flag_override_tag`, `language_tag`, `flag_override_help`, `language_help`, `flag_override_type`, `type`, `flag_override_setting`, `setting`, `flag_override_default`, `default`, `flag_add`, `flag_add_readonly`, `flag_edit`, `flag_edit_readonly`, `flag_search`, `flag_search_readonly`, `flag_datagrid`, `flag_datagrid_readonly`, `flag_index`, `flag_detail`, `created`, `created_by`, `modified`, `modified_by`) VALUES ('CAN-999-999-000-999-1015_CAN-999-999-000-999-1016', 'CAN-999-999-000-999-1015', 'CAN-999-999-000-999-1016', '0', '1', '', '0', '', '0', '', '0', '', '0', '', '0', '', '0', '', '0', '1', '1', '1', '1', '1', '0', '1', '1', '1', '0000-00-00 00:00:00', '', '0000-00-00 00:00:00', '');
INSERT INTO `form_formats` (`id`, `form_id`, `field_id`, `display_column`, `display_order`, `language_heading`, `flag_override_label`, `language_label`, `flag_override_tag`, `language_tag`, `flag_override_help`, `language_help`, `flag_override_type`, `type`, `flag_override_setting`, `setting`, `flag_override_default`, `default`, `flag_add`, `flag_add_readonly`, `flag_edit`, `flag_edit_readonly`, `flag_search`, `flag_search_readonly`, `flag_datagrid`, `flag_datagrid_readonly`, `flag_index`, `flag_detail`, `created`, `created_by`, `modified`, `modified_by`) VALUES ('CAN-999-999-000-999-1015_CAN-999-999-000-999-1018', 'CAN-999-999-000-999-1015', 'CAN-999-999-000-999-1018', '0', '3', '', '0', '', '0', '', '0', '', '0', '', '0', '', '0', '', '1', '1', '1', '1', '0', '1', '0', '1', '1', '1', '0000-00-00 00:00:00', '', '0000-00-00 00:00:00', '');
INSERT INTO `form_formats` (`id`, `form_id`, `field_id`, `display_column`, `display_order`, `language_heading`, `flag_override_label`, `language_label`, `flag_override_tag`, `language_tag`, `flag_override_help`, `language_help`, `flag_override_type`, `type`, `flag_override_setting`, `setting`, `flag_override_default`, `default`, `flag_add`, `flag_add_readonly`, `flag_edit`, `flag_edit_readonly`, `flag_search`, `flag_search_readonly`, `flag_datagrid`, `flag_datagrid_readonly`, `flag_index`, `flag_detail`, `created`, `created_by`, `modified`, `modified_by`) VALUES ('CAN-999-999-000-999-1015_CAN-999-999-000-999-1027', 'CAN-999-999-000-999-1015', 'CAN-999-999-000-999-1027', '0', '4', '', '0', '', '0', '', '0', '', '0', '', '0', '', '0', '', '1', '1', '1', '1', '0', '1', '0', '1', '1', '1', '0000-00-00 00:00:00', '', '0000-00-00 00:00:00', '');
INSERT INTO `form_formats` (`id`, `form_id`, `field_id`, `display_column`, `display_order`, `language_heading`, `flag_override_label`, `language_label`, `flag_override_tag`, `language_tag`, `flag_override_help`, `language_help`, `flag_override_type`, `type`, `flag_override_setting`, `setting`, `flag_override_default`, `default`, `flag_add`, `flag_add_readonly`, `flag_edit`, `flag_edit_readonly`, `flag_search`, `flag_search_readonly`, `flag_datagrid`, `flag_datagrid_readonly`, `flag_index`, `flag_detail`, `created`, `created_by`, `modified`, `modified_by`) VALUES ('CAN-999-999-000-999-1015_CAN-999-999-000-999-1030', 'CAN-999-999-000-999-1015', 'CAN-999-999-000-999-1030', '0', '11', '', '0', '', '0', '', '0', '', '0', '', '0', '', '0', '', '1', '0', '1', '0', '0', '0', '0', '0', '0', '1', '0000-00-00 00:00:00', '', '0000-00-00 00:00:00', '');
INSERT INTO `form_formats` (`id`, `form_id`, `field_id`, `display_column`, `display_order`, `language_heading`, `flag_override_label`, `language_label`, `flag_override_tag`, `language_tag`, `flag_override_help`, `language_help`, `flag_override_type`, `type`, `flag_override_setting`, `setting`, `flag_override_default`, `default`, `flag_add`, `flag_add_readonly`, `flag_edit`, `flag_edit_readonly`, `flag_search`, `flag_search_readonly`, `flag_datagrid`, `flag_datagrid_readonly`, `flag_index`, `flag_detail`, `created`, `created_by`, `modified`, `modified_by`) VALUES ('CAN-999-999-000-999-1015_CAN-999-999-000-999-1031', 'CAN-999-999-000-999-1015', 'CAN-999-999-000-999-1031', '0', '10', '', '0', '', '0', '', '0', '', '0', '', '0', '', '0', '', '1', '0', '1', '0', '0', '0', '0', '0', '0', '1', '0000-00-00 00:00:00', '', '0000-00-00 00:00:00', '');
INSERT INTO `form_formats` (`id`, `form_id`, `field_id`, `display_column`, `display_order`, `language_heading`, `flag_override_label`, `language_label`, `flag_override_tag`, `language_tag`, `flag_override_help`, `language_help`, `flag_override_type`, `type`, `flag_override_setting`, `setting`, `flag_override_default`, `default`, `flag_add`, `flag_add_readonly`, `flag_edit`, `flag_edit_readonly`, `flag_search`, `flag_search_readonly`, `flag_datagrid`, `flag_datagrid_readonly`, `flag_index`, `flag_detail`, `created`, `created_by`, `modified`, `modified_by`) VALUES ('CAN-999-999-000-999-1015_CAN-999-999-000-999-1029', 'CAN-999-999-000-999-1015', 'CAN-999-999-000-999-1029', '0', '20', '', '0', '', '0', '', '0', '', '0', '', '0', '', '0', '', '1', '0', '1', '0', '0', '0', '0', '0', '0', '1', '0000-00-00 00:00:00', '', '0000-00-00 00:00:00', '');
INSERT INTO `form_formats` (`id`, `form_id`, `field_id`, `display_column`, `display_order`, `language_heading`, `flag_override_label`, `language_label`, `flag_override_tag`, `language_tag`, `flag_override_help`, `language_help`, `flag_override_type`, `type`, `flag_override_setting`, `setting`, `flag_override_default`, `default`, `flag_add`, `flag_add_readonly`, `flag_edit`, `flag_edit_readonly`, `flag_search`, `flag_search_readonly`, `flag_datagrid`, `flag_datagrid_readonly`, `flag_index`, `flag_detail`, `created`, `created_by`, `modified`, `modified_by`) VALUES ('CAN-999-999-000-999-1015_CAN-999-999-000-999-1022', 'CAN-999-999-000-999-1015', 'CAN-999-999-000-999-1022', '0', '21', '', '0', '', '0', '', '0', '', '0', '', '0', '', '0', '', '1', '0', '1', '0', '0', '0', '0', '0', '0', '1', '0000-00-00 00:00:00', '', '0000-00-00 00:00:00', '');
INSERT INTO `form_formats` (`id`, `form_id`, `field_id`, `display_column`, `display_order`, `language_heading`, `flag_override_label`, `language_label`, `flag_override_tag`, `language_tag`, `flag_override_help`, `language_help`, `flag_override_type`, `type`, `flag_override_setting`, `setting`, `flag_override_default`, `default`, `flag_add`, `flag_add_readonly`, `flag_edit`, `flag_edit_readonly`, `flag_search`, `flag_search_readonly`, `flag_datagrid`, `flag_datagrid_readonly`, `flag_index`, `flag_detail`, `created`, `created_by`, `modified`, `modified_by`) VALUES ('CAN-999-999-000-999-1015_CAN-999-999-000-999-1023', 'CAN-999-999-000-999-1015', 'CAN-999-999-000-999-1023', '0', '5', '', '0', '', '0', '', '0', '', '0', '', '0', '', '0', '', '1', '0', '0', '0', '0', '0', '0', '0', '0', '0', '0000-00-00 00:00:00', '', '0000-00-00 00:00:00', '');
INSERT INTO `form_formats` (`id`, `form_id`, `field_id`, `display_column`, `display_order`, `language_heading`, `flag_override_label`, `language_label`, `flag_override_tag`, `language_tag`, `flag_override_help`, `language_help`, `flag_override_type`, `type`, `flag_override_setting`, `setting`, `flag_override_default`, `default`, `flag_add`, `flag_add_readonly`, `flag_edit`, `flag_edit_readonly`, `flag_search`, `flag_search_readonly`, `flag_datagrid`, `flag_datagrid_readonly`, `flag_index`, `flag_detail`, `created`, `created_by`, `modified`, `modified_by`) VALUES ('CAN-999-999-000-999-1015_CAN-999-999-000-999-1024', 'CAN-999-999-000-999-1015', 'CAN-999-999-000-999-1024', '0', '5', '', '0', '', '0', '', '0', '', '0', '', '0', '', '0', '', '0', '1', '1', '1', '0', '1', '0', '1', '1', '1', '0000-00-00 00:00:00', '', '0000-00-00 00:00:00', '');
INSERT INTO `form_formats` (`id`, `form_id`, `field_id`, `display_column`, `display_order`, `language_heading`, `flag_override_label`, `language_label`, `flag_override_tag`, `language_tag`, `flag_override_help`, `language_help`, `flag_override_type`, `type`, `flag_override_setting`, `setting`, `flag_override_default`, `default`, `flag_add`, `flag_add_readonly`, `flag_edit`, `flag_edit_readonly`, `flag_search`, `flag_search_readonly`, `flag_datagrid`, `flag_datagrid_readonly`, `flag_index`, `flag_detail`, `created`, `created_by`, `modified`, `modified_by`) VALUES ('CAN-999-999-000-999-1015_CAN-999-999-000-999-1060', 'CAN-999-999-000-999-1015', 'CAN-999-999-000-999-1060', '1', '30', '', '0', '', '0', '', '0', '', '0', '', '0', '', '0', '', '1', '0', '1', '0', '0', '0', '0', '0', '0', '1', '0000-00-00 00:00:00', '', '0000-00-00 00:00:00', '');
INSERT INTO `form_formats` (`id`, `form_id`, `field_id`, `display_column`, `display_order`, `language_heading`, `flag_override_label`, `language_label`, `flag_override_tag`, `language_tag`, `flag_override_help`, `language_help`, `flag_override_type`, `type`, `flag_override_setting`, `setting`, `flag_override_default`, `default`, `flag_add`, `flag_add_readonly`, `flag_edit`, `flag_edit_readonly`, `flag_search`, `flag_search_readonly`, `flag_datagrid`, `flag_datagrid_readonly`, `flag_index`, `flag_detail`, `created`, `created_by`, `modified`, `modified_by`) VALUES ('CAN-999-999-000-999-1015_CAN-999-999-000-999-1061', 'CAN-999-999-000-999-1015', 'CAN-999-999-000-999-1061', '1', '31', '', '0', '', '0', '', '0', '', '0', '', '0', '', '0', '', '1', '0', '1', '0', '0', '0', '0', '0', '0', '1', '0000-00-00 00:00:00', '', '0000-00-00 00:00:00', '');
INSERT INTO `form_formats` (`id`, `form_id`, `field_id`, `display_column`, `display_order`, `language_heading`, `flag_override_label`, `language_label`, `flag_override_tag`, `language_tag`, `flag_override_help`, `language_help`, `flag_override_type`, `type`, `flag_override_setting`, `setting`, `flag_override_default`, `default`, `flag_add`, `flag_add_readonly`, `flag_edit`, `flag_edit_readonly`, `flag_search`, `flag_search_readonly`, `flag_datagrid`, `flag_datagrid_readonly`, `flag_index`, `flag_detail`, `created`, `created_by`, `modified`, `modified_by`) VALUES ('CAN-999-999-000-999-1015_CAN-999-999-000-999-1062', 'CAN-999-999-000-999-1015', 'CAN-999-999-000-999-1062', '1', '32', '', '0', '', '0', '', '0', '', '0', '', '0', '', '0', '', '1', '0', '1', '0', '0', '0', '0', '0', '0', '1', '0000-00-00 00:00:00', '', '0000-00-00 00:00:00', '');
INSERT INTO `form_formats` (`id`, `form_id`, `field_id`, `display_column`, `display_order`, `language_heading`, `flag_override_label`, `language_label`, `flag_override_tag`, `language_tag`, `flag_override_help`, `language_help`, `flag_override_type`, `type`, `flag_override_setting`, `setting`, `flag_override_default`, `default`, `flag_add`, `flag_add_readonly`, `flag_edit`, `flag_edit_readonly`, `flag_search`, `flag_search_readonly`, `flag_datagrid`, `flag_datagrid_readonly`, `flag_index`, `flag_detail`, `created`, `created_by`, `modified`, `modified_by`) VALUES ('CAN-999-999-000-999-1015_CAN-999-999-000-999-1070', 'CAN-999-999-000-999-1015', 'CAN-999-999-000-999-1070', '1', '45', '', '0', '', '0', '', '0', '', '0', '', '0', '', '0', '', '0', '1', '0', '1', '0', '1', '0', '1', '0', '1', '0000-00-00 00:00:00', '', '0000-00-00 00:00:00', '');
INSERT INTO `form_formats` (`id`, `form_id`, `field_id`, `display_column`, `display_order`, `language_heading`, `flag_override_label`, `language_label`, `flag_override_tag`, `language_tag`, `flag_override_help`, `language_help`, `flag_override_type`, `type`, `flag_override_setting`, `setting`, `flag_override_default`, `default`, `flag_add`, `flag_add_readonly`, `flag_edit`, `flag_edit_readonly`, `flag_search`, `flag_search_readonly`, `flag_datagrid`, `flag_datagrid_readonly`, `flag_index`, `flag_detail`, `created`, `created_by`, `modified`, `modified_by`) VALUES ('CAN-999-999-000-999-1015_CAN-999-999-000-999-1071', 'CAN-999-999-000-999-1015', 'CAN-999-999-000-999-1071', '1', '46', '', '0', '', '0', '', '0', '', '0', '', '0', '', '0', '', '0', '1', '0', '1', '0', '1', '0', '1', '0', '1', '0000-00-00 00:00:00', '', '0000-00-00 00:00:00', '');
INSERT INTO `form_formats` (`id`, `form_id`, `field_id`, `display_column`, `display_order`, `language_heading`, `flag_override_label`, `language_label`, `flag_override_tag`, `language_tag`, `flag_override_help`, `language_help`, `flag_override_type`, `type`, `flag_override_setting`, `setting`, `flag_override_default`, `default`, `flag_add`, `flag_add_readonly`, `flag_edit`, `flag_edit_readonly`, `flag_search`, `flag_search_readonly`, `flag_datagrid`, `flag_datagrid_readonly`, `flag_index`, `flag_detail`, `created`, `created_by`, `modified`, `modified_by`) VALUES ('CAN-999-999-000-999-1015_CAN-999-999-000-999-1072', 'CAN-999-999-000-999-1015', 'CAN-999-999-000-999-1072', '1', '47', '', '0', '', '0', '', '0', '', '0', '', '0', '', '0', '', '0', '1', '0', '1', '0', '1', '0', '1', '0', '1', '0000-00-00 00:00:00', '', '0000-00-00 00:00:00', '');
INSERT INTO `form_formats` (`id`, `form_id`, `field_id`, `display_column`, `display_order`, `language_heading`, `flag_override_label`, `language_label`, `flag_override_tag`, `language_tag`, `flag_override_help`, `language_help`, `flag_override_type`, `type`, `flag_override_setting`, `setting`, `flag_override_default`, `default`, `flag_add`, `flag_add_readonly`, `flag_edit`, `flag_edit_readonly`, `flag_search`, `flag_search_readonly`, `flag_datagrid`, `flag_datagrid_readonly`, `flag_index`, `flag_detail`, `created`, `created_by`, `modified`, `modified_by`) VALUES ('CAN-999-999-000-999-1015_CAN-999-999-000-999-1073', 'CAN-999-999-000-999-1015', 'CAN-999-999-000-999-1073', '1', '48', '', '0', '', '0', '', '0', '', '0', '', '0', '', '0', '', '0', '1', '0', '1', '0', '1', '0', '1', '0', '1', '0000-00-00 00:00:00', '', '0000-00-00 00:00:00', '');
INSERT INTO `form_formats` (`id`, `form_id`, `field_id`, `display_column`, `display_order`, `language_heading`, `flag_override_label`, `language_label`, `flag_override_tag`, `language_tag`, `flag_override_help`, `language_help`, `flag_override_type`, `type`, `flag_override_setting`, `setting`, `flag_override_default`, `default`, `flag_add`, `flag_add_readonly`, `flag_edit`, `flag_edit_readonly`, `flag_search`, `flag_search_readonly`, `flag_datagrid`, `flag_datagrid_readonly`, `flag_index`, `flag_detail`, `created`, `created_by`, `modified`, `modified_by`) VALUES ('CAN-999-999-000-999-1015_CAN-999-999-000-999-1075', 'CAN-999-999-000-999-1015', 'CAN-999-999-000-999-1075', '1', '40', '', '0', '', '0', '', '0', '', '0', '', '0', '', '0', '', '1', '0', '1', '0', '1', '0', '0', '0', '0', '1', '0000-00-00 00:00:00', '', '0000-00-00 00:00:00', '');

-- ------------------------------------------------------------------------
-- alias = sd_der_b_cells
-- ------------------------------------------------------------------------

DELETE FROM `forms` WHERE `alias` = 'sd_der_b_cells';
INSERT INTO `forms` (`id`, `alias`, `language_title`, `language_help`, `flag_add_columns`, `flag_edit_columns`, `flag_search_columns`, `flag_detail_columns`, `created`, `created_by`, `modified`, `modified_by`) VALUES ('CAN-999-999-000-999-1061', 'sd_der_b_cells', '', '', '0', '0', '0', '1', '0000-00-00 00:00:00', '', '0000-00-00 00:00:00', '');

DELETE FROM `form_formats` WHERE `form_id` = 'CAN-999-999-000-999-1061';
INSERT INTO `form_formats` (`id`, `form_id`, `field_id`, `display_column`, `display_order`, `language_heading`, `flag_override_label`, `language_label`, `flag_override_tag`, `language_tag`, `flag_override_help`, `language_help`, `flag_override_type`, `type`, `flag_override_setting`, `setting`, `flag_override_default`, `default`, `flag_add`, `flag_add_readonly`, `flag_edit`, `flag_edit_readonly`, `flag_search`, `flag_search_readonly`, `flag_datagrid`, `flag_datagrid_readonly`, `flag_index`, `flag_detail`, `created`, `created_by`, `modified`, `modified_by`) VALUES ('CAN-999-999-000-999-1061_CAN-999-999-000-999-1016', 'CAN-999-999-000-999-1061', 'CAN-999-999-000-999-1016', '0', '1', '', '0', '', '0', '', '0', '', '0', '', '0', '', '0', '', '0', '1', '1', '1', '1', '1', '0', '1', '1', '1', '0000-00-00 00:00:00', '', '0000-00-00 00:00:00', '');
INSERT INTO `form_formats` (`id`, `form_id`, `field_id`, `display_column`, `display_order`, `language_heading`, `flag_override_label`, `language_label`, `flag_override_tag`, `language_tag`, `flag_override_help`, `language_help`, `flag_override_type`, `type`, `flag_override_setting`, `setting`, `flag_override_default`, `default`, `flag_add`, `flag_add_readonly`, `flag_edit`, `flag_edit_readonly`, `flag_search`, `flag_search_readonly`, `flag_datagrid`, `flag_datagrid_readonly`, `flag_index`, `flag_detail`, `created`, `created_by`, `modified`, `modified_by`) VALUES ('CAN-999-999-000-999-1061_CAN-999-999-000-999-1018', 'CAN-999-999-000-999-1061', 'CAN-999-999-000-999-1018', '0', '3', '', '0', '', '0', '', '0', '', '0', '', '0', '', '0', '', '1', '1', '1', '1', '0', '1', '0', '1', '1', '1', '0000-00-00 00:00:00', '', '0000-00-00 00:00:00', '');
INSERT INTO `form_formats` (`id`, `form_id`, `field_id`, `display_column`, `display_order`, `language_heading`, `flag_override_label`, `language_label`, `flag_override_tag`, `language_tag`, `flag_override_help`, `language_help`, `flag_override_type`, `type`, `flag_override_setting`, `setting`, `flag_override_default`, `default`, `flag_add`, `flag_add_readonly`, `flag_edit`, `flag_edit_readonly`, `flag_search`, `flag_search_readonly`, `flag_datagrid`, `flag_datagrid_readonly`, `flag_index`, `flag_detail`, `created`, `created_by`, `modified`, `modified_by`) VALUES ('CAN-999-999-000-999-1061_CAN-999-999-000-999-1027', 'CAN-999-999-000-999-1061', 'CAN-999-999-000-999-1027', '0', '4', '', '0', '', '0', '', '0', '', '0', '', '0', '', '0', '', '1', '1', '1', '1', '0', '1', '0', '1', '1', '1', '0000-00-00 00:00:00', '', '0000-00-00 00:00:00', '');
INSERT INTO `form_formats` (`id`, `form_id`, `field_id`, `display_column`, `display_order`, `language_heading`, `flag_override_label`, `language_label`, `flag_override_tag`, `language_tag`, `flag_override_help`, `language_help`, `flag_override_type`, `type`, `flag_override_setting`, `setting`, `flag_override_default`, `default`, `flag_add`, `flag_add_readonly`, `flag_edit`, `flag_edit_readonly`, `flag_search`, `flag_search_readonly`, `flag_datagrid`, `flag_datagrid_readonly`, `flag_index`, `flag_detail`, `created`, `created_by`, `modified`, `modified_by`) VALUES ('CAN-999-999-000-999-1061_CAN-999-999-000-999-1030', 'CAN-999-999-000-999-1061', 'CAN-999-999-000-999-1030', '0', '11', '', '0', '', '0', '', '0', '', '0', '', '0', '', '0', '', '1', '0', '1', '0', '0', '0', '0', '0', '0', '1', '0000-00-00 00:00:00', '', '0000-00-00 00:00:00', '');
INSERT INTO `form_formats` (`id`, `form_id`, `field_id`, `display_column`, `display_order`, `language_heading`, `flag_override_label`, `language_label`, `flag_override_tag`, `language_tag`, `flag_override_help`, `language_help`, `flag_override_type`, `type`, `flag_override_setting`, `setting`, `flag_override_default`, `default`, `flag_add`, `flag_add_readonly`, `flag_edit`, `flag_edit_readonly`, `flag_search`, `flag_search_readonly`, `flag_datagrid`, `flag_datagrid_readonly`, `flag_index`, `flag_detail`, `created`, `created_by`, `modified`, `modified_by`) VALUES ('CAN-999-999-000-999-1061_CAN-999-999-000-999-1031', 'CAN-999-999-000-999-1061', 'CAN-999-999-000-999-1031', '0', '10', '', '0', '', '0', '', '0', '', '0', '', '0', '', '0', '', '1', '0', '1', '0', '0', '0', '0', '0', '0', '1', '0000-00-00 00:00:00', '', '0000-00-00 00:00:00', '');
INSERT INTO `form_formats` (`id`, `form_id`, `field_id`, `display_column`, `display_order`, `language_heading`, `flag_override_label`, `language_label`, `flag_override_tag`, `language_tag`, `flag_override_help`, `language_help`, `flag_override_type`, `type`, `flag_override_setting`, `setting`, `flag_override_default`, `default`, `flag_add`, `flag_add_readonly`, `flag_edit`, `flag_edit_readonly`, `flag_search`, `flag_search_readonly`, `flag_datagrid`, `flag_datagrid_readonly`, `flag_index`, `flag_detail`, `created`, `created_by`, `modified`, `modified_by`) VALUES ('CAN-999-999-000-999-1061_CAN-999-999-000-999-1029', 'CAN-999-999-000-999-1061', 'CAN-999-999-000-999-1029', '0', '20', '', '0', '', '0', '', '0', '', '0', '', '0', '', '0', '', '1', '0', '1', '0', '0', '0', '0', '0', '0', '1', '0000-00-00 00:00:00', '', '0000-00-00 00:00:00', '');
INSERT INTO `form_formats` (`id`, `form_id`, `field_id`, `display_column`, `display_order`, `language_heading`, `flag_override_label`, `language_label`, `flag_override_tag`, `language_tag`, `flag_override_help`, `language_help`, `flag_override_type`, `type`, `flag_override_setting`, `setting`, `flag_override_default`, `default`, `flag_add`, `flag_add_readonly`, `flag_edit`, `flag_edit_readonly`, `flag_search`, `flag_search_readonly`, `flag_datagrid`, `flag_datagrid_readonly`, `flag_index`, `flag_detail`, `created`, `created_by`, `modified`, `modified_by`) VALUES ('CAN-999-999-000-999-1061_CAN-999-999-000-999-1022', 'CAN-999-999-000-999-1061', 'CAN-999-999-000-999-1022', '0', '21', '', '0', '', '0', '', '0', '', '0', '', '0', '', '0', '', '1', '0', '1', '0', '0', '0', '0', '0', '0', '1', '0000-00-00 00:00:00', '', '0000-00-00 00:00:00', '');
INSERT INTO `form_formats` (`id`, `form_id`, `field_id`, `display_column`, `display_order`, `language_heading`, `flag_override_label`, `language_label`, `flag_override_tag`, `language_tag`, `flag_override_help`, `language_help`, `flag_override_type`, `type`, `flag_override_setting`, `setting`, `flag_override_default`, `default`, `flag_add`, `flag_add_readonly`, `flag_edit`, `flag_edit_readonly`, `flag_search`, `flag_search_readonly`, `flag_datagrid`, `flag_datagrid_readonly`, `flag_index`, `flag_detail`, `created`, `created_by`, `modified`, `modified_by`) VALUES ('CAN-999-999-000-999-1061_CAN-999-999-000-999-1023', 'CAN-999-999-000-999-1061', 'CAN-999-999-000-999-1023', '0', '5', '', '0', '', '0', '', '0', '', '0', '', '0', '', '0', '', '1', '0', '0', '0', '0', '0', '0', '0', '0', '0', '0000-00-00 00:00:00', '', '0000-00-00 00:00:00', '');
INSERT INTO `form_formats` (`id`, `form_id`, `field_id`, `display_column`, `display_order`, `language_heading`, `flag_override_label`, `language_label`, `flag_override_tag`, `language_tag`, `flag_override_help`, `language_help`, `flag_override_type`, `type`, `flag_override_setting`, `setting`, `flag_override_default`, `default`, `flag_add`, `flag_add_readonly`, `flag_edit`, `flag_edit_readonly`, `flag_search`, `flag_search_readonly`, `flag_datagrid`, `flag_datagrid_readonly`, `flag_index`, `flag_detail`, `created`, `created_by`, `modified`, `modified_by`) VALUES ('CAN-999-999-000-999-1061_CAN-999-999-000-999-1024', 'CAN-999-999-000-999-1061', 'CAN-999-999-000-999-1024', '0', '5', '', '0', '', '0', '', '0', '', '0', '', '0', '', '0', '', '0', '1', '1', '1', '0', '1', '0', '1', '1', '1', '0000-00-00 00:00:00', '', '0000-00-00 00:00:00', '');
INSERT INTO `form_formats` (`id`, `form_id`, `field_id`, `display_column`, `display_order`, `language_heading`, `flag_override_label`, `language_label`, `flag_override_tag`, `language_tag`, `flag_override_help`, `language_help`, `flag_override_type`, `type`, `flag_override_setting`, `setting`, `flag_override_default`, `default`, `flag_add`, `flag_add_readonly`, `flag_edit`, `flag_edit_readonly`, `flag_search`, `flag_search_readonly`, `flag_datagrid`, `flag_datagrid_readonly`, `flag_index`, `flag_detail`, `created`, `created_by`, `modified`, `modified_by`) VALUES ('CAN-999-999-000-999-1061_CAN-999-999-000-999-1060', 'CAN-999-999-000-999-1061', 'CAN-999-999-000-999-1060', '1', '30', '', '0', '', '0', '', '0', '', '0', '', '0', '', '0', '', '1', '0', '1', '0', '0', '0', '0', '0', '0', '1', '0000-00-00 00:00:00', '', '0000-00-00 00:00:00', '');
INSERT INTO `form_formats` (`id`, `form_id`, `field_id`, `display_column`, `display_order`, `language_heading`, `flag_override_label`, `language_label`, `flag_override_tag`, `language_tag`, `flag_override_help`, `language_help`, `flag_override_type`, `type`, `flag_override_setting`, `setting`, `flag_override_default`, `default`, `flag_add`, `flag_add_readonly`, `flag_edit`, `flag_edit_readonly`, `flag_search`, `flag_search_readonly`, `flag_datagrid`, `flag_datagrid_readonly`, `flag_index`, `flag_detail`, `created`, `created_by`, `modified`, `modified_by`) VALUES ('CAN-999-999-000-999-1061_CAN-999-999-000-999-1061', 'CAN-999-999-000-999-1061', 'CAN-999-999-000-999-1061', '1', '31', '', '0', '', '0', '', '0', '', '0', '', '0', '', '0', '', '1', '0', '1', '0', '0', '0', '0', '0', '0', '1', '0000-00-00 00:00:00', '', '0000-00-00 00:00:00', '');
INSERT INTO `form_formats` (`id`, `form_id`, `field_id`, `display_column`, `display_order`, `language_heading`, `flag_override_label`, `language_label`, `flag_override_tag`, `language_tag`, `flag_override_help`, `language_help`, `flag_override_type`, `type`, `flag_override_setting`, `setting`, `flag_override_default`, `default`, `flag_add`, `flag_add_readonly`, `flag_edit`, `flag_edit_readonly`, `flag_search`, `flag_search_readonly`, `flag_datagrid`, `flag_datagrid_readonly`, `flag_index`, `flag_detail`, `created`, `created_by`, `modified`, `modified_by`) VALUES ('CAN-999-999-000-999-1061_CAN-999-999-000-999-1062', 'CAN-999-999-000-999-1061', 'CAN-999-999-000-999-1062', '1', '32', '', '0', '', '0', '', '0', '', '0', '', '0', '', '0', '', '1', '0', '1', '0', '0', '0', '0', '0', '0', '1', '0000-00-00 00:00:00', '', '0000-00-00 00:00:00', '');
INSERT INTO `form_formats` (`id`, `form_id`, `field_id`, `display_column`, `display_order`, `language_heading`, `flag_override_label`, `language_label`, `flag_override_tag`, `language_tag`, `flag_override_help`, `language_help`, `flag_override_type`, `type`, `flag_override_setting`, `setting`, `flag_override_default`, `default`, `flag_add`, `flag_add_readonly`, `flag_edit`, `flag_edit_readonly`, `flag_search`, `flag_search_readonly`, `flag_datagrid`, `flag_datagrid_readonly`, `flag_index`, `flag_detail`, `created`, `created_by`, `modified`, `modified_by`) VALUES ('CAN-999-999-000-999-1061_CAN-999-999-000-999-1070', 'CAN-999-999-000-999-1061', 'CAN-999-999-000-999-1070', '1', '45', '', '0', '', '0', '', '0', '', '0', '', '0', '', '0', '', '0', '1', '0', '1', '0', '1', '0', '1', '0', '1', '0000-00-00 00:00:00', '', '0000-00-00 00:00:00', '');
INSERT INTO `form_formats` (`id`, `form_id`, `field_id`, `display_column`, `display_order`, `language_heading`, `flag_override_label`, `language_label`, `flag_override_tag`, `language_tag`, `flag_override_help`, `language_help`, `flag_override_type`, `type`, `flag_override_setting`, `setting`, `flag_override_default`, `default`, `flag_add`, `flag_add_readonly`, `flag_edit`, `flag_edit_readonly`, `flag_search`, `flag_search_readonly`, `flag_datagrid`, `flag_datagrid_readonly`, `flag_index`, `flag_detail`, `created`, `created_by`, `modified`, `modified_by`) VALUES ('CAN-999-999-000-999-1061_CAN-999-999-000-999-1071', 'CAN-999-999-000-999-1061', 'CAN-999-999-000-999-1071', '1', '46', '', '0', '', '0', '', '0', '', '0', '', '0', '', '0', '', '0', '1', '0', '1', '0', '1', '0', '1', '0', '1', '0000-00-00 00:00:00', '', '0000-00-00 00:00:00', '');
INSERT INTO `form_formats` (`id`, `form_id`, `field_id`, `display_column`, `display_order`, `language_heading`, `flag_override_label`, `language_label`, `flag_override_tag`, `language_tag`, `flag_override_help`, `language_help`, `flag_override_type`, `type`, `flag_override_setting`, `setting`, `flag_override_default`, `default`, `flag_add`, `flag_add_readonly`, `flag_edit`, `flag_edit_readonly`, `flag_search`, `flag_search_readonly`, `flag_datagrid`, `flag_datagrid_readonly`, `flag_index`, `flag_detail`, `created`, `created_by`, `modified`, `modified_by`) VALUES ('CAN-999-999-000-999-1061_CAN-999-999-000-999-1072', 'CAN-999-999-000-999-1061', 'CAN-999-999-000-999-1072', '1', '47', '', '0', '', '0', '', '0', '', '0', '', '0', '', '0', '', '0', '1', '0', '1', '0', '1', '0', '1', '0', '1', '0000-00-00 00:00:00', '', '0000-00-00 00:00:00', '');
INSERT INTO `form_formats` (`id`, `form_id`, `field_id`, `display_column`, `display_order`, `language_heading`, `flag_override_label`, `language_label`, `flag_override_tag`, `language_tag`, `flag_override_help`, `language_help`, `flag_override_type`, `type`, `flag_override_setting`, `setting`, `flag_override_default`, `default`, `flag_add`, `flag_add_readonly`, `flag_edit`, `flag_edit_readonly`, `flag_search`, `flag_search_readonly`, `flag_datagrid`, `flag_datagrid_readonly`, `flag_index`, `flag_detail`, `created`, `created_by`, `modified`, `modified_by`) VALUES ('CAN-999-999-000-999-1061_CAN-999-999-000-999-1073', 'CAN-999-999-000-999-1061', 'CAN-999-999-000-999-1073', '1', '48', '', '0', '', '0', '', '0', '', '0', '', '0', '', '0', '', '0', '1', '0', '1', '0', '1', '0', '1', '0', '1', '0000-00-00 00:00:00', '', '0000-00-00 00:00:00', '');

-- ------------------------------------------------------------------------
-- alias = sd_der_cell_cultures
-- ------------------------------------------------------------------------

DELETE FROM `forms` WHERE `alias` = 'sd_der_cell_cultures';
INSERT INTO `forms` (`id`, `alias`, `language_title`, `language_help`, `flag_add_columns`, `flag_edit_columns`, `flag_search_columns`, `flag_detail_columns`, `created`, `created_by`, `modified`, `modified_by`) VALUES ('CAN-999-999-000-999-1011', 'sd_der_cell_cultures', '', '', '0', '0', '0', '1', '0000-00-00 00:00:00', '', '0000-00-00 00:00:00', '');

DELETE FROM `form_fields` WHERE `id` = 'CAN-999-999-000-999-1065';
INSERT INTO `form_fields` (`id`, `model`, `field`, `language_label`, `language_tag`, `type`, `setting`, `default`, `language_help`, `created`, `created_by`, `modified`, `modified_by`) VALUES ('CAN-999-999-000-999-1065', 'SampleDetail', 'culture_status', 'culture status', '', 'select', '', '', '', '0000-00-00 00:00:00', '', '0000-00-00 00:00:00', '');
DELETE FROM `form_fields` WHERE `id` = 'CAN-999-999-000-999-1066';
INSERT INTO `form_fields` (`id`, `model`, `field`, `language_label`, `language_tag`, `type`, `setting`, `default`, `language_help`, `created`, `created_by`, `modified`, `modified_by`) VALUES ('CAN-999-999-000-999-1066', 'SampleDetail', 'culture_status_reason', 'culture status reason', '', 'select', '', '', '', '0000-00-00 00:00:00', '', '0000-00-00 00:00:00', '');
DELETE FROM `form_fields` WHERE `id` = 'CAN-999-999-000-999-1067';
INSERT INTO `form_fields` (`id`, `model`, `field`, `language_label`, `language_tag`, `type`, `setting`, `default`, `language_help`, `created`, `created_by`, `modified`, `modified_by`) VALUES ('CAN-999-999-000-999-1067', 'SampleDetail', 'cell_passage_number', 'cell pasage number', '', 'input', 'size=6', '', '', '0000-00-00 00:00:00', '', '0000-00-00 00:00:00', '');

DELETE FROM `global_lookups` WHERE `alias` IN ('cell_culture_status',
'cell_culture_status_reason');

INSERT INTO `global_lookups` (`id`, `alias`, `section`, `subsection`, `value`, `language_choice`, `display_order`, `active`, `created`, `created_by`, `modified`, `modified_by`) VALUES 
(NULL, 'cell_culture_status', NULL, NULL, 'unknown', 'unknown', 1, 'yes', NULL, NULL, NULL, NULL),
(NULL, 'cell_culture_status', NULL, NULL, 'in culture', 'in culture', 2, 'yes', NULL, NULL, NULL, NULL),
(NULL, 'cell_culture_status', NULL, NULL, 'stopped', 'stopped', 3, 'yes', NULL, NULL, NULL, NULL),

(NULL, 'cell_culture_status_reason', NULL, NULL, 'unknown', 'unknown', 1, 'yes', NULL, NULL, NULL, NULL),
(NULL, 'cell_culture_status_reason', NULL, NULL, 'contaminated', 'contaminated', 2, 'yes', NULL, NULL, NULL, NULL),
(NULL, 'cell_culture_status_reason', NULL, NULL, 'cell dead', 'cell dead', 3, 'yes', NULL, NULL, NULL, NULL),
(NULL, 'cell_culture_status_reason', NULL, NULL, 'used and/or stored', 'used and/or stored', 4, 'yes', NULL, NULL, NULL, NULL),
(NULL, 'cell_culture_status_reason', NULL, NULL, 'other', 'other', 5, 'yes', NULL, NULL, NULL, NULL);

DELETE FROM `form_fields_global_lookups` WHERE `field_id` IN ('CAN-999-999-000-999-1065',
'CAN-999-999-000-999-1066');
INSERT INTO `form_fields_global_lookups` ( `field_id` , `lookup_id`)
VALUES 
('CAN-999-999-000-999-1065', (SELECT `id` FROM `global_lookups` WHERE `alias` LIKE 'cell_culture_status' AND `value` like 'unknown')), 
('CAN-999-999-000-999-1065', (SELECT `id` FROM `global_lookups` WHERE `alias` LIKE 'cell_culture_status' AND `value` like 'in culture')), 
('CAN-999-999-000-999-1065', (SELECT `id` FROM `global_lookups` WHERE `alias` LIKE 'cell_culture_status' AND `value` like 'stopped')),

('CAN-999-999-000-999-1066', (SELECT `id` FROM `global_lookups` WHERE `alias` LIKE 'cell_culture_status_reason' AND `value` like 'unknown')), 
('CAN-999-999-000-999-1066', (SELECT `id` FROM `global_lookups` WHERE `alias` LIKE 'cell_culture_status_reason' AND `value` like 'contaminated')), 
('CAN-999-999-000-999-1066', (SELECT `id` FROM `global_lookups` WHERE `alias` LIKE 'cell_culture_status_reason' AND `value` like 'other')),
('CAN-999-999-000-999-1066', (SELECT `id` FROM `global_lookups` WHERE `alias` LIKE 'cell_culture_status_reason' AND `value` like 'used and/or stored')),
('CAN-999-999-000-999-1066', (SELECT `id` FROM `global_lookups` WHERE `alias` LIKE 'cell_culture_status_reason' AND `value` like 'cell dead'));

DELETE FROM `form_validations` WHERE `form_field_id` = 'CAN-999-999-000-999-1067';
INSERT INTO `form_validations` (`id`, `form_field_id`, `expression`, `message`, `created`, `created_by`, `modified`, `modifed_by`) VALUES (NULL, 'CAN-999-999-000-999-1067', '/^\\d*([\\.]\\d*)?$/', 'cell passage number should be a positif decimal', '0000-00-00 00:00:00', '', '0000-00-00 00:00:00', '');

DELETE FROM `form_formats` WHERE `form_id` = 'CAN-999-999-000-999-1011';
INSERT INTO `form_formats` (`id`, `form_id`, `field_id`, `display_column`, `display_order`, `language_heading`, `flag_override_label`, `language_label`, `flag_override_tag`, `language_tag`, `flag_override_help`, `language_help`, `flag_override_type`, `type`, `flag_override_setting`, `setting`, `flag_override_default`, `default`, `flag_add`, `flag_add_readonly`, `flag_edit`, `flag_edit_readonly`, `flag_search`, `flag_search_readonly`, `flag_datagrid`, `flag_datagrid_readonly`, `flag_index`, `flag_detail`, `created`, `created_by`, `modified`, `modified_by`) VALUES ('CAN-999-999-000-999-1011_CAN-999-999-000-999-1016', 'CAN-999-999-000-999-1011', 'CAN-999-999-000-999-1016', '0', '1', '', '0', '', '0', '', '0', '', '0', '', '0', '', '0', '', '0', '1', '1', '1', '1', '1', '0', '1', '1', '1', '0000-00-00 00:00:00', '', '0000-00-00 00:00:00', '');
INSERT INTO `form_formats` (`id`, `form_id`, `field_id`, `display_column`, `display_order`, `language_heading`, `flag_override_label`, `language_label`, `flag_override_tag`, `language_tag`, `flag_override_help`, `language_help`, `flag_override_type`, `type`, `flag_override_setting`, `setting`, `flag_override_default`, `default`, `flag_add`, `flag_add_readonly`, `flag_edit`, `flag_edit_readonly`, `flag_search`, `flag_search_readonly`, `flag_datagrid`, `flag_datagrid_readonly`, `flag_index`, `flag_detail`, `created`, `created_by`, `modified`, `modified_by`) VALUES ('CAN-999-999-000-999-1011_CAN-999-999-000-999-1018', 'CAN-999-999-000-999-1011', 'CAN-999-999-000-999-1018', '0', '3', '', '0', '', '0', '', '0', '', '0', '', '0', '', '0', '', '1', '1', '1', '1', '0', '1', '0', '1', '1', '1', '0000-00-00 00:00:00', '', '0000-00-00 00:00:00', '');
INSERT INTO `form_formats` (`id`, `form_id`, `field_id`, `display_column`, `display_order`, `language_heading`, `flag_override_label`, `language_label`, `flag_override_tag`, `language_tag`, `flag_override_help`, `language_help`, `flag_override_type`, `type`, `flag_override_setting`, `setting`, `flag_override_default`, `default`, `flag_add`, `flag_add_readonly`, `flag_edit`, `flag_edit_readonly`, `flag_search`, `flag_search_readonly`, `flag_datagrid`, `flag_datagrid_readonly`, `flag_index`, `flag_detail`, `created`, `created_by`, `modified`, `modified_by`) VALUES ('CAN-999-999-000-999-1011_CAN-999-999-000-999-1027', 'CAN-999-999-000-999-1011', 'CAN-999-999-000-999-1027', '0', '4', '', '0', '', '0', '', '0', '', '0', '', '0', '', '0', '', '1', '1', '1', '1', '0', '1', '0', '1', '1', '1', '0000-00-00 00:00:00', '', '0000-00-00 00:00:00', '');
INSERT INTO `form_formats` (`id`, `form_id`, `field_id`, `display_column`, `display_order`, `language_heading`, `flag_override_label`, `language_label`, `flag_override_tag`, `language_tag`, `flag_override_help`, `language_help`, `flag_override_type`, `type`, `flag_override_setting`, `setting`, `flag_override_default`, `default`, `flag_add`, `flag_add_readonly`, `flag_edit`, `flag_edit_readonly`, `flag_search`, `flag_search_readonly`, `flag_datagrid`, `flag_datagrid_readonly`, `flag_index`, `flag_detail`, `created`, `created_by`, `modified`, `modified_by`) VALUES ('CAN-999-999-000-999-1011_CAN-999-999-000-999-1030', 'CAN-999-999-000-999-1011', 'CAN-999-999-000-999-1030', '0', '11', '', '0', '', '0', '', '0', '', '0', '', '0', '', '0', '', '1', '0', '1', '0', '0', '0', '0', '0', '0', '1', '0000-00-00 00:00:00', '', '0000-00-00 00:00:00', '');
INSERT INTO `form_formats` (`id`, `form_id`, `field_id`, `display_column`, `display_order`, `language_heading`, `flag_override_label`, `language_label`, `flag_override_tag`, `language_tag`, `flag_override_help`, `language_help`, `flag_override_type`, `type`, `flag_override_setting`, `setting`, `flag_override_default`, `default`, `flag_add`, `flag_add_readonly`, `flag_edit`, `flag_edit_readonly`, `flag_search`, `flag_search_readonly`, `flag_datagrid`, `flag_datagrid_readonly`, `flag_index`, `flag_detail`, `created`, `created_by`, `modified`, `modified_by`) VALUES ('CAN-999-999-000-999-1011_CAN-999-999-000-999-1031', 'CAN-999-999-000-999-1011', 'CAN-999-999-000-999-1031', '0', '10', '', '0', '', '0', '', '0', '', '0', '', '0', '', '0', '', '1', '0', '1', '0', '0', '0', '0', '0', '0', '1', '0000-00-00 00:00:00', '', '0000-00-00 00:00:00', '');
INSERT INTO `form_formats` (`id`, `form_id`, `field_id`, `display_column`, `display_order`, `language_heading`, `flag_override_label`, `language_label`, `flag_override_tag`, `language_tag`, `flag_override_help`, `language_help`, `flag_override_type`, `type`, `flag_override_setting`, `setting`, `flag_override_default`, `default`, `flag_add`, `flag_add_readonly`, `flag_edit`, `flag_edit_readonly`, `flag_search`, `flag_search_readonly`, `flag_datagrid`, `flag_datagrid_readonly`, `flag_index`, `flag_detail`, `created`, `created_by`, `modified`, `modified_by`) VALUES ('CAN-999-999-000-999-1011_CAN-999-999-000-999-1029', 'CAN-999-999-000-999-1011', 'CAN-999-999-000-999-1029', '0', '20', '', '0', '', '0', '', '0', '', '0', '', '0', '', '0', '', '1', '0', '1', '0', '0', '0', '0', '0', '0', '1', '0000-00-00 00:00:00', '', '0000-00-00 00:00:00', '');
INSERT INTO `form_formats` (`id`, `form_id`, `field_id`, `display_column`, `display_order`, `language_heading`, `flag_override_label`, `language_label`, `flag_override_tag`, `language_tag`, `flag_override_help`, `language_help`, `flag_override_type`, `type`, `flag_override_setting`, `setting`, `flag_override_default`, `default`, `flag_add`, `flag_add_readonly`, `flag_edit`, `flag_edit_readonly`, `flag_search`, `flag_search_readonly`, `flag_datagrid`, `flag_datagrid_readonly`, `flag_index`, `flag_detail`, `created`, `created_by`, `modified`, `modified_by`) VALUES ('CAN-999-999-000-999-1011_CAN-999-999-000-999-1022', 'CAN-999-999-000-999-1011', 'CAN-999-999-000-999-1022', '0', '21', '', '0', '', '0', '', '0', '', '0', '', '0', '', '0', '', '1', '0', '1', '0', '0', '0', '0', '0', '0', '1', '0000-00-00 00:00:00', '', '0000-00-00 00:00:00', '');
INSERT INTO `form_formats` (`id`, `form_id`, `field_id`, `display_column`, `display_order`, `language_heading`, `flag_override_label`, `language_label`, `flag_override_tag`, `language_tag`, `flag_override_help`, `language_help`, `flag_override_type`, `type`, `flag_override_setting`, `setting`, `flag_override_default`, `default`, `flag_add`, `flag_add_readonly`, `flag_edit`, `flag_edit_readonly`, `flag_search`, `flag_search_readonly`, `flag_datagrid`, `flag_datagrid_readonly`, `flag_index`, `flag_detail`, `created`, `created_by`, `modified`, `modified_by`) VALUES ('CAN-999-999-000-999-1011_CAN-999-999-000-999-1023', 'CAN-999-999-000-999-1011', 'CAN-999-999-000-999-1023', '0', '5', '', '0', '', '0', '', '0', '', '0', '', '0', '', '0', '', '1', '0', '0', '0', '0', '0', '0', '0', '0', '0', '0000-00-00 00:00:00', '', '0000-00-00 00:00:00', '');
INSERT INTO `form_formats` (`id`, `form_id`, `field_id`, `display_column`, `display_order`, `language_heading`, `flag_override_label`, `language_label`, `flag_override_tag`, `language_tag`, `flag_override_help`, `language_help`, `flag_override_type`, `type`, `flag_override_setting`, `setting`, `flag_override_default`, `default`, `flag_add`, `flag_add_readonly`, `flag_edit`, `flag_edit_readonly`, `flag_search`, `flag_search_readonly`, `flag_datagrid`, `flag_datagrid_readonly`, `flag_index`, `flag_detail`, `created`, `created_by`, `modified`, `modified_by`) VALUES ('CAN-999-999-000-999-1011_CAN-999-999-000-999-1024', 'CAN-999-999-000-999-1011', 'CAN-999-999-000-999-1024', '0', '5', '', '0', '', '0', '', '0', '', '0', '', '0', '', '0', '', '0', '1', '1', '1', '0', '1', '0', '1', '1', '1', '0000-00-00 00:00:00', '', '0000-00-00 00:00:00', '');
INSERT INTO `form_formats` (`id`, `form_id`, `field_id`, `display_column`, `display_order`, `language_heading`, `flag_override_label`, `language_label`, `flag_override_tag`, `language_tag`, `flag_override_help`, `language_help`, `flag_override_type`, `type`, `flag_override_setting`, `setting`, `flag_override_default`, `default`, `flag_add`, `flag_add_readonly`, `flag_edit`, `flag_edit_readonly`, `flag_search`, `flag_search_readonly`, `flag_datagrid`, `flag_datagrid_readonly`, `flag_index`, `flag_detail`, `created`, `created_by`, `modified`, `modified_by`) VALUES ('CAN-999-999-000-999-1011_CAN-999-999-000-999-1060', 'CAN-999-999-000-999-1011', 'CAN-999-999-000-999-1060', '1', '30', '', '0', '', '0', '', '0', '', '0', '', '0', '', '0', '', '1', '0', '1', '0', '0', '0', '0', '0', '0', '1', '0000-00-00 00:00:00', '', '0000-00-00 00:00:00', '');
INSERT INTO `form_formats` (`id`, `form_id`, `field_id`, `display_column`, `display_order`, `language_heading`, `flag_override_label`, `language_label`, `flag_override_tag`, `language_tag`, `flag_override_help`, `language_help`, `flag_override_type`, `type`, `flag_override_setting`, `setting`, `flag_override_default`, `default`, `flag_add`, `flag_add_readonly`, `flag_edit`, `flag_edit_readonly`, `flag_search`, `flag_search_readonly`, `flag_datagrid`, `flag_datagrid_readonly`, `flag_index`, `flag_detail`, `created`, `created_by`, `modified`, `modified_by`) VALUES ('CAN-999-999-000-999-1011_CAN-999-999-000-999-1061', 'CAN-999-999-000-999-1011', 'CAN-999-999-000-999-1061', '1', '31', '', '0', '', '0', '', '0', '', '0', '', '0', '', '0', '', '1', '0', '1', '0', '0', '0', '0', '0', '0', '1', '0000-00-00 00:00:00', '', '0000-00-00 00:00:00', '');
INSERT INTO `form_formats` (`id`, `form_id`, `field_id`, `display_column`, `display_order`, `language_heading`, `flag_override_label`, `language_label`, `flag_override_tag`, `language_tag`, `flag_override_help`, `language_help`, `flag_override_type`, `type`, `flag_override_setting`, `setting`, `flag_override_default`, `default`, `flag_add`, `flag_add_readonly`, `flag_edit`, `flag_edit_readonly`, `flag_search`, `flag_search_readonly`, `flag_datagrid`, `flag_datagrid_readonly`, `flag_index`, `flag_detail`, `created`, `created_by`, `modified`, `modified_by`) VALUES ('CAN-999-999-000-999-1011_CAN-999-999-000-999-1062', 'CAN-999-999-000-999-1011', 'CAN-999-999-000-999-1062', '1', '32', '', '0', '', '0', '', '0', '', '0', '', '0', '', '0', '', '1', '0', '1', '0', '0', '0', '0', '0', '0', '1', '0000-00-00 00:00:00', '', '0000-00-00 00:00:00', '');
INSERT INTO `form_formats` (`id`, `form_id`, `field_id`, `display_column`, `display_order`, `language_heading`, `flag_override_label`, `language_label`, `flag_override_tag`, `language_tag`, `flag_override_help`, `language_help`, `flag_override_type`, `type`, `flag_override_setting`, `setting`, `flag_override_default`, `default`, `flag_add`, `flag_add_readonly`, `flag_edit`, `flag_edit_readonly`, `flag_search`, `flag_search_readonly`, `flag_datagrid`, `flag_datagrid_readonly`, `flag_index`, `flag_detail`, `created`, `created_by`, `modified`, `modified_by`) VALUES ('CAN-999-999-000-999-1011_CAN-999-999-000-999-1065', 'CAN-999-999-000-999-1011', 'CAN-999-999-000-999-1065', '1', '45', '', '0', '', '0', '', '0', '', '0', '', '0', '', '0', '', '1', '0', '1', '0', '1', '0', '0', '0', '0', '1', '0000-00-00 00:00:00', '', '0000-00-00 00:00:00', '');
INSERT INTO `form_formats` (`id`, `form_id`, `field_id`, `display_column`, `display_order`, `language_heading`, `flag_override_label`, `language_label`, `flag_override_tag`, `language_tag`, `flag_override_help`, `language_help`, `flag_override_type`, `type`, `flag_override_setting`, `setting`, `flag_override_default`, `default`, `flag_add`, `flag_add_readonly`, `flag_edit`, `flag_edit_readonly`, `flag_search`, `flag_search_readonly`, `flag_datagrid`, `flag_datagrid_readonly`, `flag_index`, `flag_detail`, `created`, `created_by`, `modified`, `modified_by`) VALUES ('CAN-999-999-000-999-1011_CAN-999-999-000-999-1066', 'CAN-999-999-000-999-1011', 'CAN-999-999-000-999-1066', '1', '46', '', '0', '', '0', '', '0', '', '0', '', '0', '', '0', '', '1', '0', '1', '0', '1', '0', '0', '0', '0', '1', '0000-00-00 00:00:00', '', '0000-00-00 00:00:00', '');
INSERT INTO `form_formats` (`id`, `form_id`, `field_id`, `display_column`, `display_order`, `language_heading`, `flag_override_label`, `language_label`, `flag_override_tag`, `language_tag`, `flag_override_help`, `language_help`, `flag_override_type`, `type`, `flag_override_setting`, `setting`, `flag_override_default`, `default`, `flag_add`, `flag_add_readonly`, `flag_edit`, `flag_edit_readonly`, `flag_search`, `flag_search_readonly`, `flag_datagrid`, `flag_datagrid_readonly`, `flag_index`, `flag_detail`, `created`, `created_by`, `modified`, `modified_by`) VALUES ('CAN-999-999-000-999-1011_CAN-999-999-000-999-1067', 'CAN-999-999-000-999-1011', 'CAN-999-999-000-999-1067', '1', '47', '', '0', '', '0', '', '0', '', '0', '', '0', '', '0', '', '1', '0', '1', '0', '1', '0', '0', '0', '0', '1', '0000-00-00 00:00:00', '', '0000-00-00 00:00:00', '');

-- ------------------------------------------------------------------------
-- alias = sd_undetailed_derivatives
-- ------------------------------------------------------------------------

DELETE FROM `forms` WHERE `alias` = 'sd_undetailed_derivatives';
INSERT INTO `forms` (`id`, `alias`, `language_title`, `language_help`, `flag_add_columns`, `flag_edit_columns`, `flag_search_columns`, `flag_detail_columns`, `created`, `created_by`, `modified`, `modified_by`) VALUES ('CAN-999-999-000-999-1010', 'sd_undetailed_derivatives', '', '', '0', '0', '0', '1', '0000-00-00 00:00:00', '', '0000-00-00 00:00:00', '');

DELETE FROM `form_formats` WHERE `form_id` = 'CAN-999-999-000-999-1010';
INSERT INTO `form_formats` (`id`, `form_id`, `field_id`, `display_column`, `display_order`, `language_heading`, `flag_override_label`, `language_label`, `flag_override_tag`, `language_tag`, `flag_override_help`, `language_help`, `flag_override_type`, `type`, `flag_override_setting`, `setting`, `flag_override_default`, `default`, `flag_add`, `flag_add_readonly`, `flag_edit`, `flag_edit_readonly`, `flag_search`, `flag_search_readonly`, `flag_datagrid`, `flag_datagrid_readonly`, `flag_index`, `flag_detail`, `created`, `created_by`, `modified`, `modified_by`) VALUES ('CAN-999-999-000-999-1010_CAN-999-999-000-999-1016', 'CAN-999-999-000-999-1010', 'CAN-999-999-000-999-1016', '0', '1', '', '0', '', '0', '', '0', '', '0', '', '0', '', '0', '', '0', '1', '1', '1', '1', '1', '0', '1', '1', '1', '0000-00-00 00:00:00', '', '0000-00-00 00:00:00', '');
INSERT INTO `form_formats` (`id`, `form_id`, `field_id`, `display_column`, `display_order`, `language_heading`, `flag_override_label`, `language_label`, `flag_override_tag`, `language_tag`, `flag_override_help`, `language_help`, `flag_override_type`, `type`, `flag_override_setting`, `setting`, `flag_override_default`, `default`, `flag_add`, `flag_add_readonly`, `flag_edit`, `flag_edit_readonly`, `flag_search`, `flag_search_readonly`, `flag_datagrid`, `flag_datagrid_readonly`, `flag_index`, `flag_detail`, `created`, `created_by`, `modified`, `modified_by`) VALUES ('CAN-999-999-000-999-1010_CAN-999-999-000-999-1018', 'CAN-999-999-000-999-1010', 'CAN-999-999-000-999-1018', '0', '3', '', '0', '', '0', '', '0', '', '0', '', '0', '', '0', '', '1', '1', '1', '1', '0', '1', '0', '1', '1', '1', '0000-00-00 00:00:00', '', '0000-00-00 00:00:00', '');
INSERT INTO `form_formats` (`id`, `form_id`, `field_id`, `display_column`, `display_order`, `language_heading`, `flag_override_label`, `language_label`, `flag_override_tag`, `language_tag`, `flag_override_help`, `language_help`, `flag_override_type`, `type`, `flag_override_setting`, `setting`, `flag_override_default`, `default`, `flag_add`, `flag_add_readonly`, `flag_edit`, `flag_edit_readonly`, `flag_search`, `flag_search_readonly`, `flag_datagrid`, `flag_datagrid_readonly`, `flag_index`, `flag_detail`, `created`, `created_by`, `modified`, `modified_by`) VALUES ('CAN-999-999-000-999-1010_CAN-999-999-000-999-1027', 'CAN-999-999-000-999-1010', 'CAN-999-999-000-999-1027', '0', '4', '', '0', '', '0', '', '0', '', '0', '', '0', '', '0', '', '1', '1', '1', '1', '0', '1', '0', '1', '1', '1', '0000-00-00 00:00:00', '', '0000-00-00 00:00:00', '');
INSERT INTO `form_formats` (`id`, `form_id`, `field_id`, `display_column`, `display_order`, `language_heading`, `flag_override_label`, `language_label`, `flag_override_tag`, `language_tag`, `flag_override_help`, `language_help`, `flag_override_type`, `type`, `flag_override_setting`, `setting`, `flag_override_default`, `default`, `flag_add`, `flag_add_readonly`, `flag_edit`, `flag_edit_readonly`, `flag_search`, `flag_search_readonly`, `flag_datagrid`, `flag_datagrid_readonly`, `flag_index`, `flag_detail`, `created`, `created_by`, `modified`, `modified_by`) VALUES ('CAN-999-999-000-999-1010_CAN-999-999-000-999-1030', 'CAN-999-999-000-999-1010', 'CAN-999-999-000-999-1030', '0', '11', '', '0', '', '0', '', '0', '', '0', '', '0', '', '0', '', '1', '0', '1', '0', '0', '0', '0', '0', '0', '1', '0000-00-00 00:00:00', '', '0000-00-00 00:00:00', '');
INSERT INTO `form_formats` (`id`, `form_id`, `field_id`, `display_column`, `display_order`, `language_heading`, `flag_override_label`, `language_label`, `flag_override_tag`, `language_tag`, `flag_override_help`, `language_help`, `flag_override_type`, `type`, `flag_override_setting`, `setting`, `flag_override_default`, `default`, `flag_add`, `flag_add_readonly`, `flag_edit`, `flag_edit_readonly`, `flag_search`, `flag_search_readonly`, `flag_datagrid`, `flag_datagrid_readonly`, `flag_index`, `flag_detail`, `created`, `created_by`, `modified`, `modified_by`) VALUES ('CAN-999-999-000-999-1010_CAN-999-999-000-999-1031', 'CAN-999-999-000-999-1010', 'CAN-999-999-000-999-1031', '0', '10', '', '0', '', '0', '', '0', '', '0', '', '0', '', '0', '', '1', '0', '1', '0', '0', '0', '0', '0', '0', '1', '0000-00-00 00:00:00', '', '0000-00-00 00:00:00', '');
INSERT INTO `form_formats` (`id`, `form_id`, `field_id`, `display_column`, `display_order`, `language_heading`, `flag_override_label`, `language_label`, `flag_override_tag`, `language_tag`, `flag_override_help`, `language_help`, `flag_override_type`, `type`, `flag_override_setting`, `setting`, `flag_override_default`, `default`, `flag_add`, `flag_add_readonly`, `flag_edit`, `flag_edit_readonly`, `flag_search`, `flag_search_readonly`, `flag_datagrid`, `flag_datagrid_readonly`, `flag_index`, `flag_detail`, `created`, `created_by`, `modified`, `modified_by`) VALUES ('CAN-999-999-000-999-1010_CAN-999-999-000-999-1029', 'CAN-999-999-000-999-1010', 'CAN-999-999-000-999-1029', '0', '20', '', '0', '', '0', '', '0', '', '0', '', '0', '', '0', '', '1', '0', '1', '0', '0', '0', '0', '0', '0', '1', '0000-00-00 00:00:00', '', '0000-00-00 00:00:00', '');
INSERT INTO `form_formats` (`id`, `form_id`, `field_id`, `display_column`, `display_order`, `language_heading`, `flag_override_label`, `language_label`, `flag_override_tag`, `language_tag`, `flag_override_help`, `language_help`, `flag_override_type`, `type`, `flag_override_setting`, `setting`, `flag_override_default`, `default`, `flag_add`, `flag_add_readonly`, `flag_edit`, `flag_edit_readonly`, `flag_search`, `flag_search_readonly`, `flag_datagrid`, `flag_datagrid_readonly`, `flag_index`, `flag_detail`, `created`, `created_by`, `modified`, `modified_by`) VALUES ('CAN-999-999-000-999-1010_CAN-999-999-000-999-1022', 'CAN-999-999-000-999-1010', 'CAN-999-999-000-999-1022', '0', '21', '', '0', '', '0', '', '0', '', '0', '', '0', '', '0', '', '1', '0', '1', '0', '0', '0', '0', '0', '0', '1', '0000-00-00 00:00:00', '', '0000-00-00 00:00:00', '');
INSERT INTO `form_formats` (`id`, `form_id`, `field_id`, `display_column`, `display_order`, `language_heading`, `flag_override_label`, `language_label`, `flag_override_tag`, `language_tag`, `flag_override_help`, `language_help`, `flag_override_type`, `type`, `flag_override_setting`, `setting`, `flag_override_default`, `default`, `flag_add`, `flag_add_readonly`, `flag_edit`, `flag_edit_readonly`, `flag_search`, `flag_search_readonly`, `flag_datagrid`, `flag_datagrid_readonly`, `flag_index`, `flag_detail`, `created`, `created_by`, `modified`, `modified_by`) VALUES ('CAN-999-999-000-999-1010_CAN-999-999-000-999-1023', 'CAN-999-999-000-999-1010', 'CAN-999-999-000-999-1023', '0', '5', '', '0', '', '0', '', '0', '', '0', '', '0', '', '0', '', '1', '0', '0', '0', '0', '0', '0', '0', '0', '0', '0000-00-00 00:00:00', '', '0000-00-00 00:00:00', '');
INSERT INTO `form_formats` (`id`, `form_id`, `field_id`, `display_column`, `display_order`, `language_heading`, `flag_override_label`, `language_label`, `flag_override_tag`, `language_tag`, `flag_override_help`, `language_help`, `flag_override_type`, `type`, `flag_override_setting`, `setting`, `flag_override_default`, `default`, `flag_add`, `flag_add_readonly`, `flag_edit`, `flag_edit_readonly`, `flag_search`, `flag_search_readonly`, `flag_datagrid`, `flag_datagrid_readonly`, `flag_index`, `flag_detail`, `created`, `created_by`, `modified`, `modified_by`) VALUES ('CAN-999-999-000-999-1010_CAN-999-999-000-999-1024', 'CAN-999-999-000-999-1010', 'CAN-999-999-000-999-1024', '0', '5', '', '0', '', '0', '', '0', '', '0', '', '0', '', '0', '', '0', '1', '1', '1', '0', '1', '0', '1', '1', '1', '0000-00-00 00:00:00', '', '0000-00-00 00:00:00', '');
INSERT INTO `form_formats` (`id`, `form_id`, `field_id`, `display_column`, `display_order`, `language_heading`, `flag_override_label`, `language_label`, `flag_override_tag`, `language_tag`, `flag_override_help`, `language_help`, `flag_override_type`, `type`, `flag_override_setting`, `setting`, `flag_override_default`, `default`, `flag_add`, `flag_add_readonly`, `flag_edit`, `flag_edit_readonly`, `flag_search`, `flag_search_readonly`, `flag_datagrid`, `flag_datagrid_readonly`, `flag_index`, `flag_detail`, `created`, `created_by`, `modified`, `modified_by`) VALUES ('CAN-999-999-000-999-1010_CAN-999-999-000-999-1060', 'CAN-999-999-000-999-1010', 'CAN-999-999-000-999-1060', '1', '30', '', '0', '', '0', '', '0', '', '0', '', '0', '', '0', '', '1', '0', '1', '0', '0', '0', '0', '0', '0', '1', '0000-00-00 00:00:00', '', '0000-00-00 00:00:00', '');
INSERT INTO `form_formats` (`id`, `form_id`, `field_id`, `display_column`, `display_order`, `language_heading`, `flag_override_label`, `language_label`, `flag_override_tag`, `language_tag`, `flag_override_help`, `language_help`, `flag_override_type`, `type`, `flag_override_setting`, `setting`, `flag_override_default`, `default`, `flag_add`, `flag_add_readonly`, `flag_edit`, `flag_edit_readonly`, `flag_search`, `flag_search_readonly`, `flag_datagrid`, `flag_datagrid_readonly`, `flag_index`, `flag_detail`, `created`, `created_by`, `modified`, `modified_by`) VALUES ('CAN-999-999-000-999-1010_CAN-999-999-000-999-1061', 'CAN-999-999-000-999-1010', 'CAN-999-999-000-999-1061', '1', '31', '', '0', '', '0', '', '0', '', '0', '', '0', '', '0', '', '1', '0', '1', '0', '0', '0', '0', '0', '0', '1', '0000-00-00 00:00:00', '', '0000-00-00 00:00:00', '');
INSERT INTO `form_formats` (`id`, `form_id`, `field_id`, `display_column`, `display_order`, `language_heading`, `flag_override_label`, `language_label`, `flag_override_tag`, `language_tag`, `flag_override_help`, `language_help`, `flag_override_type`, `type`, `flag_override_setting`, `setting`, `flag_override_default`, `default`, `flag_add`, `flag_add_readonly`, `flag_edit`, `flag_edit_readonly`, `flag_search`, `flag_search_readonly`, `flag_datagrid`, `flag_datagrid_readonly`, `flag_index`, `flag_detail`, `created`, `created_by`, `modified`, `modified_by`) VALUES ('CAN-999-999-000-999-1010_CAN-999-999-000-999-1062', 'CAN-999-999-000-999-1010', 'CAN-999-999-000-999-1062', '1', '32', '', '0', '', '0', '', '0', '', '0', '', '0', '', '0', '', '1', '0', '1', '0', '0', '0', '0', '0', '0', '1', '0000-00-00 00:00:00', '', '0000-00-00 00:00:00', '');

-- ------------------------------------------------------------------------
-- alias = aliquot_masters
-- ------------------------------------------------------------------------

DELETE FROM `forms` WHERE `alias` = 'aliquot_masters';
INSERT INTO `forms` (`id`, `alias`, `language_title`, `language_help`, `flag_add_columns`, `flag_edit_columns`, `flag_search_columns`, `flag_detail_columns`, `created`, `created_by`, `modified`, `modified_by`) VALUES ('CAN-999-999-000-999-1020', 'aliquot_masters', '', '', '0', '0', '0', '1', '0000-00-00 00:00:00', '', '0000-00-00 00:00:00', '');

DELETE FROM `form_fields` WHERE `id` = 'CAN-999-999-000-999-1101';
INSERT INTO `form_fields` (`id`, `model`, `field`, `language_label`, `language_tag`, `type`, `setting`, `default`, `language_help`, `created`, `created_by`, `modified`, `modified_by`) VALUES ('CAN-999-999-000-999-1101', 'AliquotMaster', 'barcode', 'barcode', '', 'input', 'size=30', '', '', '0000-00-00 00:00:00', '', '0000-00-00 00:00:00', '');
DELETE FROM `form_fields` WHERE `id` = 'CAN-999-999-000-999-1118';
INSERT INTO `form_fields` (`id`, `model`, `field`, `language_label`, `language_tag`, `type`, `setting`, `default`, `language_help`, `created`, `created_by`, `modified`, `modified_by`) VALUES ('CAN-999-999-000-999-1118', 'AliquotMaster', 'product_code', 'product code', '', 'input', 'size=20', '', '', '0000-00-00 00:00:00', '', '0000-00-00 00:00:00', '');
DELETE FROM `form_fields` WHERE `id` = 'CAN-999-999-000-999-1102';
INSERT INTO `form_fields` (`id`, `model`, `field`, `language_label`, `language_tag`, `type`, `setting`, `default`, `language_help`, `created`, `created_by`, `modified`, `modified_by`) VALUES ('CAN-999-999-000-999-1102', 'AliquotMaster', 'aliquot_type', 'aliquot type', '', 'select', '', '', '', '0000-00-00 00:00:00', '', '0000-00-00 00:00:00', '');
DELETE FROM `form_fields` WHERE `id` = 'CAN-999-999-000-999-1103';
INSERT INTO `form_fields` (`id`, `model`, `field`, `language_label`, `language_tag`, `type`, `setting`, `default`, `language_help`, `created`, `created_by`, `modified`, `modified_by`) VALUES ('CAN-999-999-000-999-1103', 'AliquotMaster', 'status', 'aliquot status', '', 'select', '', '', '', '0000-00-00 00:00:00', '', '0000-00-00 00:00:00', '');
DELETE FROM `form_fields` WHERE `id` = 'CAN-999-999-000-999-1105';
INSERT INTO `form_fields` (`id`, `model`, `field`, `language_label`, `language_tag`, `type`, `setting`, `default`, `language_help`, `created`, `created_by`, `modified`, `modified_by`) VALUES ('CAN-999-999-000-999-1105', 'Generated', 'generated_field_use', 'use', '', 'input', 'size=10', '', '', '0000-00-00 00:00:00', '', '0000-00-00 00:00:00', '');
DELETE FROM `form_fields` WHERE `id` = 'CAN-999-999-000-999-1217';
INSERT INTO `form_fields` (`id`, `model`, `field`, `language_label`, `language_tag`, `type`, `setting`, `default`, `language_help`, `created`, `created_by`, `modified`, `modified_by`) VALUES ('CAN-999-999-000-999-1217', 'StorageMaster', 'selection_label', 'storage', '', 'input', 'size=20', '', '', '0000-00-00 00:00:00', '', '0000-00-00 00:00:00', '');
DELETE FROM `form_fields` WHERE `id` = 'CAN-999-999-000-999-1117';
INSERT INTO `form_fields` (`id`, `model`, `field`, `language_label`, `language_tag`, `type`, `setting`, `default`, `language_help`, `created`, `created_by`, `modified`, `modified_by`) VALUES ('CAN-999-999-000-999-1117', 'StorageMaster', 'code', '', 'code', 'input', 'size=20', '', '', '0000-00-00 00:00:00', '', '0000-00-00 00:00:00', '');
DELETE FROM `form_fields` WHERE `id` = 'CAN-999-999-000-999-1107';
INSERT INTO `form_fields` (`id`, `model`, `field`, `language_label`, `language_tag`, `type`, `setting`, `default`, `language_help`, `created`, `created_by`, `modified`, `modified_by`) VALUES ('CAN-999-999-000-999-1107', 'AliquotMaster', 'storage_coord_x', 'position into storage', '', 'input', 'size=11', '', '', '0000-00-00 00:00:00', '', '0000-00-00 00:00:00', '');
DELETE FROM `form_fields` WHERE `id` = 'CAN-999-999-000-999-1108';
INSERT INTO `form_fields` (`id`, `model`, `field`, `language_label`, `language_tag`, `type`, `setting`, `default`, `language_help`, `created`, `created_by`, `modified`, `modified_by`) VALUES ('CAN-999-999-000-999-1108', 'AliquotMaster', 'storage_coord_y', '', '', 'input', 'size=11', '', '', '0000-00-00 00:00:00', '', '0000-00-00 00:00:00', '');
DELETE FROM `form_fields` WHERE `id` = 'CAN-999-999-000-999-1110';
INSERT INTO `form_fields` (`id`, `model`, `field`, `language_label`, `language_tag`, `type`, `setting`, `default`, `language_help`, `created`, `created_by`, `modified`, `modified_by`) VALUES ('CAN-999-999-000-999-1110', 'StorageMaster', 'temperature', 'storage temperature', '', 'input', 'size=10', '', '', '0000-00-00 00:00:00', '', '0000-00-00 00:00:00', '');
DELETE FROM `form_fields` WHERE `id` = 'CAN-999-999-000-999-1194';
INSERT INTO `form_fields` (`id`, `model`, `field`, `language_label`, `language_tag`, `type`, `setting`, `default`, `language_help`, `created`, `created_by`, `modified`, `modified_by`) VALUES ('CAN-999-999-000-999-1194', 'StorageMaster', 'temp_unit', '', '', 'select', '', '', '', '0000-00-00 00:00:00', '', '0000-00-00 00:00:00', '');

DELETE FROM `form_validations` WHERE `form_field_id` = 'CAN-999-999-000-999-1103';
INSERT INTO `form_validations` (`id`, `form_field_id`, `expression`, `message`, `created`, `created_by`, `modified`, `modifed_by`) VALUES (NULL, 'CAN-999-999-000-999-1103', '/.+/', '', '0000-00-00 00:00:00', '', '0000-00-00 00:00:00', '');
DELETE FROM `form_validations` WHERE `form_field_id` = 'CAN-999-999-000-999-1107';
INSERT INTO `form_validations` (`id`, `form_field_id`, `expression`, `message`, `created`, `created_by`, `modified`, `modifed_by`) VALUES (NULL, 'CAN-999-999-000-999-1107', '/^(?!err!).*$/', '', '0000-00-00 00:00:00', '', '0000-00-00 00:00:00', '');
DELETE FROM `form_validations` WHERE `form_field_id` = 'CAN-999-999-000-999-1108';
INSERT INTO `form_validations` (`id`, `form_field_id`, `expression`, `message`, `created`, `created_by`, `modified`, `modifed_by`) VALUES (NULL, 'CAN-999-999-000-999-1108', '/^(?!err!).*$/', '', '0000-00-00 00:00:00', '', '0000-00-00 00:00:00', '');

DELETE FROM `global_lookups` WHERE `alias` IN ('aliquot_status', 'temperature_unit_code', 
'aliquot_status_reason');
INSERT INTO `global_lookups` (`id`, `alias`, `section`, `subsection`, `value`, `language_choice`, `display_order`, `active`, `created`, `created_by`, `modified`, `modified_by`) VALUES 
(NULL, 'aliquot_status', NULL, NULL, 'available', 'available', 1, 'yes', NULL, NULL, NULL, NULL),
(NULL, 'aliquot_status', NULL, NULL, 'not available', 'not available', 2, 'yes', NULL, NULL, NULL, NULL),
(NULL, 'aliquot_status', NULL, NULL, 'unknown', 'unknown', 3, 'yes', NULL, NULL, NULL, NULL),

(NULL, 'aliquot_status_reason', NULL, NULL, 'contamined', 'contamined', 1, 'yes', NULL, NULL, NULL, NULL),
(NULL, 'aliquot_status_reason', NULL, NULL, 'empty', 'empty', 2, 'yes', NULL, NULL, NULL, NULL),
(NULL, 'aliquot_status_reason', NULL, NULL, 'lost', 'lost', 3, 'yes', NULL, NULL, NULL, NULL),
(NULL, 'aliquot_status_reason', NULL, NULL, 'on loan', 'on loan', 4, 'yes', NULL, NULL, NULL, NULL),
(NULL, 'aliquot_status_reason', NULL, NULL, 'reserved for study', 'reserved for study', 5, 'yes', NULL, NULL, NULL, NULL),
(NULL, 'aliquot_status_reason', NULL, NULL, 'reserved for order', 'reserved for order', 6, 'yes', NULL, NULL, NULL, NULL),
(NULL, 'aliquot_status_reason', NULL, NULL, 'shipped', 'shipped', 7, 'yes', NULL, NULL, NULL, NULL),
(NULL, 'aliquot_status_reason', NULL, NULL, 'used', 'used', 8, 'yes', NULL, NULL, NULL, NULL),
(NULL, 'aliquot_status_reason', NULL, NULL, 'other', 'other', 9, 'yes', NULL, NULL, NULL, NULL),

(NULL, 'temperature_unit_code', NULL, NULL, 'celsius', 'celsius', 1, 'yes', NULL, NULL, NULL, NULL),
(NULL, 'temperature_unit_code', NULL, NULL, 'fahrenheit', 'fahrenheit', 2, 'yes', NULL, NULL, NULL, NULL);

DELETE FROM `form_fields_global_lookups` WHERE `field_id` IN ('CAN-999-999-000-999-1103',
'CAN-999-999-000-999-1194');
INSERT INTO `form_fields_global_lookups` ( `field_id` , `lookup_id`)
VALUES 
('CAN-999-999-000-999-1103', (SELECT `id` FROM `global_lookups` WHERE `alias` LIKE 'aliquot_status' AND `value` like 'available')), 
('CAN-999-999-000-999-1103', (SELECT `id` FROM `global_lookups` WHERE `alias` LIKE 'aliquot_status' AND `value` like 'not available')), 
('CAN-999-999-000-999-1103', (SELECT `id` FROM `global_lookups` WHERE `alias` LIKE 'aliquot_status' AND `value` like 'unknown')),

('CAN-999-999-000-999-1194', (SELECT `id` FROM `global_lookups` WHERE `alias` LIKE 'temperature_unit_code' AND `value` like 'celsius')),
('CAN-999-999-000-999-1194', (SELECT `id` FROM `global_lookups` WHERE `alias` LIKE 'temperature_unit_code' AND `value` like 'fahrenheit'));

DELETE FROM `form_formats` WHERE `form_id` = 'CAN-999-999-000-999-1020';
INSERT INTO `form_formats` (`id`, `form_id`, `field_id`, `display_column`, `display_order`, `language_heading`, `flag_override_label`, `language_label`, `flag_override_tag`, `language_tag`, `flag_override_help`, `language_help`, `flag_override_type`, `type`, `flag_override_setting`, `setting`, `flag_override_default`, `default`, `flag_add`, `flag_add_readonly`, `flag_edit`, `flag_edit_readonly`, `flag_search`, `flag_search_readonly`, `flag_datagrid`, `flag_datagrid_readonly`, `flag_index`, `flag_detail`, `created`, `created_by`, `modified`, `modified_by`) VALUES ('CAN-999-999-000-999-1020_CAN-999-999-000-999-1101', 'CAN-999-999-000-999-1020', 'CAN-999-999-000-999-1101', '0', '2', '', '0', '', '0', '', '0', '', '0', '', '0', '', '0', '', '0', '1', '1', '1', '1', '1', '0', '1', '1', '1', '0000-00-00 00:00:00', '', '0000-00-00 00:00:00', '');
INSERT INTO `form_formats` (`id`, `form_id`, `field_id`, `display_column`, `display_order`, `language_heading`, `flag_override_label`, `language_label`, `flag_override_tag`, `language_tag`, `flag_override_help`, `language_help`, `flag_override_type`, `type`, `flag_override_setting`, `setting`, `flag_override_default`, `default`, `flag_add`, `flag_add_readonly`, `flag_edit`, `flag_edit_readonly`, `flag_search`, `flag_search_readonly`, `flag_datagrid`, `flag_datagrid_readonly`, `flag_index`, `flag_detail`, `created`, `created_by`, `modified`, `modified_by`) VALUES ('CAN-999-999-000-999-1020_CAN-999-999-000-999-1118', 'CAN-999-999-000-999-1020', 'CAN-999-999-000-999-1118', '0', '2', '', '0', '', '0', '', '0', '', '0', '', '0', '', '0', '', '1', '0', '1', '0', '0', '0', '1', '0', '1', '1', '0000-00-00 00:00:00', '', '0000-00-00 00:00:00', '');
INSERT INTO `form_formats` (`id`, `form_id`, `field_id`, `display_column`, `display_order`, `language_heading`, `flag_override_label`, `language_label`, `flag_override_tag`, `language_tag`, `flag_override_help`, `language_help`, `flag_override_type`, `type`, `flag_override_setting`, `setting`, `flag_override_default`, `default`, `flag_add`, `flag_add_readonly`, `flag_edit`, `flag_edit_readonly`, `flag_search`, `flag_search_readonly`, `flag_datagrid`, `flag_datagrid_readonly`, `flag_index`, `flag_detail`, `created`, `created_by`, `modified`, `modified_by`) VALUES ('CAN-999-999-000-999-1020_CAN-999-999-000-999-1102', 'CAN-999-999-000-999-1020', 'CAN-999-999-000-999-1102', '0', '5', '', '0', '', '0', '', '0', '', '0', '', '0', '', '0', '', '1', '1', '1', '1', '0', '1', '1', '1', '1', '1', '0000-00-00 00:00:00', '', '0000-00-00 00:00:00', '');
INSERT INTO `form_formats` (`id`, `form_id`, `field_id`, `display_column`, `display_order`, `language_heading`, `flag_override_label`, `language_label`, `flag_override_tag`, `language_tag`, `flag_override_help`, `language_help`, `flag_override_type`, `type`, `flag_override_setting`, `setting`, `flag_override_default`, `default`, `flag_add`, `flag_add_readonly`, `flag_edit`, `flag_edit_readonly`, `flag_search`, `flag_search_readonly`, `flag_datagrid`, `flag_datagrid_readonly`, `flag_index`, `flag_detail`, `created`, `created_by`, `modified`, `modified_by`) VALUES ('CAN-999-999-000-999-1020_CAN-999-999-000-999-1103', 'CAN-999-999-000-999-1020', 'CAN-999-999-000-999-1103', '0', '6', '', '0', '', '0', '', '0', '', '0', '', '0', '', '0', '', '1', '0', '1', '0', '0', '0', '1', '0', '1', '1', '0000-00-00 00:00:00', '', '0000-00-00 00:00:00', '');
INSERT INTO `form_formats` (`id`, `form_id`, `field_id`, `display_column`, `display_order`, `language_heading`, `flag_override_label`, `language_label`, `flag_override_tag`, `language_tag`, `flag_override_help`, `language_help`, `flag_override_type`, `type`, `flag_override_setting`, `setting`, `flag_override_default`, `default`, `flag_add`, `flag_add_readonly`, `flag_edit`, `flag_edit_readonly`, `flag_search`, `flag_search_readonly`, `flag_datagrid`, `flag_datagrid_readonly`, `flag_index`, `flag_detail`, `created`, `created_by`, `modified`, `modified_by`) VALUES ('CAN-999-999-000-999-1020_CAN-999-999-000-999-1105', 'CAN-999-999-000-999-1020', 'CAN-999-999-000-999-1105', '0', '8', '', '0', '', '0', '', '0', '', '0', '', '0', '', '0', '', '0', '1', '0', '1', '0', '1', '0', '1', '1', '1', '0000-00-00 00:00:00', '', '0000-00-00 00:00:00', '');
INSERT INTO `form_formats` (`id`, `form_id`, `field_id`, `display_column`, `display_order`, `language_heading`, `flag_override_label`, `language_label`, `flag_override_tag`, `language_tag`, `flag_override_help`, `language_help`, `flag_override_type`, `type`, `flag_override_setting`, `setting`, `flag_override_default`, `default`, `flag_add`, `flag_add_readonly`, `flag_edit`, `flag_edit_readonly`, `flag_search`, `flag_search_readonly`, `flag_datagrid`, `flag_datagrid_readonly`, `flag_index`, `flag_detail`, `created`, `created_by`, `modified`, `modified_by`) VALUES ('CAN-999-999-000-999-1020_CAN-999-999-000-999-1217', 'CAN-999-999-000-999-1020', 'CAN-999-999-000-999-1217', '0', '10', '', '0', '', '0', '', '0', '', '0', '', '0', '', '0', '', '0', '0', '0', '0', '0', '0', '0', '0', '1', '1', '0000-00-00 00:00:00', '', '0000-00-00 00:00:00', '');
INSERT INTO `form_formats` (`id`, `form_id`, `field_id`, `display_column`, `display_order`, `language_heading`, `flag_override_label`, `language_label`, `flag_override_tag`, `language_tag`, `flag_override_help`, `language_help`, `flag_override_type`, `type`, `flag_override_setting`, `setting`, `flag_override_default`, `default`, `flag_add`, `flag_add_readonly`, `flag_edit`, `flag_edit_readonly`, `flag_search`, `flag_search_readonly`, `flag_datagrid`, `flag_datagrid_readonly`, `flag_index`, `flag_detail`, `created`, `created_by`, `modified`, `modified_by`) VALUES ('CAN-999-999-000-999-1020_CAN-999-999-000-999-1117', 'CAN-999-999-000-999-1020', 'CAN-999-999-000-999-1117', '0', '11', '', '0', '', '0', '', '0', '', '0', '', '0', '', '0', '', '0', '0', '0', '0', '0', '0', '0', '0', '1', '1', '0000-00-00 00:00:00', '', '0000-00-00 00:00:00', '');
INSERT INTO `form_formats` (`id`, `form_id`, `field_id`, `display_column`, `display_order`, `language_heading`, `flag_override_label`, `language_label`, `flag_override_tag`, `language_tag`, `flag_override_help`, `language_help`, `flag_override_type`, `type`, `flag_override_setting`, `setting`, `flag_override_default`, `default`, `flag_add`, `flag_add_readonly`, `flag_edit`, `flag_edit_readonly`, `flag_search`, `flag_search_readonly`, `flag_datagrid`, `flag_datagrid_readonly`, `flag_index`, `flag_detail`, `created`, `created_by`, `modified`, `modified_by`) VALUES ('CAN-999-999-000-999-1020_CAN-999-999-000-999-1107', 'CAN-999-999-000-999-1020', 'CAN-999-999-000-999-1107', '0', '12', '', '0', '', '0', '', '0', '', '0', '', '0', '', '0', '', '1', '0', '1', '0', '0', '0', '1', '0', '1', '1', '0000-00-00 00:00:00', '', '0000-00-00 00:00:00', '');
INSERT INTO `form_formats` (`id`, `form_id`, `field_id`, `display_column`, `display_order`, `language_heading`, `flag_override_label`, `language_label`, `flag_override_tag`, `language_tag`, `flag_override_help`, `language_help`, `flag_override_type`, `type`, `flag_override_setting`, `setting`, `flag_override_default`, `default`, `flag_add`, `flag_add_readonly`, `flag_edit`, `flag_edit_readonly`, `flag_search`, `flag_search_readonly`, `flag_datagrid`, `flag_datagrid_readonly`, `flag_index`, `flag_detail`, `created`, `created_by`, `modified`, `modified_by`) VALUES ('CAN-999-999-000-999-1020_CAN-999-999-000-999-1108', 'CAN-999-999-000-999-1020', 'CAN-999-999-000-999-1108', '0', '14', '', '0', '', '0', '', '0', '', '0', '', '0', '', '0', '', '1', '0', '1', '0', '0', '0', '1', '0', '1', '1', '0000-00-00 00:00:00', '', '0000-00-00 00:00:00', '');
INSERT INTO `form_formats` (`id`, `form_id`, `field_id`, `display_column`, `display_order`, `language_heading`, `flag_override_label`, `language_label`, `flag_override_tag`, `language_tag`, `flag_override_help`, `language_help`, `flag_override_type`, `type`, `flag_override_setting`, `setting`, `flag_override_default`, `default`, `flag_add`, `flag_add_readonly`, `flag_edit`, `flag_edit_readonly`, `flag_search`, `flag_search_readonly`, `flag_datagrid`, `flag_datagrid_readonly`, `flag_index`, `flag_detail`, `created`, `created_by`, `modified`, `modified_by`) VALUES ('CAN-999-999-000-999-1020_CAN-999-999-000-999-1110', 'CAN-999-999-000-999-1020', 'CAN-999-999-000-999-1110', '0', '16', '', '0', '', '0', '', '0', '', '0', '', '0', '', '0', '', '0', '0', '0', '0', '0', '0', '0', '0', '1', '1', '0000-00-00 00:00:00', '', '0000-00-00 00:00:00', '');
INSERT INTO `form_formats` (`id`, `form_id`, `field_id`, `display_column`, `display_order`, `language_heading`, `flag_override_label`, `language_label`, `flag_override_tag`, `language_tag`, `flag_override_help`, `language_help`, `flag_override_type`, `type`, `flag_override_setting`, `setting`, `flag_override_default`, `default`, `flag_add`, `flag_add_readonly`, `flag_edit`, `flag_edit_readonly`, `flag_search`, `flag_search_readonly`, `flag_datagrid`, `flag_datagrid_readonly`, `flag_index`, `flag_detail`, `created`, `created_by`, `modified`, `modified_by`) VALUES ('CAN-999-999-000-999-1020_CAN-999-999-000-999-1194', 'CAN-999-999-000-999-1020', 'CAN-999-999-000-999-1194', '0', '17', '', '0', '', '0', '', '0', '', '0', '', '0', '', '0', '', '0', '0', '0', '0', '0', '0', '0', '0', '1', '1', '0000-00-00 00:00:00', '', '0000-00-00 00:00:00', '');

-- ------------------------------------------------------------------------
-- alias = aliquot_masters_for_search_result
-- ------------------------------------------------------------------------

DELETE FROM `forms` WHERE `alias` = 'aliquot_masters_for_search_result';
INSERT INTO `forms` (`id`, `alias`, `language_title`, `language_help`, `flag_add_columns`, `flag_edit_columns`, `flag_search_columns`, `flag_detail_columns`, `created`, `created_by`, `modified`, `modified_by`) VALUES ('CAN-999-999-000-999-1021', 'aliquot_masters_for_search_result', '', '', '0', '0', '0', '1', '0000-00-00 00:00:00', '', '0000-00-00 00:00:00', '');

DELETE FROM `form_formats` WHERE `form_id` = 'CAN-999-999-000-999-1021';
INSERT INTO `form_formats` (`id`, `form_id`, `field_id`, `display_column`, `display_order`, `language_heading`, `flag_override_label`, `language_label`, `flag_override_tag`, `language_tag`, `flag_override_help`, `language_help`, `flag_override_type`, `type`, `flag_override_setting`, `setting`, `flag_override_default`, `default`, `flag_add`, `flag_add_readonly`, `flag_edit`, `flag_edit_readonly`, `flag_search`, `flag_search_readonly`, `flag_datagrid`, `flag_datagrid_readonly`, `flag_index`, `flag_detail`, `created`, `created_by`, `modified`, `modified_by`) VALUES ('CAN-999-999-000-999-1021_CAN-999-999-000-999-1000', 'CAN-999-999-000-999-1021', 'CAN-999-999-000-999-1000', '0', '1', '', '0', '', '0', '', '0', '', '0', '', '0', '', '0', '', '0', '0', '0', '0', '0', '0', '0', '0', '1', '1', '0000-00-00 00:00:00', '', '0000-00-00 00:00:00', '');
INSERT INTO `form_formats` (`id`, `form_id`, `field_id`, `display_column`, `display_order`, `language_heading`, `flag_override_label`, `language_label`, `flag_override_tag`, `language_tag`, `flag_override_help`, `language_help`, `flag_override_type`, `type`, `flag_override_setting`, `setting`, `flag_override_default`, `default`, `flag_add`, `flag_add_readonly`, `flag_edit`, `flag_edit_readonly`, `flag_search`, `flag_search_readonly`, `flag_datagrid`, `flag_datagrid_readonly`, `flag_index`, `flag_detail`, `created`, `created_by`, `modified`, `modified_by`) VALUES ('CAN-999-999-000-999-1021_CAN-999-999-000-999-1016', 'CAN-999-999-000-999-1021', 'CAN-999-999-000-999-1016', '0', '1', '', '0', '', '0', '', '0', '', '0', '', '0', '', '0', '', '0', '1', '0', '1', '0', '1', '0', '1', '1', '1', '0000-00-00 00:00:00', '', '0000-00-00 00:00:00', '');
INSERT INTO `form_formats` (`id`, `form_id`, `field_id`, `display_column`, `display_order`, `language_heading`, `flag_override_label`, `language_label`, `flag_override_tag`, `language_tag`, `flag_override_help`, `language_help`, `flag_override_type`, `type`, `flag_override_setting`, `setting`, `flag_override_default`, `default`, `flag_add`, `flag_add_readonly`, `flag_edit`, `flag_edit_readonly`, `flag_search`, `flag_search_readonly`, `flag_datagrid`, `flag_datagrid_readonly`, `flag_index`, `flag_detail`, `created`, `created_by`, `modified`, `modified_by`) VALUES ('CAN-999-999-000-999-1021_CAN-999-999-000-999-1018', 'CAN-999-999-000-999-1021', 'CAN-999-999-000-999-1018', '0', '3', '', '0', '', '0', '', '0', '', '0', '', '0', '', '0', '', '0', '1', '0', '1', '0', '1', '0', '1', '1', '1', '0000-00-00 00:00:00', '', '0000-00-00 00:00:00', '');
INSERT INTO `form_formats` (`id`, `form_id`, `field_id`, `display_column`, `display_order`, `language_heading`, `flag_override_label`, `language_label`, `flag_override_tag`, `language_tag`, `flag_override_help`, `language_help`, `flag_override_type`, `type`, `flag_override_setting`, `setting`, `flag_override_default`, `default`, `flag_add`, `flag_add_readonly`, `flag_edit`, `flag_edit_readonly`, `flag_search`, `flag_search_readonly`, `flag_datagrid`, `flag_datagrid_readonly`, `flag_index`, `flag_detail`, `created`, `created_by`, `modified`, `modified_by`) VALUES ('CAN-999-999-000-999-1021_CAN-999-999-000-999-1101', 'CAN-999-999-000-999-1021', 'CAN-999-999-000-999-1101', '0', '2', '', '0', '', '0', '', '0', '', '0', '', '0', '', '0', '', '0', '1', '1', '1', '1', '1', '0', '1', '1', '1', '0000-00-00 00:00:00', '', '0000-00-00 00:00:00', '');
INSERT INTO `form_formats` (`id`, `form_id`, `field_id`, `display_column`, `display_order`, `language_heading`, `flag_override_label`, `language_label`, `flag_override_tag`, `language_tag`, `flag_override_help`, `language_help`, `flag_override_type`, `type`, `flag_override_setting`, `setting`, `flag_override_default`, `default`, `flag_add`, `flag_add_readonly`, `flag_edit`, `flag_edit_readonly`, `flag_search`, `flag_search_readonly`, `flag_datagrid`, `flag_datagrid_readonly`, `flag_index`, `flag_detail`, `created`, `created_by`, `modified`, `modified_by`) VALUES ('CAN-999-999-000-999-1021_CAN-999-999-000-999-1118', 'CAN-999-999-000-999-1021', 'CAN-999-999-000-999-1118', '0', '2', '', '0', '', '0', '', '0', '', '0', '', '0', '', '0', '', '1', '0', '1', '0', '0', '0', '1', '0', '1', '1', '0000-00-00 00:00:00', '', '0000-00-00 00:00:00', '');
INSERT INTO `form_formats` (`id`, `form_id`, `field_id`, `display_column`, `display_order`, `language_heading`, `flag_override_label`, `language_label`, `flag_override_tag`, `language_tag`, `flag_override_help`, `language_help`, `flag_override_type`, `type`, `flag_override_setting`, `setting`, `flag_override_default`, `default`, `flag_add`, `flag_add_readonly`, `flag_edit`, `flag_edit_readonly`, `flag_search`, `flag_search_readonly`, `flag_datagrid`, `flag_datagrid_readonly`, `flag_index`, `flag_detail`, `created`, `created_by`, `modified`, `modified_by`) VALUES ('CAN-999-999-000-999-1021_CAN-999-999-000-999-1102', 'CAN-999-999-000-999-1021', 'CAN-999-999-000-999-1102', '0', '5', '', '0', '', '0', '', '0', '', '0', '', '0', '', '0', '', '1', '1', '1', '1', '0', '1', '1', '1', '1', '1', '0000-00-00 00:00:00', '', '0000-00-00 00:00:00', '');
INSERT INTO `form_formats` (`id`, `form_id`, `field_id`, `display_column`, `display_order`, `language_heading`, `flag_override_label`, `language_label`, `flag_override_tag`, `language_tag`, `flag_override_help`, `language_help`, `flag_override_type`, `type`, `flag_override_setting`, `setting`, `flag_override_default`, `default`, `flag_add`, `flag_add_readonly`, `flag_edit`, `flag_edit_readonly`, `flag_search`, `flag_search_readonly`, `flag_datagrid`, `flag_datagrid_readonly`, `flag_index`, `flag_detail`, `created`, `created_by`, `modified`, `modified_by`) VALUES ('CAN-999-999-000-999-1021_CAN-999-999-000-999-1103', 'CAN-999-999-000-999-1021', 'CAN-999-999-000-999-1103', '0', '6', '', '0', '', '0', '', '0', '', '0', '', '0', '', '0', '', '1', '0', '1', '0', '0', '0', '1', '0', '1', '1', '0000-00-00 00:00:00', '', '0000-00-00 00:00:00', '');

-- ------------------------------------------------------------------------
-- alias = source_aliquots_list
-- ------------------------------------------------------------------------

DELETE FROM `forms` WHERE `alias` = 'source_aliquots_list';
INSERT INTO `forms` (`id`, `alias`, `language_title`, `language_help`, `flag_add_columns`, `flag_edit_columns`, `flag_search_columns`, `flag_detail_columns`, `created`, `created_by`, `modified`, `modified_by`) VALUES ('CAN-999-999-000-999-1036', 'source_aliquots_list', '', '', '0', '0', '0', '1', '0000-00-00 00:00:00', '', '0000-00-00 00:00:00', '');

DELETE FROM `form_fields` WHERE `id` = 'CAN-999-999-000-999-1150';
INSERT INTO `form_fields` (`id`, `model`, `field`, `language_label`, `language_tag`, `type`, `setting`, `default`, `language_help`, `created`, `created_by`, `modified`, `modified_by`) VALUES ('CAN-999-999-000-999-1150', 'AliquotMaster', 'barcode', 'barcode', '', 'input', 'size=20', '', '', '0000-00-00 00:00:00', '', '0000-00-00 00:00:00', '');
DELETE FROM `form_fields` WHERE `id` = 'CAN-999-999-000-999-1160';
INSERT INTO `form_fields` (`id`, `model`, `field`, `language_label`, `language_tag`, `type`, `setting`, `default`, `language_help`, `created`, `created_by`, `modified`, `modified_by`) VALUES ('CAN-999-999-000-999-1160', 'FunctionManagement', 'generated_field_use', 'use', '', 'checklist', '', '', '', '0000-00-00 00:00:00', '', '0000-00-00 00:00:00', '');
DELETE FROM `form_fields` WHERE `id` = 'CAN-999-999-000-999-1151';
INSERT INTO `form_fields` (`id`, `model`, `field`, `language_label`, `language_tag`, `type`, `setting`, `default`, `language_help`, `created`, `created_by`, `modified`, `modified_by`) VALUES ('CAN-999-999-000-999-1151', 'AliquotMaster', 'status', 'new aliquot status', '', 'select', '', '', '', '0000-00-00 00:00:00', '', '0000-00-00 00:00:00', '');
DELETE FROM `form_fields` WHERE `id` = 'CAN-999-999-000-999-1152';
INSERT INTO `form_fields` (`id`, `model`, `field`, `language_label`, `language_tag`, `type`, `setting`, `default`, `language_help`, `created`, `created_by`, `modified`, `modified_by`) VALUES ('CAN-999-999-000-999-1152', 'AliquotMaster', 'status_reason', 'new aliquot status reason', '', 'select', '', '', '', '0000-00-00 00:00:00', '', '0000-00-00 00:00:00', '');
DELETE FROM `form_fields` WHERE `id` = 'CAN-999-999-000-999-1153';
INSERT INTO `form_fields` (`id`, `model`, `field`, `language_label`, `language_tag`, `type`, `setting`, `default`, `language_help`, `created`, `created_by`, `modified`, `modified_by`) VALUES ('CAN-999-999-000-999-1153', 'AliquotUse', 'used_volume', 'used volume', '', 'input', 'size=10', '', '', '0000-00-00 00:00:00', '', '0000-00-00 00:00:00', '');
DELETE FROM `form_fields` WHERE `id` = 'CAN-999-999-000-999-1154';
INSERT INTO `form_fields` (`id`, `model`, `field`, `language_label`, `language_tag`, `type`, `setting`, `default`, `language_help`, `created`, `created_by`, `modified`, `modified_by`) VALUES ('CAN-999-999-000-999-1154', 'AliquotMaster', 'current_volume', 'current volume', '', 'input', 'size=10', '', '', '0000-00-00 00:00:00', '', '0000-00-00 00:00:00', '');
DELETE FROM `form_fields` WHERE `id` = 'CAN-999-999-000-999-1155';
INSERT INTO `form_fields` (`id`, `model`, `field`, `language_label`, `language_tag`, `type`, `setting`, `default`, `language_help`, `created`, `created_by`, `modified`, `modified_by`) VALUES ('CAN-999-999-000-999-1155', 'AliquotMaster', 'aliquot_volume_unit', 'volume unit', '', 'select', '', '', '', '0000-00-00 00:00:00', '', '0000-00-00 00:00:00', '');
DELETE FROM `form_fields` WHERE `id` = 'CAN-999-999-000-999-1156';
INSERT INTO `form_fields` (`id`, `model`, `field`, `language_label`, `language_tag`, `type`, `setting`, `default`, `language_help`, `created`, `created_by`, `modified`, `modified_by`) VALUES ('CAN-999-999-000-999-1156', 'AliquotUse', 'use_definition', '', '', 'hidden', '', '', '', '0000-00-00 00:00:00', '', '0000-00-00 00:00:00', '');
DELETE FROM `form_fields` WHERE `id` = 'CAN-999-999-000-999-1157';
INSERT INTO `form_fields` (`id`, `model`, `field`, `language_label`, `language_tag`, `type`, `setting`, `default`, `language_help`, `created`, `created_by`, `modified`, `modified_by`) VALUES ('CAN-999-999-000-999-1157', 'AliquotUse', 'use_details', '', '', 'hidden', '', '', '', '0000-00-00 00:00:00', '', '0000-00-00 00:00:00', '');
DELETE FROM `form_fields` WHERE `id` = 'CAN-999-999-000-999-1158';
INSERT INTO `form_fields` (`id`, `model`, `field`, `language_label`, `language_tag`, `type`, `setting`, `default`, `language_help`, `created`, `created_by`, `modified`, `modified_by`) VALUES ('CAN-999-999-000-999-1158', 'AliquotUse', 'use_recorded_into_table', '', '', 'hidden', '', '', '', '0000-00-00 00:00:00', '', '0000-00-00 00:00:00', '');
DELETE FROM `form_fields` WHERE `id` = 'CAN-999-999-000-999-1159';
INSERT INTO `form_fields` (`id`, `model`, `field`, `language_label`, `language_tag`, `type`, `setting`, `default`, `language_help`, `created`, `created_by`, `modified`, `modified_by`) VALUES ('CAN-999-999-000-999-1159', 'AliquotUse', 'use_datetime', '', '', 'hidden', '', '', '', '0000-00-00 00:00:00', '', '0000-00-00 00:00:00', '');
DELETE FROM `form_fields` WHERE `id` = 'CAN-999-999-000-999-1260';
INSERT INTO `form_fields` (`id`, `model`, `field`, `language_label`, `language_tag`, `type`, `setting`, `default`, `language_help`, `created`, `created_by`, `modified`, `modified_by`) VALUES ('CAN-999-999-000-999-1260', 'FunctionManagement', 'generated_field_delete_storage_data', 'delete storage data', '', 'checklist', '', '', '', '0000-00-00 00:00:00', '', '0000-00-00 00:00:00', '');

DELETE FROM `global_lookups` WHERE `alias` = 'aliquot_volume_unit';
INSERT INTO `global_lookups` (`id`, `alias`, `section`, `subsection`, `value`, `language_choice`, `display_order`, `active`, `created`, `created_by`, `modified`, `modified_by`) VALUES 
(NULL, 'aliquot_volume_unit', NULL, NULL, 'ml', 'ml', 1, 'yes', NULL, NULL, NULL, NULL),
(NULL, 'aliquot_volume_unit', NULL, NULL, '', '', 2, 'yes', NULL, NULL, NULL, NULL),
(NULL, 'aliquot_volume_unit', NULL, NULL, 'ul', 'ul', 3, 'yes', NULL, NULL, NULL, NULL);

DELETE FROM `form_fields_global_lookups` WHERE `field_id` IN ('CAN-999-999-000-999-1151',
'CAN-999-999-000-999-1152', 'CAN-999-999-000-999-1160', 'CAN-999-999-000-999-1155',
'CAN-999-999-000-999-1260');
INSERT INTO `form_fields_global_lookups` ( `field_id` , `lookup_id`)
VALUES 
('CAN-999-999-000-999-1151', (SELECT `id` FROM `global_lookups` WHERE `alias` LIKE 'aliquot_status' AND `value` like 'available')), 
('CAN-999-999-000-999-1151', (SELECT `id` FROM `global_lookups` WHERE `alias` LIKE 'aliquot_status' AND `value` like 'not available')), 
('CAN-999-999-000-999-1151', (SELECT `id` FROM `global_lookups` WHERE `alias` LIKE 'aliquot_status' AND `value` like 'unknown')),

('CAN-999-999-000-999-1152', (SELECT `id` FROM `global_lookups` WHERE `alias` LIKE 'aliquot_status_reason' AND `value` like 'contamined')), 
('CAN-999-999-000-999-1152', (SELECT `id` FROM `global_lookups` WHERE `alias` LIKE 'aliquot_status_reason' AND `value` like 'empty')), 
('CAN-999-999-000-999-1152', (SELECT `id` FROM `global_lookups` WHERE `alias` LIKE 'aliquot_status_reason' AND `value` like 'lost')), 
('CAN-999-999-000-999-1152', (SELECT `id` FROM `global_lookups` WHERE `alias` LIKE 'aliquot_status_reason' AND `value` like 'on loan')), 
('CAN-999-999-000-999-1152', (SELECT `id` FROM `global_lookups` WHERE `alias` LIKE 'aliquot_status_reason' AND `value` like 'reserved for study')), 
('CAN-999-999-000-999-1152', (SELECT `id` FROM `global_lookups` WHERE `alias` LIKE 'aliquot_status_reason' AND `value` like 'reserved for order')), 
('CAN-999-999-000-999-1152', (SELECT `id` FROM `global_lookups` WHERE `alias` LIKE 'aliquot_status_reason' AND `value` like 'shipped')), 
('CAN-999-999-000-999-1152', (SELECT `id` FROM `global_lookups` WHERE `alias` LIKE 'aliquot_status_reason' AND `value` like 'used')), 
('CAN-999-999-000-999-1152', (SELECT `id` FROM `global_lookups` WHERE `alias` LIKE 'aliquot_status_reason' AND `value` like 'other')),

('CAN-999-999-000-999-1160', (SELECT `id` FROM `global_lookups` WHERE `alias` LIKE 'yesno' AND `value` like 'yes')), 

('CAN-999-999-000-999-1260', (SELECT `id` FROM `global_lookups` WHERE `alias` LIKE 'yesno' AND `value` like 'yes')), 

('CAN-999-999-000-999-1155', (SELECT `id` FROM `global_lookups` WHERE `alias` LIKE 'aliquot_volume_unit' AND `value` like 'ml')), 
('CAN-999-999-000-999-1155', (SELECT `id` FROM `global_lookups` WHERE `alias` LIKE 'aliquot_volume_unit' AND `value` like '')), 
('CAN-999-999-000-999-1155', (SELECT `id` FROM `global_lookups` WHERE `alias` LIKE 'aliquot_volume_unit' AND `value` like 'ul')); 

DELETE FROM `form_validations` WHERE `form_field_id` IN ('CAN-999-999-000-999-1153', 'CAN-999-999-000-999-1151');
INSERT INTO `form_validations` (`id`, `form_field_id`, `expression`, `message`, `created`, `created_by`, `modified`, `modifed_by`) VALUES (NULL, 'CAN-999-999-000-999-1153', '/^\\d*([\\.]\\d*)?$/', 'volume should be a positif decimal', '0000-00-00 00:00:00', '', '0000-00-00 00:00:00', '');
INSERT INTO `form_validations` (`id`, `form_field_id`, `expression`, `message`, `created`, `created_by`, `modified`, `modifed_by`) VALUES (NULL, 'CAN-999-999-000-999-1151', '/.+/', '', '0000-00-00 00:00:00', '', '0000-00-00 00:00:00', '');

DELETE FROM `form_formats` WHERE `form_id` = 'CAN-999-999-000-999-1036';
INSERT INTO `form_formats` (`id`, `form_id`, `field_id`, `display_column`, `display_order`, `language_heading`, `flag_override_label`, `language_label`, `flag_override_tag`, `language_tag`, `flag_override_help`, `language_help`, `flag_override_type`, `type`, `flag_override_setting`, `setting`, `flag_override_default`, `default`, `flag_add`, `flag_add_readonly`, `flag_edit`, `flag_edit_readonly`, `flag_search`, `flag_search_readonly`, `flag_datagrid`, `flag_datagrid_readonly`, `flag_index`, `flag_detail`, `created`, `created_by`, `modified`, `modified_by`) VALUES ('CAN-999-999-000-999-1036_CAN-999-999-000-999-1150', 'CAN-999-999-000-999-1036', 'CAN-999-999-000-999-1150', '0', '2', '', '0', '', '0', '', '0', '', '0', '', '0', '', '0', '', '0', '1', '0', '1', '0', '1', '1', '1', '1', '0', '0000-00-00 00:00:00', '', '0000-00-00 00:00:00', '');
INSERT INTO `form_formats` (`id`, `form_id`, `field_id`, `display_column`, `display_order`, `language_heading`, `flag_override_label`, `language_label`, `flag_override_tag`, `language_tag`, `flag_override_help`, `language_help`, `flag_override_type`, `type`, `flag_override_setting`, `setting`, `flag_override_default`, `default`, `flag_add`, `flag_add_readonly`, `flag_edit`, `flag_edit_readonly`, `flag_search`, `flag_search_readonly`, `flag_datagrid`, `flag_datagrid_readonly`, `flag_index`, `flag_detail`, `created`, `created_by`, `modified`, `modified_by`) VALUES ('CAN-999-999-000-999-1036_CAN-999-999-000-999-1102', 'CAN-999-999-000-999-1036', 'CAN-999-999-000-999-1102', '0', '5', '', '0', '', '0', '', '0', '', '0', '', '0', '', '0', '', '1', '1', '1', '1', '0', '1', '1', '1', '1', '1', '0000-00-00 00:00:00', '', '0000-00-00 00:00:00', '');
INSERT INTO `form_formats` (`id`, `form_id`, `field_id`, `display_column`, `display_order`, `language_heading`, `flag_override_label`, `language_label`, `flag_override_tag`, `language_tag`, `flag_override_help`, `language_help`, `flag_override_type`, `type`, `flag_override_setting`, `setting`, `flag_override_default`, `default`, `flag_add`, `flag_add_readonly`, `flag_edit`, `flag_edit_readonly`, `flag_search`, `flag_search_readonly`, `flag_datagrid`, `flag_datagrid_readonly`, `flag_index`, `flag_detail`, `created`, `created_by`, `modified`, `modified_by`) VALUES ('CAN-999-999-000-999-1036_CAN-999-999-000-999-1160', 'CAN-999-999-000-999-1036', 'CAN-999-999-000-999-1160', '0', '1', '', '0', '', '0', '', '0', '', '0', '', '0', '', '0', '', '0', '0', '0', '0', '0', '0', '1', '0', '0', '0', '0000-00-00 00:00:00', '', '0000-00-00 00:00:00', '');
INSERT INTO `form_formats` (`id`, `form_id`, `field_id`, `display_column`, `display_order`, `language_heading`, `flag_override_label`, `language_label`, `flag_override_tag`, `language_tag`, `flag_override_help`, `language_help`, `flag_override_type`, `type`, `flag_override_setting`, `setting`, `flag_override_default`, `default`, `flag_add`, `flag_add_readonly`, `flag_edit`, `flag_edit_readonly`, `flag_search`, `flag_search_readonly`, `flag_datagrid`, `flag_datagrid_readonly`, `flag_index`, `flag_detail`, `created`, `created_by`, `modified`, `modified_by`) VALUES ('CAN-999-999-000-999-1036_CAN-999-999-000-999-1151', 'CAN-999-999-000-999-1036', 'CAN-999-999-000-999-1151', '0', '6', '', '0', '', '0', '', '0', '', '0', '', '0', '', '0', '', '0', '0', '0', '0', '0', '0', '1', '0', '0', '0', '0000-00-00 00:00:00', '', '0000-00-00 00:00:00', '');
INSERT INTO `form_formats` (`id`, `form_id`, `field_id`, `display_column`, `display_order`, `language_heading`, `flag_override_label`, `language_label`, `flag_override_tag`, `language_tag`, `flag_override_help`, `language_help`, `flag_override_type`, `type`, `flag_override_setting`, `setting`, `flag_override_default`, `default`, `flag_add`, `flag_add_readonly`, `flag_edit`, `flag_edit_readonly`, `flag_search`, `flag_search_readonly`, `flag_datagrid`, `flag_datagrid_readonly`, `flag_index`, `flag_detail`, `created`, `created_by`, `modified`, `modified_by`) VALUES ('CAN-999-999-000-999-1036_CAN-999-999-000-999-1152', 'CAN-999-999-000-999-1036', 'CAN-999-999-000-999-1152', '0', '7', '', '0', '', '0', '', '0', '', '0', '', '0', '', '0', '', '0', '0', '0', '0', '0', '0', '1', '0', '0', '0', '0000-00-00 00:00:00', '', '0000-00-00 00:00:00', '');
INSERT INTO `form_formats` (`id`, `form_id`, `field_id`, `display_column`, `display_order`, `language_heading`, `flag_override_label`, `language_label`, `flag_override_tag`, `language_tag`, `flag_override_help`, `language_help`, `flag_override_type`, `type`, `flag_override_setting`, `setting`, `flag_override_default`, `default`, `flag_add`, `flag_add_readonly`, `flag_edit`, `flag_edit_readonly`, `flag_search`, `flag_search_readonly`, `flag_datagrid`, `flag_datagrid_readonly`, `flag_index`, `flag_detail`, `created`, `created_by`, `modified`, `modified_by`) VALUES ('CAN-999-999-000-999-1036_CAN-999-999-000-999-1153', 'CAN-999-999-000-999-1036', 'CAN-999-999-000-999-1153', '0', '8', '', '0', '', '0', '', '0', '', '0', '', '0', '', '0', '', '0', '0', '0', '0', '0', '0', '1', '0', '1', '0', '0000-00-00 00:00:00', '', '0000-00-00 00:00:00', '');
INSERT INTO `form_formats` (`id`, `form_id`, `field_id`, `display_column`, `display_order`, `language_heading`, `flag_override_label`, `language_label`, `flag_override_tag`, `language_tag`, `flag_override_help`, `language_help`, `flag_override_type`, `type`, `flag_override_setting`, `setting`, `flag_override_default`, `default`, `flag_add`, `flag_add_readonly`, `flag_edit`, `flag_edit_readonly`, `flag_search`, `flag_search_readonly`, `flag_datagrid`, `flag_datagrid_readonly`, `flag_index`, `flag_detail`, `created`, `created_by`, `modified`, `modified_by`) VALUES ('CAN-999-999-000-999-1036_CAN-999-999-000-999-1154', 'CAN-999-999-000-999-1036', 'CAN-999-999-000-999-1154', '0', '9', '', '0', '', '0', '', '0', '', '0', '', '0', '', '0', '', '0', '1', '0', '1', '0', '1', '1', '1', '0', '0', '0000-00-00 00:00:00', '', '0000-00-00 00:00:00', '');
INSERT INTO `form_formats` (`id`, `form_id`, `field_id`, `display_column`, `display_order`, `language_heading`, `flag_override_label`, `language_label`, `flag_override_tag`, `language_tag`, `flag_override_help`, `language_help`, `flag_override_type`, `type`, `flag_override_setting`, `setting`, `flag_override_default`, `default`, `flag_add`, `flag_add_readonly`, `flag_edit`, `flag_edit_readonly`, `flag_search`, `flag_search_readonly`, `flag_datagrid`, `flag_datagrid_readonly`, `flag_index`, `flag_detail`, `created`, `created_by`, `modified`, `modified_by`) VALUES ('CAN-999-999-000-999-1036_CAN-999-999-000-999-1155', 'CAN-999-999-000-999-1036', 'CAN-999-999-000-999-1155', '0', '10', '', '0', '', '0', '', '0', '', '0', '', '0', '', '0', '', '0', '1', '0', '1', '0', '1', '1', '1', '1', '0', '0000-00-00 00:00:00', '', '0000-00-00 00:00:00', '');
-- INSERT INTO `form_formats` (`id`, `form_id`, `field_id`, `display_column`, `display_order`, `language_heading`, `flag_override_label`, `language_label`, `flag_override_tag`, `language_tag`, `flag_override_help`, `language_help`, `flag_override_type`, `type`, `flag_override_setting`, `setting`, `flag_override_default`, `default`, `flag_add`, `flag_add_readonly`, `flag_edit`, `flag_edit_readonly`, `flag_search`, `flag_search_readonly`, `flag_datagrid`, `flag_datagrid_readonly`, `flag_index`, `flag_detail`, `created`, `created_by`, `modified`, `modified_by`) VALUES ('CAN-999-999-000-999-1036_CAN-999-999-000-999-1156', 'CAN-999-999-000-999-1036', 'CAN-999-999-000-999-1156', '0', '0', '', '0', '', '0', '', '0', '', '0', '', '0', '', '0', '', '0', '0', '0', '0', '0', '0', '1', '0', '0', '0', '0000-00-00 00:00:00', '', '0000-00-00 00:00:00', '');
-- INSERT INTO `form_formats` (`id`, `form_id`, `field_id`, `display_column`, `display_order`, `language_heading`, `flag_override_label`, `language_label`, `flag_override_tag`, `language_tag`, `flag_override_help`, `language_help`, `flag_override_type`, `type`, `flag_override_setting`, `setting`, `flag_override_default`, `default`, `flag_add`, `flag_add_readonly`, `flag_edit`, `flag_edit_readonly`, `flag_search`, `flag_search_readonly`, `flag_datagrid`, `flag_datagrid_readonly`, `flag_index`, `flag_detail`, `created`, `created_by`, `modified`, `modified_by`) VALUES ('CAN-999-999-000-999-1036_CAN-999-999-000-999-1157', 'CAN-999-999-000-999-1036', 'CAN-999-999-000-999-1157', '0', '0', '', '0', '', '0', '', '0', '', '0', '', '0', '', '0', '', '0', '0', '0', '0', '0', '0', '1', '0', '0', '0', '0000-00-00 00:00:00', '', '0000-00-00 00:00:00', '');
-- INSERT INTO `form_formats` (`id`, `form_id`, `field_id`, `display_column`, `display_order`, `language_heading`, `flag_override_label`, `language_label`, `flag_override_tag`, `language_tag`, `flag_override_help`, `language_help`, `flag_override_type`, `type`, `flag_override_setting`, `setting`, `flag_override_default`, `default`, `flag_add`, `flag_add_readonly`, `flag_edit`, `flag_edit_readonly`, `flag_search`, `flag_search_readonly`, `flag_datagrid`, `flag_datagrid_readonly`, `flag_index`, `flag_detail`, `created`, `created_by`, `modified`, `modified_by`) VALUES ('CAN-999-999-000-999-1036_CAN-999-999-000-999-1158', 'CAN-999-999-000-999-1036', 'CAN-999-999-000-999-1158', '0', '0', '', '0', '', '0', '', '0', '', '0', '', '0', '', '0', '', '0', '0', '0', '0', '0', '0', '1', '0', '0', '0', '0000-00-00 00:00:00', '', '0000-00-00 00:00:00', '');
-- INSERT INTO `form_formats` (`id`, `form_id`, `field_id`, `display_column`, `display_order`, `language_heading`, `flag_override_label`, `language_label`, `flag_override_tag`, `language_tag`, `flag_override_help`, `language_help`, `flag_override_type`, `type`, `flag_override_setting`, `setting`, `flag_override_default`, `default`, `flag_add`, `flag_add_readonly`, `flag_edit`, `flag_edit_readonly`, `flag_search`, `flag_search_readonly`, `flag_datagrid`, `flag_datagrid_readonly`, `flag_index`, `flag_detail`, `created`, `created_by`, `modified`, `modified_by`) VALUES ('CAN-999-999-000-999-1036_CAN-999-999-000-999-1159', 'CAN-999-999-000-999-1036', 'CAN-999-999-000-999-1159', '0', '0', '', '0', '', '0', '', '0', '', '0', '', '0', '', '0', '', '0', '0', '0', '0', '0', '0', '1', '0', '0', '0', '0000-00-00 00:00:00', '', '0000-00-00 00:00:00', '');
INSERT INTO `form_formats` (`id`, `form_id`, `field_id`, `display_column`, `display_order`, `language_heading`, `flag_override_label`, `language_label`, `flag_override_tag`, `language_tag`, `flag_override_help`, `language_help`, `flag_override_type`, `type`, `flag_override_setting`, `setting`, `flag_override_default`, `default`, `flag_add`, `flag_add_readonly`, `flag_edit`, `flag_edit_readonly`, `flag_search`, `flag_search_readonly`, `flag_datagrid`, `flag_datagrid_readonly`, `flag_index`, `flag_detail`, `created`, `created_by`, `modified`, `modified_by`) VALUES ('CAN-999-999-000-999-1036_CAN-999-999-000-999-1260', 'CAN-999-999-000-999-1036', 'CAN-999-999-000-999-1260', '0', '7', '', '0', '', '0', '', '0', '', '0', '', '0', '', '0', '', '0', '0', '0', '0', '0', '0', '1', '0', '0', '0', '0000-00-00 00:00:00', '', '0000-00-00 00:00:00', '');

-- ------------------------------------------------------------------------
-- alias = aliquot_use_list
-- ------------------------------------------------------------------------

DELETE FROM `forms` WHERE `alias` = 'aliquot_use_list';
INSERT INTO `forms` (`id`, `alias`, `language_title`, `language_help`, `flag_add_columns`, `flag_edit_columns`, `flag_search_columns`, `flag_detail_columns`, `created`, `created_by`, `modified`, `modified_by`) VALUES ('CAN-999-999-000-999-1035', 'aliquot_use_list', '', '', '0', '0', '0', '1', '0000-00-00 00:00:00', '', '0000-00-00 00:00:00', '');

DELETE FROM `form_fields` WHERE `id` = 'CAN-999-999-000-999-1161';
INSERT INTO `form_fields` (`id`, `model`, `field`, `language_label`, `language_tag`, `type`, `setting`, `default`, `language_help`, `created`, `created_by`, `modified`, `modified_by`) VALUES ('CAN-999-999-000-999-1161', 'AliquotUse', 'use_definition', 'use', '', 'select', '', '', '', '0000-00-00 00:00:00', '', '0000-00-00 00:00:00', '');
DELETE FROM `form_fields` WHERE `id` = 'CAN-999-999-000-999-1162';
INSERT INTO `form_fields` (`id`, `model`, `field`, `language_label`, `language_tag`, `type`, `setting`, `default`, `language_help`, `created`, `created_by`, `modified`, `modified_by`) VALUES ('CAN-999-999-000-999-1162', 'AliquotUse', 'use_details', 'details', '', 'textarea', 'cols=50,rows=5', '', '', '0000-00-00 00:00:00', '', '0000-00-00 00:00:00', '');
DELETE FROM `form_fields` WHERE `id` = 'CAN-999-999-000-999-1163';
INSERT INTO `form_fields` (`id`, `model`, `field`, `language_label`, `language_tag`, `type`, `setting`, `default`, `language_help`, `created`, `created_by`, `modified`, `modified_by`) VALUES ('CAN-999-999-000-999-1163', 'AliquotUse', 'use_datetime', 'date', '', 'datetime', '', '', '', '0000-00-00 00:00:00', '', '0000-00-00 00:00:00', '');
DELETE FROM `form_fields` WHERE `id` = 'CAN-999-999-000-999-1271';
INSERT INTO `form_fields` (`id`, `model`, `field`, `language_label`, `language_tag`, `type`, `setting`, `default`, `language_help`, `created`, `created_by`, `modified`, `modified_by`) VALUES ('CAN-999-999-000-999-1271', 'AliquotUse', 'study_summary_id', 'study', '', 'select', '', '', '', '0000-00-00 00:00:00', '', '0000-00-00 00:00:00', '');

DELETE FROM `global_lookups` WHERE `alias` = 'aliquot_use_definition';
INSERT INTO `global_lookups` (`id`, `alias`, `section`, `subsection`, `value`, `language_choice`, `display_order`, `active`, `created`, `created_by`, `modified`, `modified_by`) VALUES 
(NULL, 'aliquot_use_definition', NULL, NULL, 'sample derivative creation', 'sample derivative creation', -1, 'yes', NULL, NULL, NULL, NULL),
(NULL, 'aliquot_use_definition', NULL, NULL, 'realiquoted to', 'realiquoted to', -1, 'yes', NULL, NULL, NULL, NULL),
(NULL, 'aliquot_use_definition', NULL, NULL, 'aliquot shipment', 'aliquot shipment', -1, 'yes', NULL, NULL, NULL, NULL),
(NULL, 'aliquot_use_definition', NULL, NULL, 'quality control', 'quality control', -1, 'yes', NULL, NULL, NULL, NULL),
(NULL, 'aliquot_use_definition', NULL, NULL, 'internal use', 'internal use', 1, 'yes', NULL, NULL, NULL, NULL);

DELETE FROM `form_fields_global_lookups` WHERE `field_id` IN ('CAN-999-999-000-999-1161');
INSERT INTO `form_fields_global_lookups` ( `field_id` , `lookup_id`)
VALUES 
('CAN-999-999-000-999-1161', (SELECT `id` FROM `global_lookups` WHERE `alias` LIKE 'aliquot_use_definition' AND `value` like 'sample derivative creation')), 
('CAN-999-999-000-999-1161', (SELECT `id` FROM `global_lookups` WHERE `alias` LIKE 'aliquot_use_definition' AND `value` like 'realiquoted to')),
('CAN-999-999-000-999-1161', (SELECT `id` FROM `global_lookups` WHERE `alias` LIKE 'aliquot_use_definition' AND `value` like 'aliquot shipment')),
('CAN-999-999-000-999-1161', (SELECT `id` FROM `global_lookups` WHERE `alias` LIKE 'aliquot_use_definition' AND `value` like 'quality control')),
('CAN-999-999-000-999-1161', (SELECT `id` FROM `global_lookups` WHERE `alias` LIKE 'aliquot_use_definition' AND `value` like 'internal use'));

DELETE FROM `form_formats` WHERE `form_id` = 'CAN-999-999-000-999-1035';
INSERT INTO `form_formats` (`id`, `form_id`, `field_id`, `display_column`, `display_order`, `language_heading`, `flag_override_label`, `language_label`, `flag_override_tag`, `language_tag`, `flag_override_help`, `language_help`, `flag_override_type`, `type`, `flag_override_setting`, `setting`, `flag_override_default`, `default`, 
`flag_add`, `flag_add_readonly`, `flag_edit`, `flag_edit_readonly`, `flag_search`, `flag_search_readonly`, 
`flag_datagrid`, `flag_datagrid_readonly`, `flag_index`, `flag_detail`, `created`, `created_by`, `modified`, `modified_by`) 
VALUES 
/* definition */
('CAN-999-999-000-999-1035_CAN-999-999-000-999-1161', 'CAN-999-999-000-999-1035', 'CAN-999-999-000-999-1161', 
'0', '1', '', '0', '', '0', '', '0', '', '0', '', '0', '', '0', '', 
'1', '1', '1', '1', '0', '0', '0', '0', '1', '1', '0000-00-00 00:00:00', '', '0000-00-00 00:00:00', ''),
/* detail */
('CAN-999-999-000-999-1035_CAN-999-999-000-999-1162', 'CAN-999-999-000-999-1035', 'CAN-999-999-000-999-1162', 
'0', '2', '', '0', '', '0', '', '0', '', '0', '', '0', '', '0', '', 
'1', '0', '1', '0', '0', '0', '0', '0', '1', '1', '0000-00-00 00:00:00', '', '0000-00-00 00:00:00', ''),
/* volume */
('CAN-999-999-000-999-1035_CAN-999-999-000-999-1153', 'CAN-999-999-000-999-1035', 'CAN-999-999-000-999-1153', 
'0', '3', '', '0', '', '0', '', '0', '', '0', '', '0', '', '0', '', 
'1', '0', '1', '0', '0', '0', '0', '0', '1', '1', '0000-00-00 00:00:00', '', '0000-00-00 00:00:00', ''),
/* volume unit */
('CAN-999-999-000-999-1035_CAN-999-999-000-999-1155', 'CAN-999-999-000-999-1035', 'CAN-999-999-000-999-1155', 
'0', '4', '', '0', '', '0', '', '0', '', '0', '', '0', '', '0', '', 
'1', '1', '1', '1', '0', '0', '0', '0', '1', '1', '0000-00-00 00:00:00', '', '0000-00-00 00:00:00', ''),
/* date */
('CAN-999-999-000-999-1035_CAN-999-999-000-999-1163', 'CAN-999-999-000-999-1035', 'CAN-999-999-000-999-1163', 
'0', '5', '', '0', '', '0', '', '0', '', '0', '', '0', '', '0', '', 
'1', '0', '1', '0', '0', '0', '0', '0', '1', '1', '0000-00-00 00:00:00', '', '0000-00-00 00:00:00', ''),
/* study */
('CAN-999-999-000-999-1035_CAN-999-999-000-999-1271', 'CAN-999-999-000-999-1035', 'CAN-999-999-000-999-1271', 
'0', '6', '', '0', '', '0', '', '0', '', '0', '', '0', '', '0', '', 
'1', '0', '1', '0', '0', '0', '0', '0', '1', '1', '0000-00-00 00:00:00', '', '0000-00-00 00:00:00', '');

-- ------------------------------------------------------------------------
-- alias = aliquot_merged_into_sample_list
-- ------------------------------------------------------------------------

DELETE FROM `forms` WHERE `alias` = 'aliquot_merged_into_sample_list';
INSERT INTO `forms` (`id`, `alias`, `language_title`, `language_help`, `flag_add_columns`, `flag_edit_columns`, `flag_search_columns`, `flag_detail_columns`, `created`, `created_by`, `modified`, `modified_by`) VALUES ('CAN-999-999-000-999-1037', 'aliquot_merged_into_sample_list', '', '', '0', '0', '0', '1', '0000-00-00 00:00:00', '', '0000-00-00 00:00:00', '');

DELETE FROM `form_fields` WHERE `id` = 'CAN-999-999-000-999-1109';
INSERT INTO `form_fields` (`id`, `model`, `field`, `language_label`, `language_tag`, `type`, `setting`, `default`, `language_help`, `created`, `created_by`, `modified`, `modified_by`) VALUES ('CAN-999-999-000-999-1109', 'AliquotMaster', 'storage_datetime', 'initial storage date', '', 'datetime', '', '', '', '0000-00-00 00:00:00', '', '0000-00-00 00:00:00', '');

DELETE FROM `form_formats` WHERE `form_id` = 'CAN-999-999-000-999-1037';
INSERT INTO `form_formats` (`id`, `form_id`, `field_id`, `display_column`, `display_order`, `language_heading`, `flag_override_label`, `language_label`, `flag_override_tag`, `language_tag`, `flag_override_help`, `language_help`, `flag_override_type`, `type`, `flag_override_setting`, `setting`, `flag_override_default`, `default`, `flag_add`, `flag_add_readonly`, `flag_edit`, `flag_edit_readonly`, `flag_search`, `flag_search_readonly`, `flag_datagrid`, `flag_datagrid_readonly`, `flag_index`, `flag_detail`, `created`, `created_by`, `modified`, `modified_by`) VALUES ('CAN-999-999-000-999-1037_CAN-999-999-000-999-1101', 'CAN-999-999-000-999-1037', 'CAN-999-999-000-999-1101', '0', '2', '', '0', '', '0', '', '0', '', '0', '', '0', '', '0', '', '0', '1', '1', '1', '1', '1', '0', '1', '1', '1', '0000-00-00 00:00:00', '', '0000-00-00 00:00:00', '');
INSERT INTO `form_formats` (`id`, `form_id`, `field_id`, `display_column`, `display_order`, `language_heading`, `flag_override_label`, `language_label`, `flag_override_tag`, `language_tag`, `flag_override_help`, `language_help`, `flag_override_type`, `type`, `flag_override_setting`, `setting`, `flag_override_default`, `default`, `flag_add`, `flag_add_readonly`, `flag_edit`, `flag_edit_readonly`, `flag_search`, `flag_search_readonly`, `flag_datagrid`, `flag_datagrid_readonly`, `flag_index`, `flag_detail`, `created`, `created_by`, `modified`, `modified_by`) VALUES ('CAN-999-999-000-999-1037_CAN-999-999-000-999-1102', 'CAN-999-999-000-999-1037', 'CAN-999-999-000-999-1102', '0', '5', '', '0', '', '0', '', '0', '', '0', '', '0', '', '0', '', '1', '1', '1', '1', '0', '1', '1', '1', '1', '1', '0000-00-00 00:00:00', '', '0000-00-00 00:00:00', '');
INSERT INTO `form_formats` (`id`, `form_id`, `field_id`, `display_column`, `display_order`, `language_heading`, `flag_override_label`, `language_label`, `flag_override_tag`, `language_tag`, `flag_override_help`, `language_help`, `flag_override_type`, `type`, `flag_override_setting`, `setting`, `flag_override_default`, `default`, `flag_add`, `flag_add_readonly`, `flag_edit`, `flag_edit_readonly`, `flag_search`, `flag_search_readonly`, `flag_datagrid`, `flag_datagrid_readonly`, `flag_index`, `flag_detail`, `created`, `created_by`, `modified`, `modified_by`) VALUES ('CAN-999-999-000-999-1037_CAN-999-999-000-999-1217', 'CAN-999-999-000-999-1037', 'CAN-999-999-000-999-1217', '0', '10', '', '0', '', '0', '', '0', '', '0', '', '0', '', '0', '', '0', '0', '0', '0', '0', '0', '0', '0', '1', '1', '0000-00-00 00:00:00', '', '0000-00-00 00:00:00', '');
INSERT INTO `form_formats` (`id`, `form_id`, `field_id`, `display_column`, `display_order`, `language_heading`, `flag_override_label`, `language_label`, `flag_override_tag`, `language_tag`, `flag_override_help`, `language_help`, `flag_override_type`, `type`, `flag_override_setting`, `setting`, `flag_override_default`, `default`, `flag_add`, `flag_add_readonly`, `flag_edit`, `flag_edit_readonly`, `flag_search`, `flag_search_readonly`, `flag_datagrid`, `flag_datagrid_readonly`, `flag_index`, `flag_detail`, `created`, `created_by`, `modified`, `modified_by`) VALUES ('CAN-999-999-000-999-1037_CAN-999-999-000-999-1117', 'CAN-999-999-000-999-1037', 'CAN-999-999-000-999-1117', '0', '11', '', '0', '', '0', '', '0', '', '0', '', '0', '', '0', '', '0', '0', '0', '0', '0', '0', '0', '0', '1', '1', '0000-00-00 00:00:00', '', '0000-00-00 00:00:00', '');
INSERT INTO `form_formats` (`id`, `form_id`, `field_id`, `display_column`, `display_order`, `language_heading`, `flag_override_label`, `language_label`, `flag_override_tag`, `language_tag`, `flag_override_help`, `language_help`, `flag_override_type`, `type`, `flag_override_setting`, `setting`, `flag_override_default`, `default`, `flag_add`, `flag_add_readonly`, `flag_edit`, `flag_edit_readonly`, `flag_search`, `flag_search_readonly`, `flag_datagrid`, `flag_datagrid_readonly`, `flag_index`, `flag_detail`, `created`, `created_by`, `modified`, `modified_by`) VALUES ('CAN-999-999-000-999-1037_CAN-999-999-000-999-1107', 'CAN-999-999-000-999-1037', 'CAN-999-999-000-999-1107', '0', '12', '', '0', '', '0', '', '0', '', '0', '', '0', '', '0', '', '1', '0', '1', '0', '0', '0', '1', '0', '1', '1', '0000-00-00 00:00:00', '', '0000-00-00 00:00:00', '');
INSERT INTO `form_formats` (`id`, `form_id`, `field_id`, `display_column`, `display_order`, `language_heading`, `flag_override_label`, `language_label`, `flag_override_tag`, `language_tag`, `flag_override_help`, `language_help`, `flag_override_type`, `type`, `flag_override_setting`, `setting`, `flag_override_default`, `default`, `flag_add`, `flag_add_readonly`, `flag_edit`, `flag_edit_readonly`, `flag_search`, `flag_search_readonly`, `flag_datagrid`, `flag_datagrid_readonly`, `flag_index`, `flag_detail`, `created`, `created_by`, `modified`, `modified_by`) VALUES ('CAN-999-999-000-999-1037_CAN-999-999-000-999-1108', 'CAN-999-999-000-999-1037', 'CAN-999-999-000-999-1108', '0', '14', '', '0', '', '0', '', '0', '', '0', '', '0', '', '0', '', '1', '0', '1', '0', '0', '0', '1', '0', '1', '1', '0000-00-00 00:00:00', '', '0000-00-00 00:00:00', '');
INSERT INTO `form_formats` (`id`, `form_id`, `field_id`, `display_column`, `display_order`, `language_heading`, `flag_override_label`, `language_label`, `flag_override_tag`, `language_tag`, `flag_override_help`, `language_help`, `flag_override_type`, `type`, `flag_override_setting`, `setting`, `flag_override_default`, `default`, `flag_add`, `flag_add_readonly`, `flag_edit`, `flag_edit_readonly`, `flag_search`, `flag_search_readonly`, `flag_datagrid`, `flag_datagrid_readonly`, `flag_index`, `flag_detail`, `created`, `created_by`, `modified`, `modified_by`) VALUES ('CAN-999-999-000-999-1037_CAN-999-999-000-999-1109', 'CAN-999-999-000-999-1037', 'CAN-999-999-000-999-1109', '0', '15', '', '0', '', '0', '', '0', '', '0', '', '0', '', '0', '', '1', '0', '1', '0', '0', '0', '1', '0', '1', '1', '0000-00-00 00:00:00', '', '0000-00-00 00:00:00', '');
INSERT INTO `form_formats` (`id`, `form_id`, `field_id`, `display_column`, `display_order`, `language_heading`, `flag_override_label`, `language_label`, `flag_override_tag`, `language_tag`, `flag_override_help`, `language_help`, `flag_override_type`, `type`, `flag_override_setting`, `setting`, `flag_override_default`, `default`, `flag_add`, `flag_add_readonly`, `flag_edit`, `flag_edit_readonly`, `flag_search`, `flag_search_readonly`, `flag_datagrid`, `flag_datagrid_readonly`, `flag_index`, `flag_detail`, `created`, `created_by`, `modified`, `modified_by`) VALUES ('CAN-999-999-000-999-1037_CAN-999-999-000-999-1103', 'CAN-999-999-000-999-1037', 'CAN-999-999-000-999-1103', '0', '6', '', '0', '', '0', '', '0', '', '0', '', '0', '', '0', '', '1', '0', '1', '0', '0', '0', '1', '0', '1', '1', '0000-00-00 00:00:00', '', '0000-00-00 00:00:00', '');
INSERT INTO `form_formats` (`id`, `form_id`, `field_id`, `display_column`, `display_order`, `language_heading`, `flag_override_label`, `language_label`, `flag_override_tag`, `language_tag`, `flag_override_help`, `language_help`, `flag_override_type`, `type`, `flag_override_setting`, `setting`, `flag_override_default`, `default`, `flag_add`, `flag_add_readonly`, `flag_edit`, `flag_edit_readonly`, `flag_search`, `flag_search_readonly`, `flag_datagrid`, `flag_datagrid_readonly`, `flag_index`, `flag_detail`, `created`, `created_by`, `modified`, `modified_by`) VALUES ('CAN-999-999-000-999-1037_CAN-999-999-000-999-1016', 'CAN-999-999-000-999-1037', 'CAN-999-999-000-999-1016', '0', '1', '', '0', '', '0', '', '0', '', '0', '', '0', '', '0', '', '0', '1', '1', '1', '1', '1', '0', '1', '1', '1', '0000-00-00 00:00:00', '', '0000-00-00 00:00:00', '');
INSERT INTO `form_formats` (`id`, `form_id`, `field_id`, `display_column`, `display_order`, `language_heading`, `flag_override_label`, `language_label`, `flag_override_tag`, `language_tag`, `flag_override_help`, `language_help`, `flag_override_type`, `type`, `flag_override_setting`, `setting`, `flag_override_default`, `default`, `flag_add`, `flag_add_readonly`, `flag_edit`, `flag_edit_readonly`, `flag_search`, `flag_search_readonly`, `flag_datagrid`, `flag_datagrid_readonly`, `flag_index`, `flag_detail`, `created`, `created_by`, `modified`, `modified_by`) VALUES ('CAN-999-999-000-999-1037_CAN-999-999-000-999-1018', 'CAN-999-999-000-999-1037', 'CAN-999-999-000-999-1018', '0', '3', '', '0', '', '0', '', '0', '', '0', '', '0', '', '0', '', '1', '1', '1', '1', '0', '1', '0', '1', '1', '1', '0000-00-00 00:00:00', '', '0000-00-00 00:00:00', '');
INSERT INTO `form_formats` (`id`, `form_id`, `field_id`, `display_column`, `display_order`, `language_heading`, `flag_override_label`, `language_label`, `flag_override_tag`, `language_tag`, `flag_override_help`, `language_help`, `flag_override_type`, `type`, `flag_override_setting`, `setting`, `flag_override_default`, `default`, `flag_add`, `flag_add_readonly`, `flag_edit`, `flag_edit_readonly`, `flag_search`, `flag_search_readonly`, `flag_datagrid`, `flag_datagrid_readonly`, `flag_index`, `flag_detail`, `created`, `created_by`, `modified`, `modified_by`) VALUES ('CAN-999-999-000-999-1037_CAN-999-999-000-999-1024', 'CAN-999-999-000-999-1037', 'CAN-999-999-000-999-1024', '0', '5', '', '0', '', '0', '', '0', '', '0', '', '0', '', '0', '', '0', '1', '1', '1', '0', '1', '0', '1', '1', '1', '0000-00-00 00:00:00', '', '0000-00-00 00:00:00', '');
INSERT INTO `form_formats` (`id`, `form_id`, `field_id`, `display_column`, `display_order`, `language_heading`, `flag_override_label`, `language_label`, `flag_override_tag`, `language_tag`, `flag_override_help`, `language_help`, `flag_override_type`, `type`, `flag_override_setting`, `setting`, `flag_override_default`, `default`, `flag_add`, `flag_add_readonly`, `flag_edit`, `flag_edit_readonly`, `flag_search`, `flag_search_readonly`, `flag_datagrid`, `flag_datagrid_readonly`, `flag_index`, `flag_detail`, `created`, `created_by`, `modified`, `modified_by`) VALUES ('CAN-999-999-000-999-1037_CAN-999-999-000-999-1110', 'CAN-999-999-000-999-1037', 'CAN-999-999-000-999-1110', '0', '16', '', '0', '', '0', '', '0', '', '0', '', '0', '', '0', '', '0', '0', '0', '0', '0', '0', '0', '0', '1', '1', '0000-00-00 00:00:00', '', '0000-00-00 00:00:00', '');
INSERT INTO `form_formats` (`id`, `form_id`, `field_id`, `display_column`, `display_order`, `language_heading`, `flag_override_label`, `language_label`, `flag_override_tag`, `language_tag`, `flag_override_help`, `language_help`, `flag_override_type`, `type`, `flag_override_setting`, `setting`, `flag_override_default`, `default`, `flag_add`, `flag_add_readonly`, `flag_edit`, `flag_edit_readonly`, `flag_search`, `flag_search_readonly`, `flag_datagrid`, `flag_datagrid_readonly`, `flag_index`, `flag_detail`, `created`, `created_by`, `modified`, `modified_by`) VALUES ('CAN-999-999-000-999-1037_CAN-999-999-000-999-1194', 'CAN-999-999-000-999-1037', 'CAN-999-999-000-999-1194', '0', '17', '', '0', '', '0', '', '0', '', '0', '', '0', '', '0', '', '0', '0', '0', '0', '0', '0', '0', '0', '1', '1', '0000-00-00 00:00:00', '', '0000-00-00 00:00:00', '');

-- ------------------------------------------------------------------------
-- alias = ad_spec_tubes
-- ------------------------------------------------------------------------

DELETE FROM `forms` WHERE `alias` = 'ad_spec_tubes';
INSERT INTO `forms` (`id`, `alias`, `language_title`, `language_help`, `flag_add_columns`, `flag_edit_columns`, `flag_search_columns`, `flag_detail_columns`, `created`, `created_by`, `modified`, `modified_by`) VALUES ('CAN-999-999-000-999-1022', 'ad_spec_tubes', '', '', '0', '0', '0', '1', '0000-00-00 00:00:00', '', '0000-00-00 00:00:00', '');

DELETE FROM `form_fields` WHERE `id` = 'CAN-999-999-000-999-1119';
INSERT INTO `form_fields` (`id`, `model`, `field`, `language_label`, `language_tag`, `type`, `setting`, `default`, `language_help`, `created`, `created_by`, `modified`, `modified_by`) VALUES ('CAN-999-999-000-999-1119', 'FunctionManagement', 'generated_field_copy_prev_line', 'copy previous line', '', 'checklist', '', '', '', '0000-00-00 00:00:00', '', '0000-00-00 00:00:00', '');
DELETE FROM `form_fields` WHERE `id` = 'CAN-999-999-000-999-1115';
INSERT INTO `form_fields` (`id`, `model`, `field`, `language_label`, `language_tag`, `type`, `setting`, `default`, `language_help`, `created`, `created_by`, `modified`, `modified_by`) VALUES ('CAN-999-999-000-999-1115', 'AliquotMaster', 'aliquot_control_id', '', '', 'hidden', '', '', '', '0000-00-00 00:00:00', '', '0000-00-00 00:00:00', '');
DELETE FROM `form_fields` WHERE `id` = 'CAN-999-999-000-999-1116';
INSERT INTO `form_fields` (`id`, `model`, `field`, `language_label`, `language_tag`, `type`, `setting`, `default`, `language_help`, `created`, `created_by`, `modified`, `modified_by`) VALUES ('CAN-999-999-000-999-1116', 'AliquotMaster', 'aliquot_type', '', '', 'hidden', '', '', '', '0000-00-00 00:00:00', '', '0000-00-00 00:00:00', '');
DELETE FROM `form_fields` WHERE `id` = 'CAN-999-999-000-999-1113';
INSERT INTO `form_fields` (`id`, `model`, `field`, `language_label`, `language_tag`, `type`, `setting`, `default`, `language_help`, `created`, `created_by`, `modified`, `modified_by`) VALUES ('CAN-999-999-000-999-1113', 'AliquotMaster', 'collection_id', '', '', 'hidden', '', '', '', '0000-00-00 00:00:00', '', '0000-00-00 00:00:00', '');
DELETE FROM `form_fields` WHERE `id` = 'CAN-999-999-000-999-1114';
INSERT INTO `form_fields` (`id`, `model`, `field`, `language_label`, `language_tag`, `type`, `setting`, `default`, `language_help`, `created`, `created_by`, `modified`, `modified_by`) VALUES ('CAN-999-999-000-999-1114', 'AliquotMaster', 'sample_master_id', '', '', 'hidden', '', '', '', '0000-00-00 00:00:00', '', '0000-00-00 00:00:00', '');
DELETE FROM `form_fields` WHERE `id` = 'CAN-999-999-000-999-1100';
INSERT INTO `form_fields` (`id`, `model`, `field`, `language_label`, `language_tag`, `type`, `setting`, `default`, `language_help`, `created`, `created_by`, `modified`, `modified_by`) VALUES ('CAN-999-999-000-999-1100', 'AliquotMaster', 'barcode', 'barcode', '', 'input', 'size=30', '', '', '0000-00-00 00:00:00', '', '0000-00-00 00:00:00', '');
DELETE FROM `form_fields` WHERE `id` = 'CAN-999-999-000-999-1104';
INSERT INTO `form_fields` (`id`, `model`, `field`, `language_label`, `language_tag`, `type`, `setting`, `default`, `language_help`, `created`, `created_by`, `modified`, `modified_by`) VALUES ('CAN-999-999-000-999-1104', 'AliquotMaster', 'status_reason', 'aliquot status reason', '', 'select', '', '', '', '0000-00-00 00:00:00', '', '0000-00-00 00:00:00', '');
DELETE FROM `form_fields` WHERE `id` = 'CAN-999-999-000-999-1259';
INSERT INTO `form_fields` (`id`, `model`, `field`, `language_label`, `language_tag`, `type`, `setting`, `default`, `language_help`, `created`, `created_by`, `modified`, `modified_by`) VALUES ('CAN-999-999-000-999-1259', 'AliquotMaster', 'study_summary_id', '', 'study', 'select', '', '', '', '0000-00-00 00:00:00', '', '0000-00-00 00:00:00', '');
DELETE FROM `form_fields` WHERE `id` = 'CAN-999-999-000-999-1216';
INSERT INTO `form_fields` (`id`, `model`, `field`, `language_label`, `language_tag`, `type`, `setting`, `default`, `language_help`, `created`, `created_by`, `modified`, `modified_by`) VALUES ('CAN-999-999-000-999-1216', 'FunctionManagement', 'storage_selection_label', 'storage', 'storage selection label', 'input', 'size=30', '', '', '0000-00-00 00:00:00', '', '0000-00-00 00:00:00', '');
DELETE FROM `form_fields` WHERE `id` = 'CAN-999-999-000-999-1106';
INSERT INTO `form_fields` (`id`, `model`, `field`, `language_label`, `language_tag`, `type`, `setting`, `default`, `language_help`, `created`, `created_by`, `modified`, `modified_by`) VALUES ('CAN-999-999-000-999-1106', 'AliquotMaster', 'storage_master_id', '', 'storage code', 'select', '', '', '', '0000-00-00 00:00:00', '', '0000-00-00 00:00:00', '');
DELETE FROM `form_fields` WHERE `id` = 'CAN-999-999-000-999-1165';
INSERT INTO `form_fields` (`id`, `model`, `field`, `language_label`, `language_tag`, `type`, `setting`, `default`, `language_help`, `created`, `created_by`, `modified`, `modified_by`) VALUES ('CAN-999-999-000-999-1165', 'AliquotMaster', 'sop_master_id', 'aliquot sop', '', 'select', '', '', '', '0000-00-00 00:00:00', '', '0000-00-00 00:00:00', '');
DELETE FROM `form_fields` WHERE `id` = 'CAN-999-999-000-999-1112';
INSERT INTO `form_fields` (`id`, `model`, `field`, `language_label`, `language_tag`, `type`, `setting`, `default`, `language_help`, `created`, `created_by`, `modified`, `modified_by`) VALUES ('CAN-999-999-000-999-1112', 'AliquotMaster', 'notes', 'notes', '', 'textarea', 'rows=3,cols=30', '', '', '0000-00-00 00:00:00', '', '0000-00-00 00:00:00', '');
DELETE FROM `form_fields` WHERE `id` = 'CAN-999-999-000-999-1128';
INSERT INTO `form_fields` (`id`, `model`, `field`, `language_label`, `language_tag`, `type`, `setting`, `default`, `language_help`, `created`, `created_by`, `modified`, `modified_by`) VALUES ('CAN-999-999-000-999-1128', 'Generated', 'coll_to_stor_spent_time_msg', 'collection to storage spent time', '', 'input', 'size=30', '', '', '0000-00-00 00:00:00', '', '0000-00-00 00:00:00', '');
DELETE FROM `form_fields` WHERE `id` = 'CAN-999-999-000-999-1127';
INSERT INTO `form_fields` (`id`, `model`, `field`, `language_label`, `language_tag`, `type`, `setting`, `default`, `language_help`, `created`, `created_by`, `modified`, `modified_by`) VALUES ('CAN-999-999-000-999-1127', 'Calculated', 'coll_to_stor_spent_time_days', '', 'days', 'input', 'size=7', '', '', '0000-00-00 00:00:00', '', '0000-00-00 00:00:00', '');
DELETE FROM `form_fields` WHERE `id` = 'CAN-999-999-000-999-1121';
INSERT INTO `form_fields` (`id`, `model`, `field`, `language_label`, `language_tag`, `type`, `setting`, `default`, `language_help`, `created`, `created_by`, `modified`, `modified_by`) VALUES ('CAN-999-999-000-999-1121', 'Calculated', 'coll_to_stor_spent_time_hours', '', 'hours', 'input', 'size=3', '', '', '0000-00-00 00:00:00', '', '0000-00-00 00:00:00', '');
DELETE FROM `form_fields` WHERE `id` = 'CAN-999-999-000-999-1122';
INSERT INTO `form_fields` (`id`, `model`, `field`, `language_label`, `language_tag`, `type`, `setting`, `default`, `language_help`, `created`, `created_by`, `modified`, `modified_by`) VALUES ('CAN-999-999-000-999-1122', 'Calculated', 'coll_to_stor_spent_time_minutes', '', 'minutes', 'input', 'size=3', '', '', '0000-00-00 00:00:00', '', '0000-00-00 00:00:00', '');
DELETE FROM `form_fields` WHERE `id` = 'CAN-999-999-000-999-1123';
INSERT INTO `form_fields` (`id`, `model`, `field`, `language_label`, `language_tag`, `type`, `setting`, `default`, `language_help`, `created`, `created_by`, `modified`, `modified_by`) VALUES ('CAN-999-999-000-999-1123', 'Generated', 'rec_to_stor_spent_time_msg', 'reception to storage spent time', '', 'input', 'size=30', '', '', '0000-00-00 00:00:00', '', '0000-00-00 00:00:00', '');
DELETE FROM `form_fields` WHERE `id` = 'CAN-999-999-000-999-1124';
INSERT INTO `form_fields` (`id`, `model`, `field`, `language_label`, `language_tag`, `type`, `setting`, `default`, `language_help`, `created`, `created_by`, `modified`, `modified_by`) VALUES ('CAN-999-999-000-999-1124', 'Calculated', 'rec_to_stor_spent_time_days', '', 'days', 'input', 'size=7', '', '', '0000-00-00 00:00:00', '', '0000-00-00 00:00:00', '');
DELETE FROM `form_fields` WHERE `id` = 'CAN-999-999-000-999-1125';
INSERT INTO `form_fields` (`id`, `model`, `field`, `language_label`, `language_tag`, `type`, `setting`, `default`, `language_help`, `created`, `created_by`, `modified`, `modified_by`) VALUES ('CAN-999-999-000-999-1125', 'Calculated', 'rec_to_stor_spent_time_hours', '', 'hours', 'input', 'size=3', '', '', '0000-00-00 00:00:00', '', '0000-00-00 00:00:00', '');
DELETE FROM `form_fields` WHERE `id` = 'CAN-999-999-000-999-1126';
INSERT INTO `form_fields` (`id`, `model`, `field`, `language_label`, `language_tag`, `type`, `setting`, `default`, `language_help`, `created`, `created_by`, `modified`, `modified_by`) VALUES ('CAN-999-999-000-999-1126', 'Calculated', 'rec_to_stor_spent_time_minutes', '', 'minutes', 'input', 'size=3', '', '', '0000-00-00 00:00:00', '', '0000-00-00 00:00:00', '');
DELETE FROM `form_fields` WHERE `id` = 'CAN-999-999-000-999-1120';
INSERT INTO `form_fields` (`id`, `model`, `field`, `language_label`, `language_tag`, `type`, `setting`, `default`, `language_help`, `created`, `created_by`, `modified`, `modified_by`) VALUES ('CAN-999-999-000-999-1120', 'AliquotDetail', 'lot_number', 'lot number', '', 'input', 'size=30', '', '', '0000-00-00 00:00:00', '', '0000-00-00 00:00:00', '');

DELETE FROM `form_validations` WHERE `form_field_id` = 'CAN-999-999-000-999-1100';
INSERT INTO `form_validations` (`id`, `form_field_id`, `expression`, `message`, `created`, `created_by`, `modified`, `modifed_by`) VALUES (NULL, 'CAN-999-999-000-999-1100', '/.+/', 'barcode is required, must be unique and size is limited', '0000-00-00 00:00:00', '', '0000-00-00 00:00:00', '');

DELETE FROM `form_fields_global_lookups` WHERE `field_id` IN ('CAN-999-999-000-999-1104',
'CAN-999-999-000-999-1119');
INSERT INTO `form_fields_global_lookups` ( `field_id` , `lookup_id`)
VALUES 
('CAN-999-999-000-999-1119', (SELECT `id` FROM `global_lookups` WHERE `alias` LIKE 'yesno' AND `value` like 'yes')), 

('CAN-999-999-000-999-1104', (SELECT `id` FROM `global_lookups` WHERE `alias` LIKE 'aliquot_status_reason' AND `value` like 'contamined')), 
('CAN-999-999-000-999-1104', (SELECT `id` FROM `global_lookups` WHERE `alias` LIKE 'aliquot_status_reason' AND `value` like 'empty')), 
('CAN-999-999-000-999-1104', (SELECT `id` FROM `global_lookups` WHERE `alias` LIKE 'aliquot_status_reason' AND `value` like 'lost')), 
('CAN-999-999-000-999-1104', (SELECT `id` FROM `global_lookups` WHERE `alias` LIKE 'aliquot_status_reason' AND `value` like 'on loan')), 
('CAN-999-999-000-999-1104', (SELECT `id` FROM `global_lookups` WHERE `alias` LIKE 'aliquot_status_reason' AND `value` like 'shipped')), 
('CAN-999-999-000-999-1104', (SELECT `id` FROM `global_lookups` WHERE `alias` LIKE 'aliquot_status_reason' AND `value` like 'reserved for study')), 
('CAN-999-999-000-999-1104', (SELECT `id` FROM `global_lookups` WHERE `alias` LIKE 'aliquot_status_reason' AND `value` like 'reserved for order')), 
('CAN-999-999-000-999-1104', (SELECT `id` FROM `global_lookups` WHERE `alias` LIKE 'aliquot_status_reason' AND `value` like 'used')), 
('CAN-999-999-000-999-1104', (SELECT `id` FROM `global_lookups` WHERE `alias` LIKE 'aliquot_status_reason' AND `value` like 'other'));

DELETE FROM `form_formats` WHERE `form_id` = 'CAN-999-999-000-999-1022';
INSERT INTO `form_formats` (`id`, `form_id`, `field_id`, `display_column`, `display_order`, `language_heading`, `flag_override_label`, `language_label`, `flag_override_tag`, `language_tag`, `flag_override_help`, `language_help`, `flag_override_type`, `type`, `flag_override_setting`, `setting`, `flag_override_default`, `default`, `flag_add`, `flag_add_readonly`, `flag_edit`, `flag_edit_readonly`, `flag_search`, `flag_search_readonly`, `flag_datagrid`, `flag_datagrid_readonly`, `flag_index`, `flag_detail`, `created`, `created_by`, `modified`, `modified_by`) VALUES ('CAN-999-999-000-999-1022_CAN-999-999-000-999-1119', 'CAN-999-999-000-999-1022', 'CAN-999-999-000-999-1119', '0', '1', '', '0', '', '0', '', '0', '', '0', '', '0', '', '0', '', '0', '0', '0', '0', '0', '0', '1', '0', '0', '0', '0000-00-00 00:00:00', '', '0000-00-00 00:00:00', '');
INSERT INTO `form_formats` (`id`, `form_id`, `field_id`, `display_column`, `display_order`, `language_heading`, `flag_override_label`, `language_label`, `flag_override_tag`, `language_tag`, `flag_override_help`, `language_help`, `flag_override_type`, `type`, `flag_override_setting`, `setting`, `flag_override_default`, `default`, `flag_add`, `flag_add_readonly`, `flag_edit`, `flag_edit_readonly`, `flag_search`, `flag_search_readonly`, `flag_datagrid`, `flag_datagrid_readonly`, `flag_index`, `flag_detail`, `created`, `created_by`, `modified`, `modified_by`) VALUES ('CAN-999-999-000-999-1022_CAN-999-999-000-999-1115', 'CAN-999-999-000-999-1022', 'CAN-999-999-000-999-1115', '0', '0', '', '0', '', '0', '', '0', '', '0', '', '0', '', '0', '', '0', '0', '0', '0', '0', '0', '1', '0', '0', '0', '0000-00-00 00:00:00', '', '0000-00-00 00:00:00', '');
INSERT INTO `form_formats` (`id`, `form_id`, `field_id`, `display_column`, `display_order`, `language_heading`, `flag_override_label`, `language_label`, `flag_override_tag`, `language_tag`, `flag_override_help`, `language_help`, `flag_override_type`, `type`, `flag_override_setting`, `setting`, `flag_override_default`, `default`, `flag_add`, `flag_add_readonly`, `flag_edit`, `flag_edit_readonly`, `flag_search`, `flag_search_readonly`, `flag_datagrid`, `flag_datagrid_readonly`, `flag_index`, `flag_detail`, `created`, `created_by`, `modified`, `modified_by`) VALUES ('CAN-999-999-000-999-1022_CAN-999-999-000-999-1116', 'CAN-999-999-000-999-1022', 'CAN-999-999-000-999-1116', '0', '0', '', '0', '', '0', '', '0', '', '0', '', '0', '', '0', '', '0', '0', '0', '0', '0', '0', '1', '0', '0', '0', '0000-00-00 00:00:00', '', '0000-00-00 00:00:00', '');
INSERT INTO `form_formats` (`id`, `form_id`, `field_id`, `display_column`, `display_order`, `language_heading`, `flag_override_label`, `language_label`, `flag_override_tag`, `language_tag`, `flag_override_help`, `language_help`, `flag_override_type`, `type`, `flag_override_setting`, `setting`, `flag_override_default`, `default`, `flag_add`, `flag_add_readonly`, `flag_edit`, `flag_edit_readonly`, `flag_search`, `flag_search_readonly`, `flag_datagrid`, `flag_datagrid_readonly`, `flag_index`, `flag_detail`, `created`, `created_by`, `modified`, `modified_by`) VALUES ('CAN-999-999-000-999-1022_CAN-999-999-000-999-1113', 'CAN-999-999-000-999-1022', 'CAN-999-999-000-999-1113', '0', '0', '', '0', '', '0', '', '0', '', '0', '', '0', '', '0', '', '0', '0', '0', '0', '0', '0', '1', '0', '0', '0', '0000-00-00 00:00:00', '', '0000-00-00 00:00:00', '');
INSERT INTO `form_formats` (`id`, `form_id`, `field_id`, `display_column`, `display_order`, `language_heading`, `flag_override_label`, `language_label`, `flag_override_tag`, `language_tag`, `flag_override_help`, `language_help`, `flag_override_type`, `type`, `flag_override_setting`, `setting`, `flag_override_default`, `default`, `flag_add`, `flag_add_readonly`, `flag_edit`, `flag_edit_readonly`, `flag_search`, `flag_search_readonly`, `flag_datagrid`, `flag_datagrid_readonly`, `flag_index`, `flag_detail`, `created`, `created_by`, `modified`, `modified_by`) VALUES ('CAN-999-999-000-999-1022_CAN-999-999-000-999-1114', 'CAN-999-999-000-999-1022', 'CAN-999-999-000-999-1114', '0', '0', '', '0', '', '0', '', '0', '', '0', '', '0', '', '0', '', '0', '0', '0', '0', '0', '0', '1', '0', '0', '0', '0000-00-00 00:00:00', '', '0000-00-00 00:00:00', '');
INSERT INTO `form_formats` (`id`, `form_id`, `field_id`, `display_column`, `display_order`, `language_heading`, `flag_override_label`, `language_label`, `flag_override_tag`, `language_tag`, `flag_override_help`, `language_help`, `flag_override_type`, `type`, `flag_override_setting`, `setting`, `flag_override_default`, `default`, `flag_add`, `flag_add_readonly`, `flag_edit`, `flag_edit_readonly`, `flag_search`, `flag_search_readonly`, `flag_datagrid`, `flag_datagrid_readonly`, `flag_index`, `flag_detail`, `created`, `created_by`, `modified`, `modified_by`) VALUES ('CAN-999-999-000-999-1022_CAN-999-999-000-999-1100', 'CAN-999-999-000-999-1022', 'CAN-999-999-000-999-1100', '0', '2', '', '0', '', '0', '', '0', '', '0', '', '0', '', '0', '', '1', '0', '0', '0', '0', '0', '1', '0', '0', '0', '0000-00-00 00:00:00', '', '0000-00-00 00:00:00', '');
INSERT INTO `form_formats` (`id`, `form_id`, `field_id`, `display_column`, `display_order`, `language_heading`, `flag_override_label`, `language_label`, `flag_override_tag`, `language_tag`, `flag_override_help`, `language_help`, `flag_override_type`, `type`, `flag_override_setting`, `setting`, `flag_override_default`, `default`, `flag_add`, `flag_add_readonly`, `flag_edit`, `flag_edit_readonly`, `flag_search`, `flag_search_readonly`, `flag_datagrid`, `flag_datagrid_readonly`, `flag_index`, `flag_detail`, `created`, `created_by`, `modified`, `modified_by`) VALUES ('CAN-999-999-000-999-1022_CAN-999-999-000-999-1101', 'CAN-999-999-000-999-1022', 'CAN-999-999-000-999-1101', '0', '2', '', '0', '', '0', '', '0', '', '0', '', '0', '', '0', '', '0', '1', '1', '1', '1', '1', '0', '1', '1', '1', '0000-00-00 00:00:00', '', '0000-00-00 00:00:00', '');
INSERT INTO `form_formats` (`id`, `form_id`, `field_id`, `display_column`, `display_order`, `language_heading`, `flag_override_label`, `language_label`, `flag_override_tag`, `language_tag`, `flag_override_help`, `language_help`, `flag_override_type`, `type`, `flag_override_setting`, `setting`, `flag_override_default`, `default`, `flag_add`, `flag_add_readonly`, `flag_edit`, `flag_edit_readonly`, `flag_search`, `flag_search_readonly`, `flag_datagrid`, `flag_datagrid_readonly`, `flag_index`, `flag_detail`, `created`, `created_by`, `modified`, `modified_by`) VALUES ('CAN-999-999-000-999-1022_CAN-999-999-000-999-1118', 'CAN-999-999-000-999-1022', 'CAN-999-999-000-999-1118', '0', '2', '', '0', '', '0', '', '0', '', '0', '', '0', '', '0', '', '1', '0', '1', '0', '0', '0', '1', '0', '1', '1', '0000-00-00 00:00:00', '', '0000-00-00 00:00:00', '');
INSERT INTO `form_formats` (`id`, `form_id`, `field_id`, `display_column`, `display_order`, `language_heading`, `flag_override_label`, `language_label`, `flag_override_tag`, `language_tag`, `flag_override_help`, `language_help`, `flag_override_type`, `type`, `flag_override_setting`, `setting`, `flag_override_default`, `default`, `flag_add`, `flag_add_readonly`, `flag_edit`, `flag_edit_readonly`, `flag_search`, `flag_search_readonly`, `flag_datagrid`, `flag_datagrid_readonly`, `flag_index`, `flag_detail`, `created`, `created_by`, `modified`, `modified_by`) VALUES ('CAN-999-999-000-999-1022_CAN-999-999-000-999-1102', 'CAN-999-999-000-999-1022', 'CAN-999-999-000-999-1102', '0', '5', '', '0', '', '0', '', '0', '', '0', '', '0', '', '0', '', '1', '1', '1', '1', '0', '1', '1', '1', '1', '1', '0000-00-00 00:00:00', '', '0000-00-00 00:00:00', '');
INSERT INTO `form_formats` (`id`, `form_id`, `field_id`, `display_column`, `display_order`, `language_heading`, `flag_override_label`, `language_label`, `flag_override_tag`, `language_tag`, `flag_override_help`, `language_help`, `flag_override_type`, `type`, `flag_override_setting`, `setting`, `flag_override_default`, `default`, `flag_add`, `flag_add_readonly`, `flag_edit`, `flag_edit_readonly`, `flag_search`, `flag_search_readonly`, `flag_datagrid`, `flag_datagrid_readonly`, `flag_index`, `flag_detail`, `created`, `created_by`, `modified`, `modified_by`) VALUES ('CAN-999-999-000-999-1022_CAN-999-999-000-999-1103', 'CAN-999-999-000-999-1022', 'CAN-999-999-000-999-1103', '0', '6', '', '0', '', '0', '', '0', '', '0', '', '0', '', '0', '', '1', '0', '1', '0', '0', '0', '1', '0', '1', '1', '0000-00-00 00:00:00', '', '0000-00-00 00:00:00', '');
INSERT INTO `form_formats` (`id`, `form_id`, `field_id`, `display_column`, `display_order`, `language_heading`, `flag_override_label`, `language_label`, `flag_override_tag`, `language_tag`, `flag_override_help`, `language_help`, `flag_override_type`, `type`, `flag_override_setting`, `setting`, `flag_override_default`, `default`, `flag_add`, `flag_add_readonly`, `flag_edit`, `flag_edit_readonly`, `flag_search`, `flag_search_readonly`, `flag_datagrid`, `flag_datagrid_readonly`, `flag_index`, `flag_detail`, `created`, `created_by`, `modified`, `modified_by`) VALUES ('CAN-999-999-000-999-1022_CAN-999-999-000-999-1104', 'CAN-999-999-000-999-1022', 'CAN-999-999-000-999-1104', '0', '7', '', '0', '', '0', '', '0', '', '0', '', '0', '', '0', '', '1', '0', '1', '0', '0', '0', '1', '0', '1', '1', '0000-00-00 00:00:00', '', '0000-00-00 00:00:00', '');
INSERT INTO `form_formats` (`id`, `form_id`, `field_id`, `display_column`, `display_order`, `language_heading`, `flag_override_label`, `language_label`, `flag_override_tag`, `language_tag`, `flag_override_help`, `language_help`, `flag_override_type`, `type`, `flag_override_setting`, `setting`, `flag_override_default`, `default`, `flag_add`, `flag_add_readonly`, `flag_edit`, `flag_edit_readonly`, `flag_search`, `flag_search_readonly`, `flag_datagrid`, `flag_datagrid_readonly`, `flag_index`, `flag_detail`, `created`, `created_by`, `modified`, `modified_by`) VALUES ('CAN-999-999-000-999-1022_CAN-999-999-000-999-1259', 'CAN-999-999-000-999-1022', 'CAN-999-999-000-999-1259', '0', '7', '', '0', '', '0', '', '0', '', '0', '', '0', '', '0', '', '1', '0', '1', '0', '0', '0', '1', '0', '1', '1', '0000-00-00 00:00:00', '', '0000-00-00 00:00:00', '');
INSERT INTO `form_formats` (`id`, `form_id`, `field_id`, `display_column`, `display_order`, `language_heading`, `flag_override_label`, `language_label`, `flag_override_tag`, `language_tag`, `flag_override_help`, `language_help`, `flag_override_type`, `type`, `flag_override_setting`, `setting`, `flag_override_default`, `default`, `flag_add`, `flag_add_readonly`, `flag_edit`, `flag_edit_readonly`, `flag_search`, `flag_search_readonly`, `flag_datagrid`, `flag_datagrid_readonly`, `flag_index`, `flag_detail`, `created`, `created_by`, `modified`, `modified_by`) VALUES ('CAN-999-999-000-999-1022_CAN-999-999-000-999-1105', 'CAN-999-999-000-999-1022', 'CAN-999-999-000-999-1105', '0', '8', '', '0', '', '0', '', '0', '', '0', '', '0', '', '0', '', '0', '1', '0', '1', '0', '1', '0', '1', '1', '1', '0000-00-00 00:00:00', '', '0000-00-00 00:00:00', '');
INSERT INTO `form_formats` (`id`, `form_id`, `field_id`, `display_column`, `display_order`, `language_heading`, `flag_override_label`, `language_label`, `flag_override_tag`, `language_tag`, `flag_override_help`, `language_help`, `flag_override_type`, `type`, `flag_override_setting`, `setting`, `flag_override_default`, `default`, `flag_add`, `flag_add_readonly`, `flag_edit`, `flag_edit_readonly`, `flag_search`, `flag_search_readonly`, `flag_datagrid`, `flag_datagrid_readonly`, `flag_index`, `flag_detail`, `created`, `created_by`, `modified`, `modified_by`) VALUES ('CAN-999-999-000-999-1022_CAN-999-999-000-999-1216', 'CAN-999-999-000-999-1022', 'CAN-999-999-000-999-1216', '0', '9', '', '0', '', '0', '', '0', '', '0', '', '0', '', '0', '', '1', '0', '1', '0', '0', '0', '1', '0', '0', '0', '0000-00-00 00:00:00', '', '0000-00-00 00:00:00', '');
INSERT INTO `form_formats` (`id`, `form_id`, `field_id`, `display_column`, `display_order`, `language_heading`, `flag_override_label`, `language_label`, `flag_override_tag`, `language_tag`, `flag_override_help`, `language_help`, `flag_override_type`, `type`, `flag_override_setting`, `setting`, `flag_override_default`, `default`, `flag_add`, `flag_add_readonly`, `flag_edit`, `flag_edit_readonly`, `flag_search`, `flag_search_readonly`, `flag_datagrid`, `flag_datagrid_readonly`, `flag_index`, `flag_detail`, `created`, `created_by`, `modified`, `modified_by`) VALUES ('CAN-999-999-000-999-1022_CAN-999-999-000-999-1106', 'CAN-999-999-000-999-1022', 'CAN-999-999-000-999-1106', '0', '10', '', '0', '', '0', '', '0', '', '0', '', '0', '', '0', '', '1', '0', '1', '0', '0', '0', '1', '0', '0', '0', '0000-00-00 00:00:00', '', '0000-00-00 00:00:00', '');
INSERT INTO `form_formats` (`id`, `form_id`, `field_id`, `display_column`, `display_order`, `language_heading`, `flag_override_label`, `language_label`, `flag_override_tag`, `language_tag`, `flag_override_help`, `language_help`, `flag_override_type`, `type`, `flag_override_setting`, `setting`, `flag_override_default`, `default`, `flag_add`, `flag_add_readonly`, `flag_edit`, `flag_edit_readonly`, `flag_search`, `flag_search_readonly`, `flag_datagrid`, `flag_datagrid_readonly`, `flag_index`, `flag_detail`, `created`, `created_by`, `modified`, `modified_by`) VALUES ('CAN-999-999-000-999-1022_CAN-999-999-000-999-1217', 'CAN-999-999-000-999-1022', 'CAN-999-999-000-999-1217', '0', '10', '', '0', '', '0', '', '0', '', '0', '', '0', '', '0', '', '0', '0', '0', '0', '0', '0', '0', '0', '1', '1', '0000-00-00 00:00:00', '', '0000-00-00 00:00:00', '');
INSERT INTO `form_formats` (`id`, `form_id`, `field_id`, `display_column`, `display_order`, `language_heading`, `flag_override_label`, `language_label`, `flag_override_tag`, `language_tag`, `flag_override_help`, `language_help`, `flag_override_type`, `type`, `flag_override_setting`, `setting`, `flag_override_default`, `default`, `flag_add`, `flag_add_readonly`, `flag_edit`, `flag_edit_readonly`, `flag_search`, `flag_search_readonly`, `flag_datagrid`, `flag_datagrid_readonly`, `flag_index`, `flag_detail`, `created`, `created_by`, `modified`, `modified_by`) VALUES ('CAN-999-999-000-999-1022_CAN-999-999-000-999-1117', 'CAN-999-999-000-999-1022', 'CAN-999-999-000-999-1117', '0', '11', '', '0', '', '0', '', '0', '', '0', '', '0', '', '0', '', '0', '0', '0', '0', '0', '0', '0', '0', '1', '1', '0000-00-00 00:00:00', '', '0000-00-00 00:00:00', '');
INSERT INTO `form_formats` (`id`, `form_id`, `field_id`, `display_column`, `display_order`, `language_heading`, `flag_override_label`, `language_label`, `flag_override_tag`, `language_tag`, `flag_override_help`, `language_help`, `flag_override_type`, `type`, `flag_override_setting`, `setting`, `flag_override_default`, `default`, `flag_add`, `flag_add_readonly`, `flag_edit`, `flag_edit_readonly`, `flag_search`, `flag_search_readonly`, `flag_datagrid`, `flag_datagrid_readonly`, `flag_index`, `flag_detail`, `created`, `created_by`, `modified`, `modified_by`) VALUES ('CAN-999-999-000-999-1022_CAN-999-999-000-999-1107', 'CAN-999-999-000-999-1022', 'CAN-999-999-000-999-1107', '0', '12', '', '0', '', '0', '', '0', '', '0', '', '0', '', '0', '', '1', '0', '1', '0', '0', '0', '1', '0', '1', '1', '0000-00-00 00:00:00', '', '0000-00-00 00:00:00', '');
INSERT INTO `form_formats` (`id`, `form_id`, `field_id`, `display_column`, `display_order`, `language_heading`, `flag_override_label`, `language_label`, `flag_override_tag`, `language_tag`, `flag_override_help`, `language_help`, `flag_override_type`, `type`, `flag_override_setting`, `setting`, `flag_override_default`, `default`, `flag_add`, `flag_add_readonly`, `flag_edit`, `flag_edit_readonly`, `flag_search`, `flag_search_readonly`, `flag_datagrid`, `flag_datagrid_readonly`, `flag_index`, `flag_detail`, `created`, `created_by`, `modified`, `modified_by`) VALUES ('CAN-999-999-000-999-1022_CAN-999-999-000-999-1108', 'CAN-999-999-000-999-1022', 'CAN-999-999-000-999-1108', '0', '14', '', '0', '', '0', '', '0', '', '0', '', '0', '', '0', '', '1', '0', '1', '0', '0', '0', '1', '0', '1', '1', '0000-00-00 00:00:00', '', '0000-00-00 00:00:00', '');
INSERT INTO `form_formats` (`id`, `form_id`, `field_id`, `display_column`, `display_order`, `language_heading`, `flag_override_label`, `language_label`, `flag_override_tag`, `language_tag`, `flag_override_help`, `language_help`, `flag_override_type`, `type`, `flag_override_setting`, `setting`, `flag_override_default`, `default`, `flag_add`, `flag_add_readonly`, `flag_edit`, `flag_edit_readonly`, `flag_search`, `flag_search_readonly`, `flag_datagrid`, `flag_datagrid_readonly`, `flag_index`, `flag_detail`, `created`, `created_by`, `modified`, `modified_by`) VALUES ('CAN-999-999-000-999-1022_CAN-999-999-000-999-1110', 'CAN-999-999-000-999-1022', 'CAN-999-999-000-999-1110', '0', '16', '', '0', '', '0', '', '0', '', '0', '', '0', '', '0', '', '0', '0', '0', '0', '0', '0', '0', '0', '1', '1', '0000-00-00 00:00:00', '', '0000-00-00 00:00:00', '');
INSERT INTO `form_formats` (`id`, `form_id`, `field_id`, `display_column`, `display_order`, `language_heading`, `flag_override_label`, `language_label`, `flag_override_tag`, `language_tag`, `flag_override_help`, `language_help`, `flag_override_type`, `type`, `flag_override_setting`, `setting`, `flag_override_default`, `default`, `flag_add`, `flag_add_readonly`, `flag_edit`, `flag_edit_readonly`, `flag_search`, `flag_search_readonly`, `flag_datagrid`, `flag_datagrid_readonly`, `flag_index`, `flag_detail`, `created`, `created_by`, `modified`, `modified_by`) VALUES ('CAN-999-999-000-999-1022_CAN-999-999-000-999-1194', 'CAN-999-999-000-999-1022', 'CAN-999-999-000-999-1194', '0', '17', '', '0', '', '0', '', '0', '', '0', '', '0', '', '0', '', '0', '0', '0', '0', '0', '0', '0', '0', '1', '1', '0000-00-00 00:00:00', '', '0000-00-00 00:00:00', '');
INSERT INTO `form_formats` (`id`, `form_id`, `field_id`, `display_column`, `display_order`, `language_heading`, `flag_override_label`, `language_label`, `flag_override_tag`, `language_tag`, `flag_override_help`, `language_help`, `flag_override_type`, `type`, `flag_override_setting`, `setting`, `flag_override_default`, `default`, `flag_add`, `flag_add_readonly`, `flag_edit`, `flag_edit_readonly`, `flag_search`, `flag_search_readonly`, `flag_datagrid`, `flag_datagrid_readonly`, `flag_index`, `flag_detail`, `created`, `created_by`, `modified`, `modified_by`) VALUES ('CAN-999-999-000-999-1022_CAN-999-999-000-999-1109', 'CAN-999-999-000-999-1022', 'CAN-999-999-000-999-1109', '0', '15', '', '0', '', '0', '', '0', '', '0', '', '0', '', '0', '', '1', '0', '1', '0', '0', '0', '1', '0', '1', '1', '0000-00-00 00:00:00', '', '0000-00-00 00:00:00', '');
INSERT INTO `form_formats` (`id`, `form_id`, `field_id`, `display_column`, `display_order`, `language_heading`, `flag_override_label`, `language_label`, `flag_override_tag`, `language_tag`, `flag_override_help`, `language_help`, `flag_override_type`, `type`, `flag_override_setting`, `setting`, `flag_override_default`, `default`, `flag_add`, `flag_add_readonly`, `flag_edit`, `flag_edit_readonly`, `flag_search`, `flag_search_readonly`, `flag_datagrid`, `flag_datagrid_readonly`, `flag_index`, `flag_detail`, `created`, `created_by`, `modified`, `modified_by`) VALUES ('CAN-999-999-000-999-1022_CAN-999-999-000-999-1165', 'CAN-999-999-000-999-1022', 'CAN-999-999-000-999-1165', '0', '19', '', '0', '', '0', '', '0', '', '0', '', '0', '', '0', '', '1', '0', '1', '0', '0', '0', '0', '0', '0', '1', '0000-00-00 00:00:00', '', '0000-00-00 00:00:00', '');
INSERT INTO `form_formats` (`id`, `form_id`, `field_id`, `display_column`, `display_order`, `language_heading`, `flag_override_label`, `language_label`, `flag_override_tag`, `language_tag`, `flag_override_help`, `language_help`, `flag_override_type`, `type`, `flag_override_setting`, `setting`, `flag_override_default`, `default`, `flag_add`, `flag_add_readonly`, `flag_edit`, `flag_edit_readonly`, `flag_search`, `flag_search_readonly`, `flag_datagrid`, `flag_datagrid_readonly`, `flag_index`, `flag_detail`, `created`, `created_by`, `modified`, `modified_by`) VALUES ('CAN-999-999-000-999-1022_CAN-999-999-000-999-1112', 'CAN-999-999-000-999-1022', 'CAN-999-999-000-999-1112', '0', '20', '', '0', '', '0', '', '0', '', '0', '', '0', '', '0', '', '1', '0', '1', '0', '0', '0', '0', '0', '1', '1', '0000-00-00 00:00:00', '', '0000-00-00 00:00:00', '');
INSERT INTO `form_formats` (`id`, `form_id`, `field_id`, `display_column`, `display_order`, `language_heading`, `flag_override_label`, `language_label`, `flag_override_tag`, `language_tag`, `flag_override_help`, `language_help`, `flag_override_type`, `type`, `flag_override_setting`, `setting`, `flag_override_default`, `default`, `flag_add`, `flag_add_readonly`, `flag_edit`, `flag_edit_readonly`, `flag_search`, `flag_search_readonly`, `flag_datagrid`, `flag_datagrid_readonly`, `flag_index`, `flag_detail`, `created`, `created_by`, `modified`, `modified_by`) VALUES ('CAN-999-999-000-999-1022_CAN-999-999-000-999-1128', 'CAN-999-999-000-999-1022', 'CAN-999-999-000-999-1128', '1', '50', '', '0', '', '0', '', '0', '', '0', '', '0', '', '0', '', '0', '1', '0', '1', '0', '1', '0', '1', '0', '1', '0000-00-00 00:00:00', '', '0000-00-00 00:00:00', '');
INSERT INTO `form_formats` (`id`, `form_id`, `field_id`, `display_column`, `display_order`, `language_heading`, `flag_override_label`, `language_label`, `flag_override_tag`, `language_tag`, `flag_override_help`, `language_help`, `flag_override_type`, `type`, `flag_override_setting`, `setting`, `flag_override_default`, `default`, `flag_add`, `flag_add_readonly`, `flag_edit`, `flag_edit_readonly`, `flag_search`, `flag_search_readonly`, `flag_datagrid`, `flag_datagrid_readonly`, `flag_index`, `flag_detail`, `created`, `created_by`, `modified`, `modified_by`) VALUES ('CAN-999-999-000-999-1022_CAN-999-999-000-999-1127', 'CAN-999-999-000-999-1022', 'CAN-999-999-000-999-1127', '1', '51', '', '0', '', '0', '', '0', '', '0', '', '0', '', '0', '', '0', '1', '0', '1', '0', '1', '0', '1', '0', '1', '0000-00-00 00:00:00', '', '0000-00-00 00:00:00', '');
INSERT INTO `form_formats` (`id`, `form_id`, `field_id`, `display_column`, `display_order`, `language_heading`, `flag_override_label`, `language_label`, `flag_override_tag`, `language_tag`, `flag_override_help`, `language_help`, `flag_override_type`, `type`, `flag_override_setting`, `setting`, `flag_override_default`, `default`, `flag_add`, `flag_add_readonly`, `flag_edit`, `flag_edit_readonly`, `flag_search`, `flag_search_readonly`, `flag_datagrid`, `flag_datagrid_readonly`, `flag_index`, `flag_detail`, `created`, `created_by`, `modified`, `modified_by`) VALUES ('CAN-999-999-000-999-1022_CAN-999-999-000-999-1121', 'CAN-999-999-000-999-1022', 'CAN-999-999-000-999-1121', '1', '52', '', '0', '', '0', '', '0', '', '0', '', '0', '', '0', '', '0', '1', '0', '1', '0', '1', '0', '1', '0', '1', '0000-00-00 00:00:00', '', '0000-00-00 00:00:00', '');
INSERT INTO `form_formats` (`id`, `form_id`, `field_id`, `display_column`, `display_order`, `language_heading`, `flag_override_label`, `language_label`, `flag_override_tag`, `language_tag`, `flag_override_help`, `language_help`, `flag_override_type`, `type`, `flag_override_setting`, `setting`, `flag_override_default`, `default`, `flag_add`, `flag_add_readonly`, `flag_edit`, `flag_edit_readonly`, `flag_search`, `flag_search_readonly`, `flag_datagrid`, `flag_datagrid_readonly`, `flag_index`, `flag_detail`, `created`, `created_by`, `modified`, `modified_by`) VALUES ('CAN-999-999-000-999-1022_CAN-999-999-000-999-1122', 'CAN-999-999-000-999-1022', 'CAN-999-999-000-999-1122', '1', '53', '', '0', '', '0', '', '0', '', '0', '', '0', '', '0', '', '0', '1', '0', '1', '0', '1', '0', '1', '0', '1', '0000-00-00 00:00:00', '', '0000-00-00 00:00:00', '');
INSERT INTO `form_formats` (`id`, `form_id`, `field_id`, `display_column`, `display_order`, `language_heading`, `flag_override_label`, `language_label`, `flag_override_tag`, `language_tag`, `flag_override_help`, `language_help`, `flag_override_type`, `type`, `flag_override_setting`, `setting`, `flag_override_default`, `default`, `flag_add`, `flag_add_readonly`, `flag_edit`, `flag_edit_readonly`, `flag_search`, `flag_search_readonly`, `flag_datagrid`, `flag_datagrid_readonly`, `flag_index`, `flag_detail`, `created`, `created_by`, `modified`, `modified_by`) VALUES ('CAN-999-999-000-999-1022_CAN-999-999-000-999-1123', 'CAN-999-999-000-999-1022', 'CAN-999-999-000-999-1123', '1', '54', '', '0', '', '0', '', '0', '', '0', '', '0', '', '0', '', '0', '1', '0', '1', '0', '1', '0', '1', '0', '1', '0000-00-00 00:00:00', '', '0000-00-00 00:00:00', '');
INSERT INTO `form_formats` (`id`, `form_id`, `field_id`, `display_column`, `display_order`, `language_heading`, `flag_override_label`, `language_label`, `flag_override_tag`, `language_tag`, `flag_override_help`, `language_help`, `flag_override_type`, `type`, `flag_override_setting`, `setting`, `flag_override_default`, `default`, `flag_add`, `flag_add_readonly`, `flag_edit`, `flag_edit_readonly`, `flag_search`, `flag_search_readonly`, `flag_datagrid`, `flag_datagrid_readonly`, `flag_index`, `flag_detail`, `created`, `created_by`, `modified`, `modified_by`) VALUES ('CAN-999-999-000-999-1022_CAN-999-999-000-999-1124', 'CAN-999-999-000-999-1022', 'CAN-999-999-000-999-1124', '1', '55', '', '0', '', '0', '', '0', '', '0', '', '0', '', '0', '', '0', '1', '0', '1', '0', '1', '0', '1', '0', '1', '0000-00-00 00:00:00', '', '0000-00-00 00:00:00', '');
INSERT INTO `form_formats` (`id`, `form_id`, `field_id`, `display_column`, `display_order`, `language_heading`, `flag_override_label`, `language_label`, `flag_override_tag`, `language_tag`, `flag_override_help`, `language_help`, `flag_override_type`, `type`, `flag_override_setting`, `setting`, `flag_override_default`, `default`, `flag_add`, `flag_add_readonly`, `flag_edit`, `flag_edit_readonly`, `flag_search`, `flag_search_readonly`, `flag_datagrid`, `flag_datagrid_readonly`, `flag_index`, `flag_detail`, `created`, `created_by`, `modified`, `modified_by`) VALUES ('CAN-999-999-000-999-1022_CAN-999-999-000-999-1125', 'CAN-999-999-000-999-1022', 'CAN-999-999-000-999-1125', '1', '56', '', '0', '', '0', '', '0', '', '0', '', '0', '', '0', '', '0', '1', '0', '1', '0', '1', '0', '1', '0', '1', '0000-00-00 00:00:00', '', '0000-00-00 00:00:00', '');
INSERT INTO `form_formats` (`id`, `form_id`, `field_id`, `display_column`, `display_order`, `language_heading`, `flag_override_label`, `language_label`, `flag_override_tag`, `language_tag`, `flag_override_help`, `language_help`, `flag_override_type`, `type`, `flag_override_setting`, `setting`, `flag_override_default`, `default`, `flag_add`, `flag_add_readonly`, `flag_edit`, `flag_edit_readonly`, `flag_search`, `flag_search_readonly`, `flag_datagrid`, `flag_datagrid_readonly`, `flag_index`, `flag_detail`, `created`, `created_by`, `modified`, `modified_by`) VALUES ('CAN-999-999-000-999-1022_CAN-999-999-000-999-1126', 'CAN-999-999-000-999-1022', 'CAN-999-999-000-999-1126', '1', '57', '', '0', '', '0', '', '0', '', '0', '', '0', '', '0', '', '0', '1', '0', '1', '0', '1', '0', '1', '0', '1', '0000-00-00 00:00:00', '', '0000-00-00 00:00:00', '');
INSERT INTO `form_formats` (`id`, `form_id`, `field_id`, `display_column`, `display_order`, `language_heading`, `flag_override_label`, `language_label`, `flag_override_tag`, `language_tag`, `flag_override_help`, `language_help`, `flag_override_type`, `type`, `flag_override_setting`, `setting`, `flag_override_default`, `default`, `flag_add`, `flag_add_readonly`, `flag_edit`, `flag_edit_readonly`, `flag_search`, `flag_search_readonly`, `flag_datagrid`, `flag_datagrid_readonly`, `flag_index`, `flag_detail`, `created`, `created_by`, `modified`, `modified_by`) VALUES ('CAN-999-999-000-999-1022_CAN-999-999-000-999-1120', 'CAN-999-999-000-999-1022', 'CAN-999-999-000-999-1120', '1', '30', '', '0', '', '0', '', '0', '', '0', '', '0', '', '0', '', '1', '0', '1', '0', '0', '0', '1', '0', '1', '1', '0000-00-00 00:00:00', '', '0000-00-00 00:00:00', '');

-- ------------------------------------------------------------------------
-- alias = ad_spec_tubes_incl_ml_vol
-- ------------------------------------------------------------------------

DELETE FROM `forms` WHERE `alias` = 'ad_spec_tubes_incl_ml_vol';
INSERT INTO `forms` (`id`, `alias`, `language_title`, `language_help`, `flag_add_columns`, `flag_edit_columns`, `flag_search_columns`, `flag_detail_columns`, `created`, `created_by`, `modified`, `modified_by`) VALUES ('CAN-999-999-000-999-1024', 'ad_spec_tubes_incl_ml_vol', ' ', '', '0', '0', '0', '1', '0000-00-00 00:00:00', '', '0000-00-00 00:00:00', '');

DELETE FROM `form_fields` WHERE `id` = 'CAN-999-999-000-999-1130';
INSERT INTO `form_fields` (`id`, `model`, `field`, `language_label`, `language_tag`, `type`, `setting`, `default`, `language_help`, `created`, `created_by`, `modified`, `modified_by`) VALUES ('CAN-999-999-000-999-1130', 'AliquotMaster', 'current_volume', 'current volume', '', 'input', 'size=10', '', '', '0000-00-00 00:00:00', '', '0000-00-00 00:00:00', '');
DELETE FROM `form_fields` WHERE `id` = 'CAN-999-999-000-999-1131';
INSERT INTO `form_fields` (`id`, `model`, `field`, `language_label`, `language_tag`, `type`, `setting`, `default`, `language_help`, `created`, `created_by`, `modified`, `modified_by`) VALUES ('CAN-999-999-000-999-1131', 'AliquotMaster', 'aliquot_volume_unit', '', '', 'select', '', '', '', '0000-00-00 00:00:00', '', '0000-00-00 00:00:00', '');
DELETE FROM `form_fields` WHERE `id` = 'CAN-999-999-000-999-1132';
INSERT INTO `form_fields` (`id`, `model`, `field`, `language_label`, `language_tag`, `type`, `setting`, `default`, `language_help`, `created`, `created_by`, `modified`, `modified_by`) VALUES ('CAN-999-999-000-999-1132', 'AliquotMaster', 'initial_volume', 'initial volume', '', 'input', 'size=10', '', '', '0000-00-00 00:00:00', '', '0000-00-00 00:00:00', '');
DELETE FROM `form_fields` WHERE `id` = 'CAN-999-999-000-999-1133';
INSERT INTO `form_fields` (`id`, `model`, `field`, `language_label`, `language_tag`, `type`, `setting`, `default`, `language_help`, `created`, `created_by`, `modified`, `modified_by`) VALUES ('CAN-999-999-000-999-1133', 'AliquotMaster', 'aliquot_volume_unit', '', '', 'select', '', '', '', '0000-00-00 00:00:00', '', '0000-00-00 00:00:00', '');

DELETE FROM `form_validations` WHERE `form_field_id` = 'CAN-999-999-000-999-1132';
INSERT INTO `form_validations` (`id`, `form_field_id`, `expression`, `message`, `created`, `created_by`, `modified`, `modifed_by`) VALUES (NULL, 'CAN-999-999-000-999-1132', '/^\\d*([\\.]\\d*)?$/', 'volume should be a positif decimal', '0000-00-00 00:00:00', '', '0000-00-00 00:00:00', '');

DELETE FROM `form_fields_global_lookups` WHERE `field_id` IN ('CAN-999-999-000-999-1133',
'CAN-999-999-000-999-1131');
INSERT INTO `form_fields_global_lookups` ( `field_id` , `lookup_id`)
VALUES 
('CAN-999-999-000-999-1131', (SELECT `id` FROM `global_lookups` WHERE `alias` LIKE 'aliquot_volume_unit' AND `value` like 'ml')), 
('CAN-999-999-000-999-1131', (SELECT `id` FROM `global_lookups` WHERE `alias` LIKE 'aliquot_volume_unit' AND `value` like '')), 
('CAN-999-999-000-999-1131', (SELECT `id` FROM `global_lookups` WHERE `alias` LIKE 'aliquot_volume_unit' AND `value` like 'ul')),

('CAN-999-999-000-999-1133', (SELECT `id` FROM `global_lookups` WHERE `alias` LIKE 'aliquot_volume_unit' AND `value` like 'ml')), 
('CAN-999-999-000-999-1133', (SELECT `id` FROM `global_lookups` WHERE `alias` LIKE 'aliquot_volume_unit' AND `value` like '')), 
('CAN-999-999-000-999-1133', (SELECT `id` FROM `global_lookups` WHERE `alias` LIKE 'aliquot_volume_unit' AND `value` like 'ul')); 

DELETE FROM `form_formats` WHERE `form_id` = 'CAN-999-999-000-999-1024';
INSERT INTO `form_formats` (`id`, `form_id`, `field_id`, `display_column`, `display_order`, `language_heading`, `flag_override_label`, `language_label`, `flag_override_tag`, `language_tag`, `flag_override_help`, `language_help`, `flag_override_type`, `type`, `flag_override_setting`, `setting`, `flag_override_default`, `default`, `flag_add`, `flag_add_readonly`, `flag_edit`, `flag_edit_readonly`, `flag_search`, `flag_search_readonly`, `flag_datagrid`, `flag_datagrid_readonly`, `flag_index`, `flag_detail`, `created`, `created_by`, `modified`, `modified_by`) VALUES ('CAN-999-999-000-999-1024_CAN-999-999-000-999-1119', 'CAN-999-999-000-999-1024', 'CAN-999-999-000-999-1119', '0', '1', '', '0', '', '0', '', '0', '', '0', '', '0', '', '0', '', '0', '0', '0', '0', '0', '0', '1', '0', '0', '0', '0000-00-00 00:00:00', '', '0000-00-00 00:00:00', '');
INSERT INTO `form_formats` (`id`, `form_id`, `field_id`, `display_column`, `display_order`, `language_heading`, `flag_override_label`, `language_label`, `flag_override_tag`, `language_tag`, `flag_override_help`, `language_help`, `flag_override_type`, `type`, `flag_override_setting`, `setting`, `flag_override_default`, `default`, `flag_add`, `flag_add_readonly`, `flag_edit`, `flag_edit_readonly`, `flag_search`, `flag_search_readonly`, `flag_datagrid`, `flag_datagrid_readonly`, `flag_index`, `flag_detail`, `created`, `created_by`, `modified`, `modified_by`) VALUES ('CAN-999-999-000-999-1024_CAN-999-999-000-999-1115', 'CAN-999-999-000-999-1024', 'CAN-999-999-000-999-1115', '0', '0', '', '0', '', '0', '', '0', '', '0', '', '0', '', '0', '', '0', '0', '0', '0', '0', '0', '1', '0', '0', '0', '0000-00-00 00:00:00', '', '0000-00-00 00:00:00', '');
INSERT INTO `form_formats` (`id`, `form_id`, `field_id`, `display_column`, `display_order`, `language_heading`, `flag_override_label`, `language_label`, `flag_override_tag`, `language_tag`, `flag_override_help`, `language_help`, `flag_override_type`, `type`, `flag_override_setting`, `setting`, `flag_override_default`, `default`, `flag_add`, `flag_add_readonly`, `flag_edit`, `flag_edit_readonly`, `flag_search`, `flag_search_readonly`, `flag_datagrid`, `flag_datagrid_readonly`, `flag_index`, `flag_detail`, `created`, `created_by`, `modified`, `modified_by`) VALUES ('CAN-999-999-000-999-1024_CAN-999-999-000-999-1116', 'CAN-999-999-000-999-1024', 'CAN-999-999-000-999-1116', '0', '0', '', '0', '', '0', '', '0', '', '0', '', '0', '', '0', '', '0', '0', '0', '0', '0', '0', '1', '0', '0', '0', '0000-00-00 00:00:00', '', '0000-00-00 00:00:00', '');
INSERT INTO `form_formats` (`id`, `form_id`, `field_id`, `display_column`, `display_order`, `language_heading`, `flag_override_label`, `language_label`, `flag_override_tag`, `language_tag`, `flag_override_help`, `language_help`, `flag_override_type`, `type`, `flag_override_setting`, `setting`, `flag_override_default`, `default`, `flag_add`, `flag_add_readonly`, `flag_edit`, `flag_edit_readonly`, `flag_search`, `flag_search_readonly`, `flag_datagrid`, `flag_datagrid_readonly`, `flag_index`, `flag_detail`, `created`, `created_by`, `modified`, `modified_by`) VALUES ('CAN-999-999-000-999-1024_CAN-999-999-000-999-1113', 'CAN-999-999-000-999-1024', 'CAN-999-999-000-999-1113', '0', '0', '', '0', '', '0', '', '0', '', '0', '', '0', '', '0', '', '0', '0', '0', '0', '0', '0', '1', '0', '0', '0', '0000-00-00 00:00:00', '', '0000-00-00 00:00:00', '');
INSERT INTO `form_formats` (`id`, `form_id`, `field_id`, `display_column`, `display_order`, `language_heading`, `flag_override_label`, `language_label`, `flag_override_tag`, `language_tag`, `flag_override_help`, `language_help`, `flag_override_type`, `type`, `flag_override_setting`, `setting`, `flag_override_default`, `default`, `flag_add`, `flag_add_readonly`, `flag_edit`, `flag_edit_readonly`, `flag_search`, `flag_search_readonly`, `flag_datagrid`, `flag_datagrid_readonly`, `flag_index`, `flag_detail`, `created`, `created_by`, `modified`, `modified_by`) VALUES ('CAN-999-999-000-999-1024_CAN-999-999-000-999-1114', 'CAN-999-999-000-999-1024', 'CAN-999-999-000-999-1114', '0', '0', '', '0', '', '0', '', '0', '', '0', '', '0', '', '0', '', '0', '0', '0', '0', '0', '0', '1', '0', '0', '0', '0000-00-00 00:00:00', '', '0000-00-00 00:00:00', '');
INSERT INTO `form_formats` (`id`, `form_id`, `field_id`, `display_column`, `display_order`, `language_heading`, `flag_override_label`, `language_label`, `flag_override_tag`, `language_tag`, `flag_override_help`, `language_help`, `flag_override_type`, `type`, `flag_override_setting`, `setting`, `flag_override_default`, `default`, `flag_add`, `flag_add_readonly`, `flag_edit`, `flag_edit_readonly`, `flag_search`, `flag_search_readonly`, `flag_datagrid`, `flag_datagrid_readonly`, `flag_index`, `flag_detail`, `created`, `created_by`, `modified`, `modified_by`) VALUES ('CAN-999-999-000-999-1024_CAN-999-999-000-999-1100', 'CAN-999-999-000-999-1024', 'CAN-999-999-000-999-1100', '0', '2', '', '0', '', '0', '', '0', '', '0', '', '0', '', '0', '', '1', '0', '0', '0', '0', '0', '1', '0', '0', '0', '0000-00-00 00:00:00', '', '0000-00-00 00:00:00', '');
INSERT INTO `form_formats` (`id`, `form_id`, `field_id`, `display_column`, `display_order`, `language_heading`, `flag_override_label`, `language_label`, `flag_override_tag`, `language_tag`, `flag_override_help`, `language_help`, `flag_override_type`, `type`, `flag_override_setting`, `setting`, `flag_override_default`, `default`, `flag_add`, `flag_add_readonly`, `flag_edit`, `flag_edit_readonly`, `flag_search`, `flag_search_readonly`, `flag_datagrid`, `flag_datagrid_readonly`, `flag_index`, `flag_detail`, `created`, `created_by`, `modified`, `modified_by`) VALUES ('CAN-999-999-000-999-1024_CAN-999-999-000-999-1101', 'CAN-999-999-000-999-1024', 'CAN-999-999-000-999-1101', '0', '2', '', '0', '', '0', '', '0', '', '0', '', '0', '', '0', '', '0', '1', '1', '1', '1', '1', '0', '1', '1', '1', '0000-00-00 00:00:00', '', '0000-00-00 00:00:00', '');
INSERT INTO `form_formats` (`id`, `form_id`, `field_id`, `display_column`, `display_order`, `language_heading`, `flag_override_label`, `language_label`, `flag_override_tag`, `language_tag`, `flag_override_help`, `language_help`, `flag_override_type`, `type`, `flag_override_setting`, `setting`, `flag_override_default`, `default`, `flag_add`, `flag_add_readonly`, `flag_edit`, `flag_edit_readonly`, `flag_search`, `flag_search_readonly`, `flag_datagrid`, `flag_datagrid_readonly`, `flag_index`, `flag_detail`, `created`, `created_by`, `modified`, `modified_by`) VALUES ('CAN-999-999-000-999-1024_CAN-999-999-000-999-1118', 'CAN-999-999-000-999-1024', 'CAN-999-999-000-999-1118', '0', '2', '', '0', '', '0', '', '0', '', '0', '', '0', '', '0', '', '1', '0', '1', '0', '0', '0', '1', '0', '1', '1', '0000-00-00 00:00:00', '', '0000-00-00 00:00:00', '');
INSERT INTO `form_formats` (`id`, `form_id`, `field_id`, `display_column`, `display_order`, `language_heading`, `flag_override_label`, `language_label`, `flag_override_tag`, `language_tag`, `flag_override_help`, `language_help`, `flag_override_type`, `type`, `flag_override_setting`, `setting`, `flag_override_default`, `default`, `flag_add`, `flag_add_readonly`, `flag_edit`, `flag_edit_readonly`, `flag_search`, `flag_search_readonly`, `flag_datagrid`, `flag_datagrid_readonly`, `flag_index`, `flag_detail`, `created`, `created_by`, `modified`, `modified_by`) VALUES ('CAN-999-999-000-999-1024_CAN-999-999-000-999-1102', 'CAN-999-999-000-999-1024', 'CAN-999-999-000-999-1102', '0', '5', '', '0', '', '0', '', '0', '', '0', '', '0', '', '0', '', '1', '1', '1', '1', '0', '1', '1', '1', '1', '1', '0000-00-00 00:00:00', '', '0000-00-00 00:00:00', '');
INSERT INTO `form_formats` (`id`, `form_id`, `field_id`, `display_column`, `display_order`, `language_heading`, `flag_override_label`, `language_label`, `flag_override_tag`, `language_tag`, `flag_override_help`, `language_help`, `flag_override_type`, `type`, `flag_override_setting`, `setting`, `flag_override_default`, `default`, `flag_add`, `flag_add_readonly`, `flag_edit`, `flag_edit_readonly`, `flag_search`, `flag_search_readonly`, `flag_datagrid`, `flag_datagrid_readonly`, `flag_index`, `flag_detail`, `created`, `created_by`, `modified`, `modified_by`) VALUES ('CAN-999-999-000-999-1024_CAN-999-999-000-999-1103', 'CAN-999-999-000-999-1024', 'CAN-999-999-000-999-1103', '0', '6', '', '0', '', '0', '', '0', '', '0', '', '0', '', '0', '', '1', '0', '1', '0', '0', '0', '1', '0', '1', '1', '0000-00-00 00:00:00', '', '0000-00-00 00:00:00', '');
INSERT INTO `form_formats` (`id`, `form_id`, `field_id`, `display_column`, `display_order`, `language_heading`, `flag_override_label`, `language_label`, `flag_override_tag`, `language_tag`, `flag_override_help`, `language_help`, `flag_override_type`, `type`, `flag_override_setting`, `setting`, `flag_override_default`, `default`, `flag_add`, `flag_add_readonly`, `flag_edit`, `flag_edit_readonly`, `flag_search`, `flag_search_readonly`, `flag_datagrid`, `flag_datagrid_readonly`, `flag_index`, `flag_detail`, `created`, `created_by`, `modified`, `modified_by`) VALUES ('CAN-999-999-000-999-1024_CAN-999-999-000-999-1104', 'CAN-999-999-000-999-1024', 'CAN-999-999-000-999-1104', '0', '7', '', '0', '', '0', '', '0', '', '0', '', '0', '', '0', '', '1', '0', '1', '0', '0', '0', '1', '0', '1', '1', '0000-00-00 00:00:00', '', '0000-00-00 00:00:00', '');
INSERT INTO `form_formats` (`id`, `form_id`, `field_id`, `display_column`, `display_order`, `language_heading`, `flag_override_label`, `language_label`, `flag_override_tag`, `language_tag`, `flag_override_help`, `language_help`, `flag_override_type`, `type`, `flag_override_setting`, `setting`, `flag_override_default`, `default`, `flag_add`, `flag_add_readonly`, `flag_edit`, `flag_edit_readonly`, `flag_search`, `flag_search_readonly`, `flag_datagrid`, `flag_datagrid_readonly`, `flag_index`, `flag_detail`, `created`, `created_by`, `modified`, `modified_by`) VALUES ('CAN-999-999-000-999-1024_CAN-999-999-000-999-1259', 'CAN-999-999-000-999-1024', 'CAN-999-999-000-999-1259', '0', '7', '', '0', '', '0', '', '0', '', '0', '', '0', '', '0', '', '1', '0', '1', '0', '0', '0', '1', '0', '1', '1', '0000-00-00 00:00:00', '', '0000-00-00 00:00:00', '');
INSERT INTO `form_formats` (`id`, `form_id`, `field_id`, `display_column`, `display_order`, `language_heading`, `flag_override_label`, `language_label`, `flag_override_tag`, `language_tag`, `flag_override_help`, `language_help`, `flag_override_type`, `type`, `flag_override_setting`, `setting`, `flag_override_default`, `default`, `flag_add`, `flag_add_readonly`, `flag_edit`, `flag_edit_readonly`, `flag_search`, `flag_search_readonly`, `flag_datagrid`, `flag_datagrid_readonly`, `flag_index`, `flag_detail`, `created`, `created_by`, `modified`, `modified_by`) VALUES ('CAN-999-999-000-999-1024_CAN-999-999-000-999-1105', 'CAN-999-999-000-999-1024', 'CAN-999-999-000-999-1105', '0', '8', '', '0', '', '0', '', '0', '', '0', '', '0', '', '0', '', '0', '1', '0', '1', '0', '1', '0', '1', '1', '1', '0000-00-00 00:00:00', '', '0000-00-00 00:00:00', '');
INSERT INTO `form_formats` (`id`, `form_id`, `field_id`, `display_column`, `display_order`, `language_heading`, `flag_override_label`, `language_label`, `flag_override_tag`, `language_tag`, `flag_override_help`, `language_help`, `flag_override_type`, `type`, `flag_override_setting`, `setting`, `flag_override_default`, `default`, `flag_add`, `flag_add_readonly`, `flag_edit`, `flag_edit_readonly`, `flag_search`, `flag_search_readonly`, `flag_datagrid`, `flag_datagrid_readonly`, `flag_index`, `flag_detail`, `created`, `created_by`, `modified`, `modified_by`) VALUES ('CAN-999-999-000-999-1024_CAN-999-999-000-999-1216', 'CAN-999-999-000-999-1024', 'CAN-999-999-000-999-1216', '0', '9', '', '0', '', '0', '', '0', '', '0', '', '0', '', '0', '', '1', '0', '1', '0', '0', '0', '1', '0', '0', '0', '0000-00-00 00:00:00', '', '0000-00-00 00:00:00', '');
INSERT INTO `form_formats` (`id`, `form_id`, `field_id`, `display_column`, `display_order`, `language_heading`, `flag_override_label`, `language_label`, `flag_override_tag`, `language_tag`, `flag_override_help`, `language_help`, `flag_override_type`, `type`, `flag_override_setting`, `setting`, `flag_override_default`, `default`, `flag_add`, `flag_add_readonly`, `flag_edit`, `flag_edit_readonly`, `flag_search`, `flag_search_readonly`, `flag_datagrid`, `flag_datagrid_readonly`, `flag_index`, `flag_detail`, `created`, `created_by`, `modified`, `modified_by`) VALUES ('CAN-999-999-000-999-1024_CAN-999-999-000-999-1106', 'CAN-999-999-000-999-1024', 'CAN-999-999-000-999-1106', '0', '10', '', '0', '', '0', '', '0', '', '0', '', '0', '', '0', '', '1', '0', '1', '0', '0', '0', '1', '0', '0', '0', '0000-00-00 00:00:00', '', '0000-00-00 00:00:00', '');
INSERT INTO `form_formats` (`id`, `form_id`, `field_id`, `display_column`, `display_order`, `language_heading`, `flag_override_label`, `language_label`, `flag_override_tag`, `language_tag`, `flag_override_help`, `language_help`, `flag_override_type`, `type`, `flag_override_setting`, `setting`, `flag_override_default`, `default`, `flag_add`, `flag_add_readonly`, `flag_edit`, `flag_edit_readonly`, `flag_search`, `flag_search_readonly`, `flag_datagrid`, `flag_datagrid_readonly`, `flag_index`, `flag_detail`, `created`, `created_by`, `modified`, `modified_by`) VALUES ('CAN-999-999-000-999-1024_CAN-999-999-000-999-1217', 'CAN-999-999-000-999-1024', 'CAN-999-999-000-999-1217', '0', '10', '', '0', '', '0', '', '0', '', '0', '', '0', '', '0', '', '0', '0', '0', '0', '0', '0', '0', '0', '1', '1', '0000-00-00 00:00:00', '', '0000-00-00 00:00:00', '');
INSERT INTO `form_formats` (`id`, `form_id`, `field_id`, `display_column`, `display_order`, `language_heading`, `flag_override_label`, `language_label`, `flag_override_tag`, `language_tag`, `flag_override_help`, `language_help`, `flag_override_type`, `type`, `flag_override_setting`, `setting`, `flag_override_default`, `default`, `flag_add`, `flag_add_readonly`, `flag_edit`, `flag_edit_readonly`, `flag_search`, `flag_search_readonly`, `flag_datagrid`, `flag_datagrid_readonly`, `flag_index`, `flag_detail`, `created`, `created_by`, `modified`, `modified_by`) VALUES ('CAN-999-999-000-999-1024_CAN-999-999-000-999-1117', 'CAN-999-999-000-999-1024', 'CAN-999-999-000-999-1117', '0', '11', '', '0', '', '0', '', '0', '', '0', '', '0', '', '0', '', '0', '0', '0', '0', '0', '0', '0', '0', '1', '1', '0000-00-00 00:00:00', '', '0000-00-00 00:00:00', '');
INSERT INTO `form_formats` (`id`, `form_id`, `field_id`, `display_column`, `display_order`, `language_heading`, `flag_override_label`, `language_label`, `flag_override_tag`, `language_tag`, `flag_override_help`, `language_help`, `flag_override_type`, `type`, `flag_override_setting`, `setting`, `flag_override_default`, `default`, `flag_add`, `flag_add_readonly`, `flag_edit`, `flag_edit_readonly`, `flag_search`, `flag_search_readonly`, `flag_datagrid`, `flag_datagrid_readonly`, `flag_index`, `flag_detail`, `created`, `created_by`, `modified`, `modified_by`) VALUES ('CAN-999-999-000-999-1024_CAN-999-999-000-999-1107', 'CAN-999-999-000-999-1024', 'CAN-999-999-000-999-1107', '0', '12', '', '0', '', '0', '', '0', '', '0', '', '0', '', '0', '', '1', '0', '1', '0', '0', '0', '1', '0', '1', '1', '0000-00-00 00:00:00', '', '0000-00-00 00:00:00', '');
INSERT INTO `form_formats` (`id`, `form_id`, `field_id`, `display_column`, `display_order`, `language_heading`, `flag_override_label`, `language_label`, `flag_override_tag`, `language_tag`, `flag_override_help`, `language_help`, `flag_override_type`, `type`, `flag_override_setting`, `setting`, `flag_override_default`, `default`, `flag_add`, `flag_add_readonly`, `flag_edit`, `flag_edit_readonly`, `flag_search`, `flag_search_readonly`, `flag_datagrid`, `flag_datagrid_readonly`, `flag_index`, `flag_detail`, `created`, `created_by`, `modified`, `modified_by`) VALUES ('CAN-999-999-000-999-1024_CAN-999-999-000-999-1108', 'CAN-999-999-000-999-1024', 'CAN-999-999-000-999-1108', '0', '14', '', '0', '', '0', '', '0', '', '0', '', '0', '', '0', '', '1', '0', '1', '0', '0', '0', '1', '0', '1', '1', '0000-00-00 00:00:00', '', '0000-00-00 00:00:00', '');
INSERT INTO `form_formats` (`id`, `form_id`, `field_id`, `display_column`, `display_order`, `language_heading`, `flag_override_label`, `language_label`, `flag_override_tag`, `language_tag`, `flag_override_help`, `language_help`, `flag_override_type`, `type`, `flag_override_setting`, `setting`, `flag_override_default`, `default`, `flag_add`, `flag_add_readonly`, `flag_edit`, `flag_edit_readonly`, `flag_search`, `flag_search_readonly`, `flag_datagrid`, `flag_datagrid_readonly`, `flag_index`, `flag_detail`, `created`, `created_by`, `modified`, `modified_by`) VALUES ('CAN-999-999-000-999-1024_CAN-999-999-000-999-1110', 'CAN-999-999-000-999-1024', 'CAN-999-999-000-999-1110', '0', '16', '', '0', '', '0', '', '0', '', '0', '', '0', '', '0', '', '0', '0', '0', '0', '0', '0', '0', '0', '1', '1', '0000-00-00 00:00:00', '', '0000-00-00 00:00:00', '');
INSERT INTO `form_formats` (`id`, `form_id`, `field_id`, `display_column`, `display_order`, `language_heading`, `flag_override_label`, `language_label`, `flag_override_tag`, `language_tag`, `flag_override_help`, `language_help`, `flag_override_type`, `type`, `flag_override_setting`, `setting`, `flag_override_default`, `default`, `flag_add`, `flag_add_readonly`, `flag_edit`, `flag_edit_readonly`, `flag_search`, `flag_search_readonly`, `flag_datagrid`, `flag_datagrid_readonly`, `flag_index`, `flag_detail`, `created`, `created_by`, `modified`, `modified_by`) VALUES ('CAN-999-999-000-999-1024_CAN-999-999-000-999-1194', 'CAN-999-999-000-999-1024', 'CAN-999-999-000-999-1194', '0', '17', '', '0', '', '0', '', '0', '', '0', '', '0', '', '0', '', '0', '0', '0', '0', '0', '0', '0', '0', '1', '1', '0000-00-00 00:00:00', '', '0000-00-00 00:00:00', '');
INSERT INTO `form_formats` (`id`, `form_id`, `field_id`, `display_column`, `display_order`, `language_heading`, `flag_override_label`, `language_label`, `flag_override_tag`, `language_tag`, `flag_override_help`, `language_help`, `flag_override_type`, `type`, `flag_override_setting`, `setting`, `flag_override_default`, `default`, `flag_add`, `flag_add_readonly`, `flag_edit`, `flag_edit_readonly`, `flag_search`, `flag_search_readonly`, `flag_datagrid`, `flag_datagrid_readonly`, `flag_index`, `flag_detail`, `created`, `created_by`, `modified`, `modified_by`) VALUES ('CAN-999-999-000-999-1024_CAN-999-999-000-999-1109', 'CAN-999-999-000-999-1024', 'CAN-999-999-000-999-1109', '0', '15', '', '0', '', '0', '', '0', '', '0', '', '0', '', '0', '', '1', '0', '1', '0', '0', '0', '1', '0', '1', '1', '0000-00-00 00:00:00', '', '0000-00-00 00:00:00', '');
INSERT INTO `form_formats` (`id`, `form_id`, `field_id`, `display_column`, `display_order`, `language_heading`, `flag_override_label`, `language_label`, `flag_override_tag`, `language_tag`, `flag_override_help`, `language_help`, `flag_override_type`, `type`, `flag_override_setting`, `setting`, `flag_override_default`, `default`, `flag_add`, `flag_add_readonly`, `flag_edit`, `flag_edit_readonly`, `flag_search`, `flag_search_readonly`, `flag_datagrid`, `flag_datagrid_readonly`, `flag_index`, `flag_detail`, `created`, `created_by`, `modified`, `modified_by`) VALUES ('CAN-999-999-000-999-1024_CAN-999-999-000-999-1165', 'CAN-999-999-000-999-1024', 'CAN-999-999-000-999-1165', '0', '19', '', '0', '', '0', '', '0', '', '0', '', '0', '', '0', '', '1', '0', '1', '0', '0', '0', '0', '0', '0', '1', '0000-00-00 00:00:00', '', '0000-00-00 00:00:00', '');
INSERT INTO `form_formats` (`id`, `form_id`, `field_id`, `display_column`, `display_order`, `language_heading`, `flag_override_label`, `language_label`, `flag_override_tag`, `language_tag`, `flag_override_help`, `language_help`, `flag_override_type`, `type`, `flag_override_setting`, `setting`, `flag_override_default`, `default`, `flag_add`, `flag_add_readonly`, `flag_edit`, `flag_edit_readonly`, `flag_search`, `flag_search_readonly`, `flag_datagrid`, `flag_datagrid_readonly`, `flag_index`, `flag_detail`, `created`, `created_by`, `modified`, `modified_by`) VALUES ('CAN-999-999-000-999-1024_CAN-999-999-000-999-1112', 'CAN-999-999-000-999-1024', 'CAN-999-999-000-999-1112', '0', '20', '', '0', '', '0', '', '0', '', '0', '', '0', '', '0', '', '1', '0', '1', '0', '0', '0', '0', '0', '1', '1', '0000-00-00 00:00:00', '', '0000-00-00 00:00:00', '');
INSERT INTO `form_formats` (`id`, `form_id`, `field_id`, `display_column`, `display_order`, `language_heading`, `flag_override_label`, `language_label`, `flag_override_tag`, `language_tag`, `flag_override_help`, `language_help`, `flag_override_type`, `type`, `flag_override_setting`, `setting`, `flag_override_default`, `default`, `flag_add`, `flag_add_readonly`, `flag_edit`, `flag_edit_readonly`, `flag_search`, `flag_search_readonly`, `flag_datagrid`, `flag_datagrid_readonly`, `flag_index`, `flag_detail`, `created`, `created_by`, `modified`, `modified_by`) VALUES ('CAN-999-999-000-999-1024_CAN-999-999-000-999-1128', 'CAN-999-999-000-999-1024', 'CAN-999-999-000-999-1128', '1', '50', '', '0', '', '0', '', '0', '', '0', '', '0', '', '0', '', '0', '1', '0', '1', '0', '1', '0', '1', '0', '1', '0000-00-00 00:00:00', '', '0000-00-00 00:00:00', '');
INSERT INTO `form_formats` (`id`, `form_id`, `field_id`, `display_column`, `display_order`, `language_heading`, `flag_override_label`, `language_label`, `flag_override_tag`, `language_tag`, `flag_override_help`, `language_help`, `flag_override_type`, `type`, `flag_override_setting`, `setting`, `flag_override_default`, `default`, `flag_add`, `flag_add_readonly`, `flag_edit`, `flag_edit_readonly`, `flag_search`, `flag_search_readonly`, `flag_datagrid`, `flag_datagrid_readonly`, `flag_index`, `flag_detail`, `created`, `created_by`, `modified`, `modified_by`) VALUES ('CAN-999-999-000-999-1024_CAN-999-999-000-999-1127', 'CAN-999-999-000-999-1024', 'CAN-999-999-000-999-1127', '1', '51', '', '0', '', '0', '', '0', '', '0', '', '0', '', '0', '', '0', '1', '0', '1', '0', '1', '0', '1', '0', '1', '0000-00-00 00:00:00', '', '0000-00-00 00:00:00', '');
INSERT INTO `form_formats` (`id`, `form_id`, `field_id`, `display_column`, `display_order`, `language_heading`, `flag_override_label`, `language_label`, `flag_override_tag`, `language_tag`, `flag_override_help`, `language_help`, `flag_override_type`, `type`, `flag_override_setting`, `setting`, `flag_override_default`, `default`, `flag_add`, `flag_add_readonly`, `flag_edit`, `flag_edit_readonly`, `flag_search`, `flag_search_readonly`, `flag_datagrid`, `flag_datagrid_readonly`, `flag_index`, `flag_detail`, `created`, `created_by`, `modified`, `modified_by`) VALUES ('CAN-999-999-000-999-1024_CAN-999-999-000-999-1121', 'CAN-999-999-000-999-1024', 'CAN-999-999-000-999-1121', '1', '52', '', '0', '', '0', '', '0', '', '0', '', '0', '', '0', '', '0', '1', '0', '1', '0', '1', '0', '1', '0', '1', '0000-00-00 00:00:00', '', '0000-00-00 00:00:00', '');
INSERT INTO `form_formats` (`id`, `form_id`, `field_id`, `display_column`, `display_order`, `language_heading`, `flag_override_label`, `language_label`, `flag_override_tag`, `language_tag`, `flag_override_help`, `language_help`, `flag_override_type`, `type`, `flag_override_setting`, `setting`, `flag_override_default`, `default`, `flag_add`, `flag_add_readonly`, `flag_edit`, `flag_edit_readonly`, `flag_search`, `flag_search_readonly`, `flag_datagrid`, `flag_datagrid_readonly`, `flag_index`, `flag_detail`, `created`, `created_by`, `modified`, `modified_by`) VALUES ('CAN-999-999-000-999-1024_CAN-999-999-000-999-1122', 'CAN-999-999-000-999-1024', 'CAN-999-999-000-999-1122', '1', '53', '', '0', '', '0', '', '0', '', '0', '', '0', '', '0', '', '0', '1', '0', '1', '0', '1', '0', '1', '0', '1', '0000-00-00 00:00:00', '', '0000-00-00 00:00:00', '');
INSERT INTO `form_formats` (`id`, `form_id`, `field_id`, `display_column`, `display_order`, `language_heading`, `flag_override_label`, `language_label`, `flag_override_tag`, `language_tag`, `flag_override_help`, `language_help`, `flag_override_type`, `type`, `flag_override_setting`, `setting`, `flag_override_default`, `default`, `flag_add`, `flag_add_readonly`, `flag_edit`, `flag_edit_readonly`, `flag_search`, `flag_search_readonly`, `flag_datagrid`, `flag_datagrid_readonly`, `flag_index`, `flag_detail`, `created`, `created_by`, `modified`, `modified_by`) VALUES ('CAN-999-999-000-999-1024_CAN-999-999-000-999-1123', 'CAN-999-999-000-999-1024', 'CAN-999-999-000-999-1123', '1', '54', '', '0', '', '0', '', '0', '', '0', '', '0', '', '0', '', '0', '1', '0', '1', '0', '1', '0', '1', '0', '1', '0000-00-00 00:00:00', '', '0000-00-00 00:00:00', '');
INSERT INTO `form_formats` (`id`, `form_id`, `field_id`, `display_column`, `display_order`, `language_heading`, `flag_override_label`, `language_label`, `flag_override_tag`, `language_tag`, `flag_override_help`, `language_help`, `flag_override_type`, `type`, `flag_override_setting`, `setting`, `flag_override_default`, `default`, `flag_add`, `flag_add_readonly`, `flag_edit`, `flag_edit_readonly`, `flag_search`, `flag_search_readonly`, `flag_datagrid`, `flag_datagrid_readonly`, `flag_index`, `flag_detail`, `created`, `created_by`, `modified`, `modified_by`) VALUES ('CAN-999-999-000-999-1024_CAN-999-999-000-999-1124', 'CAN-999-999-000-999-1024', 'CAN-999-999-000-999-1124', '1', '55', '', '0', '', '0', '', '0', '', '0', '', '0', '', '0', '', '0', '1', '0', '1', '0', '1', '0', '1', '0', '1', '0000-00-00 00:00:00', '', '0000-00-00 00:00:00', '');
INSERT INTO `form_formats` (`id`, `form_id`, `field_id`, `display_column`, `display_order`, `language_heading`, `flag_override_label`, `language_label`, `flag_override_tag`, `language_tag`, `flag_override_help`, `language_help`, `flag_override_type`, `type`, `flag_override_setting`, `setting`, `flag_override_default`, `default`, `flag_add`, `flag_add_readonly`, `flag_edit`, `flag_edit_readonly`, `flag_search`, `flag_search_readonly`, `flag_datagrid`, `flag_datagrid_readonly`, `flag_index`, `flag_detail`, `created`, `created_by`, `modified`, `modified_by`) VALUES ('CAN-999-999-000-999-1024_CAN-999-999-000-999-1125', 'CAN-999-999-000-999-1024', 'CAN-999-999-000-999-1125', '1', '56', '', '0', '', '0', '', '0', '', '0', '', '0', '', '0', '', '0', '1', '0', '1', '0', '1', '0', '1', '0', '1', '0000-00-00 00:00:00', '', '0000-00-00 00:00:00', '');
INSERT INTO `form_formats` (`id`, `form_id`, `field_id`, `display_column`, `display_order`, `language_heading`, `flag_override_label`, `language_label`, `flag_override_tag`, `language_tag`, `flag_override_help`, `language_help`, `flag_override_type`, `type`, `flag_override_setting`, `setting`, `flag_override_default`, `default`, `flag_add`, `flag_add_readonly`, `flag_edit`, `flag_edit_readonly`, `flag_search`, `flag_search_readonly`, `flag_datagrid`, `flag_datagrid_readonly`, `flag_index`, `flag_detail`, `created`, `created_by`, `modified`, `modified_by`) VALUES ('CAN-999-999-000-999-1024_CAN-999-999-000-999-1126', 'CAN-999-999-000-999-1024', 'CAN-999-999-000-999-1126', '1', '57', '', '0', '', '0', '', '0', '', '0', '', '0', '', '0', '', '0', '1', '0', '1', '0', '1', '0', '1', '0', '1', '0000-00-00 00:00:00', '', '0000-00-00 00:00:00', '');
INSERT INTO `form_formats` (`id`, `form_id`, `field_id`, `display_column`, `display_order`, `language_heading`, `flag_override_label`, `language_label`, `flag_override_tag`, `language_tag`, `flag_override_help`, `language_help`, `flag_override_type`, `type`, `flag_override_setting`, `setting`, `flag_override_default`, `default`, `flag_add`, `flag_add_readonly`, `flag_edit`, `flag_edit_readonly`, `flag_search`, `flag_search_readonly`, `flag_datagrid`, `flag_datagrid_readonly`, `flag_index`, `flag_detail`, `created`, `created_by`, `modified`, `modified_by`) VALUES ('CAN-999-999-000-999-1024_CAN-999-999-000-999-1130', 'CAN-999-999-000-999-1024', 'CAN-999-999-000-999-1130', '1', '40', '', '0', '', '0', '', '0', '', '0', '', '0', '', '0', '', '0', '1', '0', '1', '0', '1', '0', '1', '1', '1', '0000-00-00 00:00:00', '', '0000-00-00 00:00:00', '');
INSERT INTO `form_formats` (`id`, `form_id`, `field_id`, `display_column`, `display_order`, `language_heading`, `flag_override_label`, `language_label`, `flag_override_tag`, `language_tag`, `flag_override_help`, `language_help`, `flag_override_type`, `type`, `flag_override_setting`, `setting`, `flag_override_default`, `default`, `flag_add`, `flag_add_readonly`, `flag_edit`, `flag_edit_readonly`, `flag_search`, `flag_search_readonly`, `flag_datagrid`, `flag_datagrid_readonly`, `flag_index`, `flag_detail`, `created`, `created_by`, `modified`, `modified_by`) VALUES ('CAN-999-999-000-999-1024_CAN-999-999-000-999-1131', 'CAN-999-999-000-999-1024', 'CAN-999-999-000-999-1131', '1', '41', '', '0', '', '0', '', '0', '', '0', '', '0', '', '0', '', '0', '1', '0', '1', '0', '1', '0', '1', '1', '1', '0000-00-00 00:00:00', '', '0000-00-00 00:00:00', '');
INSERT INTO `form_formats` (`id`, `form_id`, `field_id`, `display_column`, `display_order`, `language_heading`, `flag_override_label`, `language_label`, `flag_override_tag`, `language_tag`, `flag_override_help`, `language_help`, `flag_override_type`, `type`, `flag_override_setting`, `setting`, `flag_override_default`, `default`, `flag_add`, `flag_add_readonly`, `flag_edit`, `flag_edit_readonly`, `flag_search`, `flag_search_readonly`, `flag_datagrid`, `flag_datagrid_readonly`, `flag_index`, `flag_detail`, `created`, `created_by`, `modified`, `modified_by`) VALUES ('CAN-999-999-000-999-1024_CAN-999-999-000-999-1132', 'CAN-999-999-000-999-1024', 'CAN-999-999-000-999-1132', '1', '42', '', '0', '', '0', '', '0', '', '0', '', '0', '', '0', '', '1', '0', '1', '0', '0', '0', '1', '0', '1', '1', '0000-00-00 00:00:00', '', '0000-00-00 00:00:00', '');
INSERT INTO `form_formats` (`id`, `form_id`, `field_id`, `display_column`, `display_order`, `language_heading`, `flag_override_label`, `language_label`, `flag_override_tag`, `language_tag`, `flag_override_help`, `language_help`, `flag_override_type`, `type`, `flag_override_setting`, `setting`, `flag_override_default`, `default`, `flag_add`, `flag_add_readonly`, `flag_edit`, `flag_edit_readonly`, `flag_search`, `flag_search_readonly`, `flag_datagrid`, `flag_datagrid_readonly`, `flag_index`, `flag_detail`, `created`, `created_by`, `modified`, `modified_by`) VALUES ('CAN-999-999-000-999-1024_CAN-999-999-000-999-1133', 'CAN-999-999-000-999-1024', 'CAN-999-999-000-999-1133', '1', '43', '', '0', '', '0', '', '0', '', '0', '', '0', '', '0', '', '1', '1', '1', '1', '0', '1', '1', '1', '1', '1', '0000-00-00 00:00:00', '', '0000-00-00 00:00:00', '');
INSERT INTO `form_formats` (`id`, `form_id`, `field_id`, `display_column`, `display_order`, `language_heading`, `flag_override_label`, `language_label`, `flag_override_tag`, `language_tag`, `flag_override_help`, `language_help`, `flag_override_type`, `type`, `flag_override_setting`, `setting`, `flag_override_default`, `default`, `flag_add`, `flag_add_readonly`, `flag_edit`, `flag_edit_readonly`, `flag_search`, `flag_search_readonly`, `flag_datagrid`, `flag_datagrid_readonly`, `flag_index`, `flag_detail`, `created`, `created_by`, `modified`, `modified_by`) VALUES ('CAN-999-999-000-999-1024_CAN-999-999-000-999-1120', 'CAN-999-999-000-999-1024', 'CAN-999-999-000-999-1120', '1', '30', '', '0', '', '0', '', '0', '', '0', '', '0', '', '0', '', '1', '0', '1', '0', '0', '0', '1', '0', '1', '1', '0000-00-00 00:00:00', '', '0000-00-00 00:00:00', '');

-- ------------------------------------------------------------------------
-- alias = ad_undetailled_spec_aliquots
-- ------------------------------------------------------------------------

DELETE FROM `forms` WHERE `alias` = 'ad_undetailled_spec_aliquots';
INSERT INTO `forms` (`id`, `alias`, `language_title`, `language_help`, `flag_add_columns`, `flag_edit_columns`, `flag_search_columns`, `flag_detail_columns`, `created`, `created_by`, `modified`, `modified_by`) VALUES ('CAN-999-999-000-999-1026', 'ad_undetailled_spec_aliquots', '', '', '0', '0', '0', '1', '0000-00-00 00:00:00', '', '0000-00-00 00:00:00', '');

DELETE FROM `form_formats` WHERE `form_id` = 'CAN-999-999-000-999-1026';
INSERT INTO `form_formats` (`id`, `form_id`, `field_id`, `display_column`, `display_order`, `language_heading`, `flag_override_label`, `language_label`, `flag_override_tag`, `language_tag`, `flag_override_help`, `language_help`, `flag_override_type`, `type`, `flag_override_setting`, `setting`, `flag_override_default`, `default`, `flag_add`, `flag_add_readonly`, `flag_edit`, `flag_edit_readonly`, `flag_search`, `flag_search_readonly`, `flag_datagrid`, `flag_datagrid_readonly`, `flag_index`, `flag_detail`, `created`, `created_by`, `modified`, `modified_by`) VALUES ('CAN-999-999-000-999-1026_CAN-999-999-000-999-1119', 'CAN-999-999-000-999-1026', 'CAN-999-999-000-999-1119', '0', '1', '', '0', '', '0', '', '0', '', '0', '', '0', '', '0', '', '0', '0', '0', '0', '0', '0', '1', '0', '0', '0', '0000-00-00 00:00:00', '', '0000-00-00 00:00:00', '');
INSERT INTO `form_formats` (`id`, `form_id`, `field_id`, `display_column`, `display_order`, `language_heading`, `flag_override_label`, `language_label`, `flag_override_tag`, `language_tag`, `flag_override_help`, `language_help`, `flag_override_type`, `type`, `flag_override_setting`, `setting`, `flag_override_default`, `default`, `flag_add`, `flag_add_readonly`, `flag_edit`, `flag_edit_readonly`, `flag_search`, `flag_search_readonly`, `flag_datagrid`, `flag_datagrid_readonly`, `flag_index`, `flag_detail`, `created`, `created_by`, `modified`, `modified_by`) VALUES ('CAN-999-999-000-999-1026_CAN-999-999-000-999-1115', 'CAN-999-999-000-999-1026', 'CAN-999-999-000-999-1115', '0', '0', '', '0', '', '0', '', '0', '', '0', '', '0', '', '0', '', '0', '0', '0', '0', '0', '0', '1', '0', '0', '0', '0000-00-00 00:00:00', '', '0000-00-00 00:00:00', '');
INSERT INTO `form_formats` (`id`, `form_id`, `field_id`, `display_column`, `display_order`, `language_heading`, `flag_override_label`, `language_label`, `flag_override_tag`, `language_tag`, `flag_override_help`, `language_help`, `flag_override_type`, `type`, `flag_override_setting`, `setting`, `flag_override_default`, `default`, `flag_add`, `flag_add_readonly`, `flag_edit`, `flag_edit_readonly`, `flag_search`, `flag_search_readonly`, `flag_datagrid`, `flag_datagrid_readonly`, `flag_index`, `flag_detail`, `created`, `created_by`, `modified`, `modified_by`) VALUES ('CAN-999-999-000-999-1026_CAN-999-999-000-999-1116', 'CAN-999-999-000-999-1026', 'CAN-999-999-000-999-1116', '0', '0', '', '0', '', '0', '', '0', '', '0', '', '0', '', '0', '', '0', '0', '0', '0', '0', '0', '1', '0', '0', '0', '0000-00-00 00:00:00', '', '0000-00-00 00:00:00', '');
INSERT INTO `form_formats` (`id`, `form_id`, `field_id`, `display_column`, `display_order`, `language_heading`, `flag_override_label`, `language_label`, `flag_override_tag`, `language_tag`, `flag_override_help`, `language_help`, `flag_override_type`, `type`, `flag_override_setting`, `setting`, `flag_override_default`, `default`, `flag_add`, `flag_add_readonly`, `flag_edit`, `flag_edit_readonly`, `flag_search`, `flag_search_readonly`, `flag_datagrid`, `flag_datagrid_readonly`, `flag_index`, `flag_detail`, `created`, `created_by`, `modified`, `modified_by`) VALUES ('CAN-999-999-000-999-1026_CAN-999-999-000-999-1113', 'CAN-999-999-000-999-1026', 'CAN-999-999-000-999-1113', '0', '0', '', '0', '', '0', '', '0', '', '0', '', '0', '', '0', '', '0', '0', '0', '0', '0', '0', '1', '0', '0', '0', '0000-00-00 00:00:00', '', '0000-00-00 00:00:00', '');
INSERT INTO `form_formats` (`id`, `form_id`, `field_id`, `display_column`, `display_order`, `language_heading`, `flag_override_label`, `language_label`, `flag_override_tag`, `language_tag`, `flag_override_help`, `language_help`, `flag_override_type`, `type`, `flag_override_setting`, `setting`, `flag_override_default`, `default`, `flag_add`, `flag_add_readonly`, `flag_edit`, `flag_edit_readonly`, `flag_search`, `flag_search_readonly`, `flag_datagrid`, `flag_datagrid_readonly`, `flag_index`, `flag_detail`, `created`, `created_by`, `modified`, `modified_by`) VALUES ('CAN-999-999-000-999-1026_CAN-999-999-000-999-1114', 'CAN-999-999-000-999-1026', 'CAN-999-999-000-999-1114', '0', '0', '', '0', '', '0', '', '0', '', '0', '', '0', '', '0', '', '0', '0', '0', '0', '0', '0', '1', '0', '0', '0', '0000-00-00 00:00:00', '', '0000-00-00 00:00:00', '');
INSERT INTO `form_formats` (`id`, `form_id`, `field_id`, `display_column`, `display_order`, `language_heading`, `flag_override_label`, `language_label`, `flag_override_tag`, `language_tag`, `flag_override_help`, `language_help`, `flag_override_type`, `type`, `flag_override_setting`, `setting`, `flag_override_default`, `default`, `flag_add`, `flag_add_readonly`, `flag_edit`, `flag_edit_readonly`, `flag_search`, `flag_search_readonly`, `flag_datagrid`, `flag_datagrid_readonly`, `flag_index`, `flag_detail`, `created`, `created_by`, `modified`, `modified_by`) VALUES ('CAN-999-999-000-999-1026_CAN-999-999-000-999-1100', 'CAN-999-999-000-999-1026', 'CAN-999-999-000-999-1100', '0', '2', '', '0', '', '0', '', '0', '', '0', '', '0', '', '0', '', '1', '0', '0', '0', '0', '0', '1', '0', '0', '0', '0000-00-00 00:00:00', '', '0000-00-00 00:00:00', '');
INSERT INTO `form_formats` (`id`, `form_id`, `field_id`, `display_column`, `display_order`, `language_heading`, `flag_override_label`, `language_label`, `flag_override_tag`, `language_tag`, `flag_override_help`, `language_help`, `flag_override_type`, `type`, `flag_override_setting`, `setting`, `flag_override_default`, `default`, `flag_add`, `flag_add_readonly`, `flag_edit`, `flag_edit_readonly`, `flag_search`, `flag_search_readonly`, `flag_datagrid`, `flag_datagrid_readonly`, `flag_index`, `flag_detail`, `created`, `created_by`, `modified`, `modified_by`) VALUES ('CAN-999-999-000-999-1026_CAN-999-999-000-999-1101', 'CAN-999-999-000-999-1026', 'CAN-999-999-000-999-1101', '0', '2', '', '0', '', '0', '', '0', '', '0', '', '0', '', '0', '', '0', '1', '1', '1', '1', '1', '0', '1', '1', '1', '0000-00-00 00:00:00', '', '0000-00-00 00:00:00', '');
INSERT INTO `form_formats` (`id`, `form_id`, `field_id`, `display_column`, `display_order`, `language_heading`, `flag_override_label`, `language_label`, `flag_override_tag`, `language_tag`, `flag_override_help`, `language_help`, `flag_override_type`, `type`, `flag_override_setting`, `setting`, `flag_override_default`, `default`, `flag_add`, `flag_add_readonly`, `flag_edit`, `flag_edit_readonly`, `flag_search`, `flag_search_readonly`, `flag_datagrid`, `flag_datagrid_readonly`, `flag_index`, `flag_detail`, `created`, `created_by`, `modified`, `modified_by`) VALUES ('CAN-999-999-000-999-1026_CAN-999-999-000-999-1118', 'CAN-999-999-000-999-1026', 'CAN-999-999-000-999-1118', '0', '2', '', '0', '', '0', '', '0', '', '0', '', '0', '', '0', '', '1', '0', '1', '0', '0', '0', '1', '0', '1', '1', '0000-00-00 00:00:00', '', '0000-00-00 00:00:00', '');
INSERT INTO `form_formats` (`id`, `form_id`, `field_id`, `display_column`, `display_order`, `language_heading`, `flag_override_label`, `language_label`, `flag_override_tag`, `language_tag`, `flag_override_help`, `language_help`, `flag_override_type`, `type`, `flag_override_setting`, `setting`, `flag_override_default`, `default`, `flag_add`, `flag_add_readonly`, `flag_edit`, `flag_edit_readonly`, `flag_search`, `flag_search_readonly`, `flag_datagrid`, `flag_datagrid_readonly`, `flag_index`, `flag_detail`, `created`, `created_by`, `modified`, `modified_by`) VALUES ('CAN-999-999-000-999-1026_CAN-999-999-000-999-1102', 'CAN-999-999-000-999-1026', 'CAN-999-999-000-999-1102', '0', '5', '', '0', '', '0', '', '0', '', '0', '', '0', '', '0', '', '1', '1', '1', '1', '0', '1', '1', '1', '1', '1', '0000-00-00 00:00:00', '', '0000-00-00 00:00:00', '');
INSERT INTO `form_formats` (`id`, `form_id`, `field_id`, `display_column`, `display_order`, `language_heading`, `flag_override_label`, `language_label`, `flag_override_tag`, `language_tag`, `flag_override_help`, `language_help`, `flag_override_type`, `type`, `flag_override_setting`, `setting`, `flag_override_default`, `default`, `flag_add`, `flag_add_readonly`, `flag_edit`, `flag_edit_readonly`, `flag_search`, `flag_search_readonly`, `flag_datagrid`, `flag_datagrid_readonly`, `flag_index`, `flag_detail`, `created`, `created_by`, `modified`, `modified_by`) VALUES ('CAN-999-999-000-999-1026_CAN-999-999-000-999-1103', 'CAN-999-999-000-999-1026', 'CAN-999-999-000-999-1103', '0', '6', '', '0', '', '0', '', '0', '', '0', '', '0', '', '0', '', '1', '0', '1', '0', '0', '0', '1', '0', '1', '1', '0000-00-00 00:00:00', '', '0000-00-00 00:00:00', '');
INSERT INTO `form_formats` (`id`, `form_id`, `field_id`, `display_column`, `display_order`, `language_heading`, `flag_override_label`, `language_label`, `flag_override_tag`, `language_tag`, `flag_override_help`, `language_help`, `flag_override_type`, `type`, `flag_override_setting`, `setting`, `flag_override_default`, `default`, `flag_add`, `flag_add_readonly`, `flag_edit`, `flag_edit_readonly`, `flag_search`, `flag_search_readonly`, `flag_datagrid`, `flag_datagrid_readonly`, `flag_index`, `flag_detail`, `created`, `created_by`, `modified`, `modified_by`) VALUES ('CAN-999-999-000-999-1026_CAN-999-999-000-999-1104', 'CAN-999-999-000-999-1026', 'CAN-999-999-000-999-1104', '0', '7', '', '0', '', '0', '', '0', '', '0', '', '0', '', '0', '', '1', '0', '1', '0', '0', '0', '1', '0', '1', '1', '0000-00-00 00:00:00', '', '0000-00-00 00:00:00', '');
INSERT INTO `form_formats` (`id`, `form_id`, `field_id`, `display_column`, `display_order`, `language_heading`, `flag_override_label`, `language_label`, `flag_override_tag`, `language_tag`, `flag_override_help`, `language_help`, `flag_override_type`, `type`, `flag_override_setting`, `setting`, `flag_override_default`, `default`, `flag_add`, `flag_add_readonly`, `flag_edit`, `flag_edit_readonly`, `flag_search`, `flag_search_readonly`, `flag_datagrid`, `flag_datagrid_readonly`, `flag_index`, `flag_detail`, `created`, `created_by`, `modified`, `modified_by`) VALUES ('CAN-999-999-000-999-1026_CAN-999-999-000-999-1259', 'CAN-999-999-000-999-1026', 'CAN-999-999-000-999-1259', '0', '7', '', '0', '', '0', '', '0', '', '0', '', '0', '', '0', '', '1', '0', '1', '0', '0', '0', '1', '0', '1', '1', '0000-00-00 00:00:00', '', '0000-00-00 00:00:00', '');
INSERT INTO `form_formats` (`id`, `form_id`, `field_id`, `display_column`, `display_order`, `language_heading`, `flag_override_label`, `language_label`, `flag_override_tag`, `language_tag`, `flag_override_help`, `language_help`, `flag_override_type`, `type`, `flag_override_setting`, `setting`, `flag_override_default`, `default`, `flag_add`, `flag_add_readonly`, `flag_edit`, `flag_edit_readonly`, `flag_search`, `flag_search_readonly`, `flag_datagrid`, `flag_datagrid_readonly`, `flag_index`, `flag_detail`, `created`, `created_by`, `modified`, `modified_by`) VALUES ('CAN-999-999-000-999-1026_CAN-999-999-000-999-1105', 'CAN-999-999-000-999-1026', 'CAN-999-999-000-999-1105', '0', '8', '', '0', '', '0', '', '0', '', '0', '', '0', '', '0', '', '0', '1', '0', '1', '0', '1', '0', '1', '1', '1', '0000-00-00 00:00:00', '', '0000-00-00 00:00:00', '');
INSERT INTO `form_formats` (`id`, `form_id`, `field_id`, `display_column`, `display_order`, `language_heading`, `flag_override_label`, `language_label`, `flag_override_tag`, `language_tag`, `flag_override_help`, `language_help`, `flag_override_type`, `type`, `flag_override_setting`, `setting`, `flag_override_default`, `default`, `flag_add`, `flag_add_readonly`, `flag_edit`, `flag_edit_readonly`, `flag_search`, `flag_search_readonly`, `flag_datagrid`, `flag_datagrid_readonly`, `flag_index`, `flag_detail`, `created`, `created_by`, `modified`, `modified_by`) VALUES ('CAN-999-999-000-999-1026_CAN-999-999-000-999-1216', 'CAN-999-999-000-999-1026', 'CAN-999-999-000-999-1216', '0', '9', '', '0', '', '0', '', '0', '', '0', '', '0', '', '0', '', '1', '0', '1', '0', '0', '0', '1', '0', '0', '0', '0000-00-00 00:00:00', '', '0000-00-00 00:00:00', '');
INSERT INTO `form_formats` (`id`, `form_id`, `field_id`, `display_column`, `display_order`, `language_heading`, `flag_override_label`, `language_label`, `flag_override_tag`, `language_tag`, `flag_override_help`, `language_help`, `flag_override_type`, `type`, `flag_override_setting`, `setting`, `flag_override_default`, `default`, `flag_add`, `flag_add_readonly`, `flag_edit`, `flag_edit_readonly`, `flag_search`, `flag_search_readonly`, `flag_datagrid`, `flag_datagrid_readonly`, `flag_index`, `flag_detail`, `created`, `created_by`, `modified`, `modified_by`) VALUES ('CAN-999-999-000-999-1026_CAN-999-999-000-999-1106', 'CAN-999-999-000-999-1026', 'CAN-999-999-000-999-1106', '0', '10', '', '0', '', '0', '', '0', '', '0', '', '0', '', '0', '', '1', '0', '1', '0', '0', '0', '1', '0', '0', '0', '0000-00-00 00:00:00', '', '0000-00-00 00:00:00', '');
INSERT INTO `form_formats` (`id`, `form_id`, `field_id`, `display_column`, `display_order`, `language_heading`, `flag_override_label`, `language_label`, `flag_override_tag`, `language_tag`, `flag_override_help`, `language_help`, `flag_override_type`, `type`, `flag_override_setting`, `setting`, `flag_override_default`, `default`, `flag_add`, `flag_add_readonly`, `flag_edit`, `flag_edit_readonly`, `flag_search`, `flag_search_readonly`, `flag_datagrid`, `flag_datagrid_readonly`, `flag_index`, `flag_detail`, `created`, `created_by`, `modified`, `modified_by`) VALUES ('CAN-999-999-000-999-1026_CAN-999-999-000-999-1217', 'CAN-999-999-000-999-1026', 'CAN-999-999-000-999-1217', '0', '10', '', '0', '', '0', '', '0', '', '0', '', '0', '', '0', '', '0', '0', '0', '0', '0', '0', '0', '0', '1', '1', '0000-00-00 00:00:00', '', '0000-00-00 00:00:00', '');
INSERT INTO `form_formats` (`id`, `form_id`, `field_id`, `display_column`, `display_order`, `language_heading`, `flag_override_label`, `language_label`, `flag_override_tag`, `language_tag`, `flag_override_help`, `language_help`, `flag_override_type`, `type`, `flag_override_setting`, `setting`, `flag_override_default`, `default`, `flag_add`, `flag_add_readonly`, `flag_edit`, `flag_edit_readonly`, `flag_search`, `flag_search_readonly`, `flag_datagrid`, `flag_datagrid_readonly`, `flag_index`, `flag_detail`, `created`, `created_by`, `modified`, `modified_by`) VALUES ('CAN-999-999-000-999-1026_CAN-999-999-000-999-1117', 'CAN-999-999-000-999-1026', 'CAN-999-999-000-999-1117', '0', '11', '', '0', '', '0', '', '0', '', '0', '', '0', '', '0', '', '0', '0', '0', '0', '0', '0', '0', '0', '1', '1', '0000-00-00 00:00:00', '', '0000-00-00 00:00:00', '');
INSERT INTO `form_formats` (`id`, `form_id`, `field_id`, `display_column`, `display_order`, `language_heading`, `flag_override_label`, `language_label`, `flag_override_tag`, `language_tag`, `flag_override_help`, `language_help`, `flag_override_type`, `type`, `flag_override_setting`, `setting`, `flag_override_default`, `default`, `flag_add`, `flag_add_readonly`, `flag_edit`, `flag_edit_readonly`, `flag_search`, `flag_search_readonly`, `flag_datagrid`, `flag_datagrid_readonly`, `flag_index`, `flag_detail`, `created`, `created_by`, `modified`, `modified_by`) VALUES ('CAN-999-999-000-999-1026_CAN-999-999-000-999-1107', 'CAN-999-999-000-999-1026', 'CAN-999-999-000-999-1107', '0', '12', '', '0', '', '0', '', '0', '', '0', '', '0', '', '0', '', '1', '0', '1', '0', '0', '0', '1', '0', '1', '1', '0000-00-00 00:00:00', '', '0000-00-00 00:00:00', '');
INSERT INTO `form_formats` (`id`, `form_id`, `field_id`, `display_column`, `display_order`, `language_heading`, `flag_override_label`, `language_label`, `flag_override_tag`, `language_tag`, `flag_override_help`, `language_help`, `flag_override_type`, `type`, `flag_override_setting`, `setting`, `flag_override_default`, `default`, `flag_add`, `flag_add_readonly`, `flag_edit`, `flag_edit_readonly`, `flag_search`, `flag_search_readonly`, `flag_datagrid`, `flag_datagrid_readonly`, `flag_index`, `flag_detail`, `created`, `created_by`, `modified`, `modified_by`) VALUES ('CAN-999-999-000-999-1026_CAN-999-999-000-999-1108', 'CAN-999-999-000-999-1026', 'CAN-999-999-000-999-1108', '0', '14', '', '0', '', '0', '', '0', '', '0', '', '0', '', '0', '', '1', '0', '1', '0', '0', '0', '1', '0', '1', '1', '0000-00-00 00:00:00', '', '0000-00-00 00:00:00', '');
INSERT INTO `form_formats` (`id`, `form_id`, `field_id`, `display_column`, `display_order`, `language_heading`, `flag_override_label`, `language_label`, `flag_override_tag`, `language_tag`, `flag_override_help`, `language_help`, `flag_override_type`, `type`, `flag_override_setting`, `setting`, `flag_override_default`, `default`, `flag_add`, `flag_add_readonly`, `flag_edit`, `flag_edit_readonly`, `flag_search`, `flag_search_readonly`, `flag_datagrid`, `flag_datagrid_readonly`, `flag_index`, `flag_detail`, `created`, `created_by`, `modified`, `modified_by`) VALUES ('CAN-999-999-000-999-1026_CAN-999-999-000-999-1110', 'CAN-999-999-000-999-1026', 'CAN-999-999-000-999-1110', '0', '16', '', '0', '', '0', '', '0', '', '0', '', '0', '', '0', '', '0', '0', '0', '0', '0', '0', '0', '0', '1', '1', '0000-00-00 00:00:00', '', '0000-00-00 00:00:00', '');
INSERT INTO `form_formats` (`id`, `form_id`, `field_id`, `display_column`, `display_order`, `language_heading`, `flag_override_label`, `language_label`, `flag_override_tag`, `language_tag`, `flag_override_help`, `language_help`, `flag_override_type`, `type`, `flag_override_setting`, `setting`, `flag_override_default`, `default`, `flag_add`, `flag_add_readonly`, `flag_edit`, `flag_edit_readonly`, `flag_search`, `flag_search_readonly`, `flag_datagrid`, `flag_datagrid_readonly`, `flag_index`, `flag_detail`, `created`, `created_by`, `modified`, `modified_by`) VALUES ('CAN-999-999-000-999-1026_CAN-999-999-000-999-1194', 'CAN-999-999-000-999-1026', 'CAN-999-999-000-999-1194', '0', '17', '', '0', '', '0', '', '0', '', '0', '', '0', '', '0', '', '0', '0', '0', '0', '0', '0', '0', '0', '1', '1', '0000-00-00 00:00:00', '', '0000-00-00 00:00:00', '');
INSERT INTO `form_formats` (`id`, `form_id`, `field_id`, `display_column`, `display_order`, `language_heading`, `flag_override_label`, `language_label`, `flag_override_tag`, `language_tag`, `flag_override_help`, `language_help`, `flag_override_type`, `type`, `flag_override_setting`, `setting`, `flag_override_default`, `default`, `flag_add`, `flag_add_readonly`, `flag_edit`, `flag_edit_readonly`, `flag_search`, `flag_search_readonly`, `flag_datagrid`, `flag_datagrid_readonly`, `flag_index`, `flag_detail`, `created`, `created_by`, `modified`, `modified_by`) VALUES ('CAN-999-999-000-999-1026_CAN-999-999-000-999-1109', 'CAN-999-999-000-999-1026', 'CAN-999-999-000-999-1109', '0', '15', '', '0', '', '0', '', '0', '', '0', '', '0', '', '0', '', '1', '0', '1', '0', '0', '0', '1', '0', '1', '1', '0000-00-00 00:00:00', '', '0000-00-00 00:00:00', '');
INSERT INTO `form_formats` (`id`, `form_id`, `field_id`, `display_column`, `display_order`, `language_heading`, `flag_override_label`, `language_label`, `flag_override_tag`, `language_tag`, `flag_override_help`, `language_help`, `flag_override_type`, `type`, `flag_override_setting`, `setting`, `flag_override_default`, `default`, `flag_add`, `flag_add_readonly`, `flag_edit`, `flag_edit_readonly`, `flag_search`, `flag_search_readonly`, `flag_datagrid`, `flag_datagrid_readonly`, `flag_index`, `flag_detail`, `created`, `created_by`, `modified`, `modified_by`) VALUES ('CAN-999-999-000-999-1026_CAN-999-999-000-999-1165', 'CAN-999-999-000-999-1026', 'CAN-999-999-000-999-1165', '0', '19', '', '0', '', '0', '', '0', '', '0', '', '0', '', '0', '', '1', '0', '1', '0', '0', '0', '0', '0', '0', '1', '0000-00-00 00:00:00', '', '0000-00-00 00:00:00', '');
INSERT INTO `form_formats` (`id`, `form_id`, `field_id`, `display_column`, `display_order`, `language_heading`, `flag_override_label`, `language_label`, `flag_override_tag`, `language_tag`, `flag_override_help`, `language_help`, `flag_override_type`, `type`, `flag_override_setting`, `setting`, `flag_override_default`, `default`, `flag_add`, `flag_add_readonly`, `flag_edit`, `flag_edit_readonly`, `flag_search`, `flag_search_readonly`, `flag_datagrid`, `flag_datagrid_readonly`, `flag_index`, `flag_detail`, `created`, `created_by`, `modified`, `modified_by`) VALUES ('CAN-999-999-000-999-1026_CAN-999-999-000-999-1112', 'CAN-999-999-000-999-1026', 'CAN-999-999-000-999-1112', '0', '20', '', '0', '', '0', '', '0', '', '0', '', '0', '', '0', '', '1', '0', '1', '0', '0', '0', '0', '0', '1', '1', '0000-00-00 00:00:00', '', '0000-00-00 00:00:00', '');
INSERT INTO `form_formats` (`id`, `form_id`, `field_id`, `display_column`, `display_order`, `language_heading`, `flag_override_label`, `language_label`, `flag_override_tag`, `language_tag`, `flag_override_help`, `language_help`, `flag_override_type`, `type`, `flag_override_setting`, `setting`, `flag_override_default`, `default`, `flag_add`, `flag_add_readonly`, `flag_edit`, `flag_edit_readonly`, `flag_search`, `flag_search_readonly`, `flag_datagrid`, `flag_datagrid_readonly`, `flag_index`, `flag_detail`, `created`, `created_by`, `modified`, `modified_by`) VALUES ('CAN-999-999-000-999-1026_CAN-999-999-000-999-1128', 'CAN-999-999-000-999-1026', 'CAN-999-999-000-999-1128', '1', '50', '', '0', '', '0', '', '0', '', '0', '', '0', '', '0', '', '0', '1', '0', '1', '0', '1', '0', '1', '0', '1', '0000-00-00 00:00:00', '', '0000-00-00 00:00:00', '');
INSERT INTO `form_formats` (`id`, `form_id`, `field_id`, `display_column`, `display_order`, `language_heading`, `flag_override_label`, `language_label`, `flag_override_tag`, `language_tag`, `flag_override_help`, `language_help`, `flag_override_type`, `type`, `flag_override_setting`, `setting`, `flag_override_default`, `default`, `flag_add`, `flag_add_readonly`, `flag_edit`, `flag_edit_readonly`, `flag_search`, `flag_search_readonly`, `flag_datagrid`, `flag_datagrid_readonly`, `flag_index`, `flag_detail`, `created`, `created_by`, `modified`, `modified_by`) VALUES ('CAN-999-999-000-999-1026_CAN-999-999-000-999-1127', 'CAN-999-999-000-999-1026', 'CAN-999-999-000-999-1127', '1', '51', '', '0', '', '0', '', '0', '', '0', '', '0', '', '0', '', '0', '1', '0', '1', '0', '1', '0', '1', '0', '1', '0000-00-00 00:00:00', '', '0000-00-00 00:00:00', '');
INSERT INTO `form_formats` (`id`, `form_id`, `field_id`, `display_column`, `display_order`, `language_heading`, `flag_override_label`, `language_label`, `flag_override_tag`, `language_tag`, `flag_override_help`, `language_help`, `flag_override_type`, `type`, `flag_override_setting`, `setting`, `flag_override_default`, `default`, `flag_add`, `flag_add_readonly`, `flag_edit`, `flag_edit_readonly`, `flag_search`, `flag_search_readonly`, `flag_datagrid`, `flag_datagrid_readonly`, `flag_index`, `flag_detail`, `created`, `created_by`, `modified`, `modified_by`) VALUES ('CAN-999-999-000-999-1026_CAN-999-999-000-999-1121', 'CAN-999-999-000-999-1026', 'CAN-999-999-000-999-1121', '1', '52', '', '0', '', '0', '', '0', '', '0', '', '0', '', '0', '', '0', '1', '0', '1', '0', '1', '0', '1', '0', '1', '0000-00-00 00:00:00', '', '0000-00-00 00:00:00', '');
INSERT INTO `form_formats` (`id`, `form_id`, `field_id`, `display_column`, `display_order`, `language_heading`, `flag_override_label`, `language_label`, `flag_override_tag`, `language_tag`, `flag_override_help`, `language_help`, `flag_override_type`, `type`, `flag_override_setting`, `setting`, `flag_override_default`, `default`, `flag_add`, `flag_add_readonly`, `flag_edit`, `flag_edit_readonly`, `flag_search`, `flag_search_readonly`, `flag_datagrid`, `flag_datagrid_readonly`, `flag_index`, `flag_detail`, `created`, `created_by`, `modified`, `modified_by`) VALUES ('CAN-999-999-000-999-1026_CAN-999-999-000-999-1122', 'CAN-999-999-000-999-1026', 'CAN-999-999-000-999-1122', '1', '53', '', '0', '', '0', '', '0', '', '0', '', '0', '', '0', '', '0', '1', '0', '1', '0', '1', '0', '1', '0', '1', '0000-00-00 00:00:00', '', '0000-00-00 00:00:00', '');
INSERT INTO `form_formats` (`id`, `form_id`, `field_id`, `display_column`, `display_order`, `language_heading`, `flag_override_label`, `language_label`, `flag_override_tag`, `language_tag`, `flag_override_help`, `language_help`, `flag_override_type`, `type`, `flag_override_setting`, `setting`, `flag_override_default`, `default`, `flag_add`, `flag_add_readonly`, `flag_edit`, `flag_edit_readonly`, `flag_search`, `flag_search_readonly`, `flag_datagrid`, `flag_datagrid_readonly`, `flag_index`, `flag_detail`, `created`, `created_by`, `modified`, `modified_by`) VALUES ('CAN-999-999-000-999-1026_CAN-999-999-000-999-1123', 'CAN-999-999-000-999-1026', 'CAN-999-999-000-999-1123', '1', '54', '', '0', '', '0', '', '0', '', '0', '', '0', '', '0', '', '0', '1', '0', '1', '0', '1', '0', '1', '0', '1', '0000-00-00 00:00:00', '', '0000-00-00 00:00:00', '');
INSERT INTO `form_formats` (`id`, `form_id`, `field_id`, `display_column`, `display_order`, `language_heading`, `flag_override_label`, `language_label`, `flag_override_tag`, `language_tag`, `flag_override_help`, `language_help`, `flag_override_type`, `type`, `flag_override_setting`, `setting`, `flag_override_default`, `default`, `flag_add`, `flag_add_readonly`, `flag_edit`, `flag_edit_readonly`, `flag_search`, `flag_search_readonly`, `flag_datagrid`, `flag_datagrid_readonly`, `flag_index`, `flag_detail`, `created`, `created_by`, `modified`, `modified_by`) VALUES ('CAN-999-999-000-999-1026_CAN-999-999-000-999-1124', 'CAN-999-999-000-999-1026', 'CAN-999-999-000-999-1124', '1', '55', '', '0', '', '0', '', '0', '', '0', '', '0', '', '0', '', '0', '1', '0', '1', '0', '1', '0', '1', '0', '1', '0000-00-00 00:00:00', '', '0000-00-00 00:00:00', '');
INSERT INTO `form_formats` (`id`, `form_id`, `field_id`, `display_column`, `display_order`, `language_heading`, `flag_override_label`, `language_label`, `flag_override_tag`, `language_tag`, `flag_override_help`, `language_help`, `flag_override_type`, `type`, `flag_override_setting`, `setting`, `flag_override_default`, `default`, `flag_add`, `flag_add_readonly`, `flag_edit`, `flag_edit_readonly`, `flag_search`, `flag_search_readonly`, `flag_datagrid`, `flag_datagrid_readonly`, `flag_index`, `flag_detail`, `created`, `created_by`, `modified`, `modified_by`) VALUES ('CAN-999-999-000-999-1026_CAN-999-999-000-999-1125', 'CAN-999-999-000-999-1026', 'CAN-999-999-000-999-1125', '1', '56', '', '0', '', '0', '', '0', '', '0', '', '0', '', '0', '', '0', '1', '0', '1', '0', '1', '0', '1', '0', '1', '0000-00-00 00:00:00', '', '0000-00-00 00:00:00', '');
INSERT INTO `form_formats` (`id`, `form_id`, `field_id`, `display_column`, `display_order`, `language_heading`, `flag_override_label`, `language_label`, `flag_override_tag`, `language_tag`, `flag_override_help`, `language_help`, `flag_override_type`, `type`, `flag_override_setting`, `setting`, `flag_override_default`, `default`, `flag_add`, `flag_add_readonly`, `flag_edit`, `flag_edit_readonly`, `flag_search`, `flag_search_readonly`, `flag_datagrid`, `flag_datagrid_readonly`, `flag_index`, `flag_detail`, `created`, `created_by`, `modified`, `modified_by`) VALUES ('CAN-999-999-000-999-1026_CAN-999-999-000-999-1126', 'CAN-999-999-000-999-1026', 'CAN-999-999-000-999-1126', '1', '57', '', '0', '', '0', '', '0', '', '0', '', '0', '', '0', '', '0', '1', '0', '1', '0', '1', '0', '1', '0', '1', '0000-00-00 00:00:00', '', '0000-00-00 00:00:00', '');

-- ------------------------------------------------------------------------
-- alias = ad_spec_tiss_blocks
-- ------------------------------------------------------------------------

DELETE FROM `forms` WHERE `alias` = 'ad_spec_tiss_blocks';
INSERT INTO `forms` (`id`, `alias`, `language_title`, `language_help`, `flag_add_columns`, `flag_edit_columns`, `flag_search_columns`, `flag_detail_columns`, `created`, `created_by`, `modified`, `modified_by`) VALUES ('CAN-999-999-000-999-1028', 'ad_spec_tiss_blocks', '', '', '0', '0', '0', '1', '0000-00-00 00:00:00', '', '0000-00-00 00:00:00', '');

DELETE FROM `form_fields` WHERE `id` = 'CAN-999-999-000-999-1135';
INSERT INTO `form_fields` (`id`, `model`, `field`, `language_label`, `language_tag`, `type`, `setting`, `default`, `language_help`, `created`, `created_by`, `modified`, `modified_by`) VALUES ('CAN-999-999-000-999-1135', 'AliquotDetail', 'type', 'block type', '', 'select', '', '', '', '0000-00-00 00:00:00', '', '0000-00-00 00:00:00', '');
DELETE FROM `form_fields` WHERE `id` = 'CAN-999-999-000-999-1166';
INSERT INTO `form_fields` (`id`, `model`, `field`, `language_label`, `language_tag`, `type`, `setting`, `default`, `language_help`, `created`, `created_by`, `modified`, `modified_by`) VALUES ('CAN-999-999-000-999-1166', 'AliquotDetail', 'patho_dpt_block_code', 'patho dept block code', '', 'input', 'size=30', '', '', '0000-00-00 00:00:00', '', '0000-00-00 00:00:00', '');

DELETE FROM `global_lookups` WHERE `alias` = 'block_type';
INSERT INTO `global_lookups` (`id`, `alias`, `section`, `subsection`, `value`, `language_choice`, `display_order`, `active`, `created`, `created_by`, `modified`, `modified_by`) 
VALUES 
(NULL, 'block_type', NULL, NULL, 'OCT', 'oct solution', 2, 'yes', NULL, NULL, NULL, NULL),
(NULL, 'block_type', NULL, NULL, 'paraffin', 'paraffin', 3, 'yes', NULL, NULL, NULL, NULL),
(NULL, 'block_type', NULL, NULL, 'frozen', 'frozen', 1, 'yes', NULL, NULL, NULL, NULL);

DELETE FROM `form_fields_global_lookups` WHERE `field_id` IN ('CAN-999-999-000-999-1135');
INSERT INTO `form_fields_global_lookups` ( `field_id` , `lookup_id`)
VALUES 
('CAN-999-999-000-999-1135', (SELECT `id` FROM `global_lookups` WHERE `alias` LIKE 'block_type' AND `value` like 'OCT')), 
('CAN-999-999-000-999-1135', (SELECT `id` FROM `global_lookups` WHERE `alias` LIKE 'block_type' AND `value` like 'paraffin')),
('CAN-999-999-000-999-1135', (SELECT `id` FROM `global_lookups` WHERE `alias` LIKE 'block_type' AND `value` like 'frozen'));

DELETE FROM `form_formats` WHERE `form_id` = 'CAN-999-999-000-999-1028';
INSERT INTO `form_formats` (`id`, `form_id`, `field_id`, `display_column`, `display_order`, `language_heading`, `flag_override_label`, `language_label`, `flag_override_tag`, `language_tag`, `flag_override_help`, `language_help`, `flag_override_type`, `type`, `flag_override_setting`, `setting`, `flag_override_default`, `default`, `flag_add`, `flag_add_readonly`, `flag_edit`, `flag_edit_readonly`, `flag_search`, `flag_search_readonly`, `flag_datagrid`, `flag_datagrid_readonly`, `flag_index`, `flag_detail`, `created`, `created_by`, `modified`, `modified_by`) VALUES ('CAN-999-999-000-999-1028_CAN-999-999-000-999-1119', 'CAN-999-999-000-999-1028', 'CAN-999-999-000-999-1119', '0', '1', '', '0', '', '0', '', '0', '', '0', '', '0', '', '0', '', '0', '0', '0', '0', '0', '0', '1', '0', '0', '0', '0000-00-00 00:00:00', '', '0000-00-00 00:00:00', '');
INSERT INTO `form_formats` (`id`, `form_id`, `field_id`, `display_column`, `display_order`, `language_heading`, `flag_override_label`, `language_label`, `flag_override_tag`, `language_tag`, `flag_override_help`, `language_help`, `flag_override_type`, `type`, `flag_override_setting`, `setting`, `flag_override_default`, `default`, `flag_add`, `flag_add_readonly`, `flag_edit`, `flag_edit_readonly`, `flag_search`, `flag_search_readonly`, `flag_datagrid`, `flag_datagrid_readonly`, `flag_index`, `flag_detail`, `created`, `created_by`, `modified`, `modified_by`) VALUES ('CAN-999-999-000-999-1028_CAN-999-999-000-999-1115', 'CAN-999-999-000-999-1028', 'CAN-999-999-000-999-1115', '0', '0', '', '0', '', '0', '', '0', '', '0', '', '0', '', '0', '', '0', '0', '0', '0', '0', '0', '1', '0', '0', '0', '0000-00-00 00:00:00', '', '0000-00-00 00:00:00', '');
INSERT INTO `form_formats` (`id`, `form_id`, `field_id`, `display_column`, `display_order`, `language_heading`, `flag_override_label`, `language_label`, `flag_override_tag`, `language_tag`, `flag_override_help`, `language_help`, `flag_override_type`, `type`, `flag_override_setting`, `setting`, `flag_override_default`, `default`, `flag_add`, `flag_add_readonly`, `flag_edit`, `flag_edit_readonly`, `flag_search`, `flag_search_readonly`, `flag_datagrid`, `flag_datagrid_readonly`, `flag_index`, `flag_detail`, `created`, `created_by`, `modified`, `modified_by`) VALUES ('CAN-999-999-000-999-1028_CAN-999-999-000-999-1116', 'CAN-999-999-000-999-1028', 'CAN-999-999-000-999-1116', '0', '0', '', '0', '', '0', '', '0', '', '0', '', '0', '', '0', '', '0', '0', '0', '0', '0', '0', '1', '0', '0', '0', '0000-00-00 00:00:00', '', '0000-00-00 00:00:00', '');
INSERT INTO `form_formats` (`id`, `form_id`, `field_id`, `display_column`, `display_order`, `language_heading`, `flag_override_label`, `language_label`, `flag_override_tag`, `language_tag`, `flag_override_help`, `language_help`, `flag_override_type`, `type`, `flag_override_setting`, `setting`, `flag_override_default`, `default`, `flag_add`, `flag_add_readonly`, `flag_edit`, `flag_edit_readonly`, `flag_search`, `flag_search_readonly`, `flag_datagrid`, `flag_datagrid_readonly`, `flag_index`, `flag_detail`, `created`, `created_by`, `modified`, `modified_by`) VALUES ('CAN-999-999-000-999-1028_CAN-999-999-000-999-1113', 'CAN-999-999-000-999-1028', 'CAN-999-999-000-999-1113', '0', '0', '', '0', '', '0', '', '0', '', '0', '', '0', '', '0', '', '0', '0', '0', '0', '0', '0', '1', '0', '0', '0', '0000-00-00 00:00:00', '', '0000-00-00 00:00:00', '');
INSERT INTO `form_formats` (`id`, `form_id`, `field_id`, `display_column`, `display_order`, `language_heading`, `flag_override_label`, `language_label`, `flag_override_tag`, `language_tag`, `flag_override_help`, `language_help`, `flag_override_type`, `type`, `flag_override_setting`, `setting`, `flag_override_default`, `default`, `flag_add`, `flag_add_readonly`, `flag_edit`, `flag_edit_readonly`, `flag_search`, `flag_search_readonly`, `flag_datagrid`, `flag_datagrid_readonly`, `flag_index`, `flag_detail`, `created`, `created_by`, `modified`, `modified_by`) VALUES ('CAN-999-999-000-999-1028_CAN-999-999-000-999-1114', 'CAN-999-999-000-999-1028', 'CAN-999-999-000-999-1114', '0', '0', '', '0', '', '0', '', '0', '', '0', '', '0', '', '0', '', '0', '0', '0', '0', '0', '0', '1', '0', '0', '0', '0000-00-00 00:00:00', '', '0000-00-00 00:00:00', '');
INSERT INTO `form_formats` (`id`, `form_id`, `field_id`, `display_column`, `display_order`, `language_heading`, `flag_override_label`, `language_label`, `flag_override_tag`, `language_tag`, `flag_override_help`, `language_help`, `flag_override_type`, `type`, `flag_override_setting`, `setting`, `flag_override_default`, `default`, `flag_add`, `flag_add_readonly`, `flag_edit`, `flag_edit_readonly`, `flag_search`, `flag_search_readonly`, `flag_datagrid`, `flag_datagrid_readonly`, `flag_index`, `flag_detail`, `created`, `created_by`, `modified`, `modified_by`) VALUES ('CAN-999-999-000-999-1028_CAN-999-999-000-999-1100', 'CAN-999-999-000-999-1028', 'CAN-999-999-000-999-1100', '0', '2', '', '0', '', '0', '', '0', '', '0', '', '0', '', '0', '', '1', '0', '0', '0', '0', '0', '1', '0', '0', '0', '0000-00-00 00:00:00', '', '0000-00-00 00:00:00', '');
INSERT INTO `form_formats` (`id`, `form_id`, `field_id`, `display_column`, `display_order`, `language_heading`, `flag_override_label`, `language_label`, `flag_override_tag`, `language_tag`, `flag_override_help`, `language_help`, `flag_override_type`, `type`, `flag_override_setting`, `setting`, `flag_override_default`, `default`, `flag_add`, `flag_add_readonly`, `flag_edit`, `flag_edit_readonly`, `flag_search`, `flag_search_readonly`, `flag_datagrid`, `flag_datagrid_readonly`, `flag_index`, `flag_detail`, `created`, `created_by`, `modified`, `modified_by`) VALUES ('CAN-999-999-000-999-1028_CAN-999-999-000-999-1101', 'CAN-999-999-000-999-1028', 'CAN-999-999-000-999-1101', '0', '2', '', '0', '', '0', '', '0', '', '0', '', '0', '', '0', '', '0', '1', '1', '1', '1', '1', '0', '1', '1', '1', '0000-00-00 00:00:00', '', '0000-00-00 00:00:00', '');
INSERT INTO `form_formats` (`id`, `form_id`, `field_id`, `display_column`, `display_order`, `language_heading`, `flag_override_label`, `language_label`, `flag_override_tag`, `language_tag`, `flag_override_help`, `language_help`, `flag_override_type`, `type`, `flag_override_setting`, `setting`, `flag_override_default`, `default`, `flag_add`, `flag_add_readonly`, `flag_edit`, `flag_edit_readonly`, `flag_search`, `flag_search_readonly`, `flag_datagrid`, `flag_datagrid_readonly`, `flag_index`, `flag_detail`, `created`, `created_by`, `modified`, `modified_by`) VALUES ('CAN-999-999-000-999-1028_CAN-999-999-000-999-1118', 'CAN-999-999-000-999-1028', 'CAN-999-999-000-999-1118', '0', '2', '', '0', '', '0', '', '0', '', '0', '', '0', '', '0', '', '1', '0', '1', '0', '0', '0', '1', '0', '1', '1', '0000-00-00 00:00:00', '', '0000-00-00 00:00:00', '');
INSERT INTO `form_formats` (`id`, `form_id`, `field_id`, `display_column`, `display_order`, `language_heading`, `flag_override_label`, `language_label`, `flag_override_tag`, `language_tag`, `flag_override_help`, `language_help`, `flag_override_type`, `type`, `flag_override_setting`, `setting`, `flag_override_default`, `default`, `flag_add`, `flag_add_readonly`, `flag_edit`, `flag_edit_readonly`, `flag_search`, `flag_search_readonly`, `flag_datagrid`, `flag_datagrid_readonly`, `flag_index`, `flag_detail`, `created`, `created_by`, `modified`, `modified_by`) VALUES ('CAN-999-999-000-999-1028_CAN-999-999-000-999-1102', 'CAN-999-999-000-999-1028', 'CAN-999-999-000-999-1102', '0', '5', '', '0', '', '0', '', '0', '', '0', '', '0', '', '0', '', '1', '1', '1', '1', '0', '1', '1', '1', '1', '1', '0000-00-00 00:00:00', '', '0000-00-00 00:00:00', '');
INSERT INTO `form_formats` (`id`, `form_id`, `field_id`, `display_column`, `display_order`, `language_heading`, `flag_override_label`, `language_label`, `flag_override_tag`, `language_tag`, `flag_override_help`, `language_help`, `flag_override_type`, `type`, `flag_override_setting`, `setting`, `flag_override_default`, `default`, `flag_add`, `flag_add_readonly`, `flag_edit`, `flag_edit_readonly`, `flag_search`, `flag_search_readonly`, `flag_datagrid`, `flag_datagrid_readonly`, `flag_index`, `flag_detail`, `created`, `created_by`, `modified`, `modified_by`) VALUES ('CAN-999-999-000-999-1028_CAN-999-999-000-999-1103', 'CAN-999-999-000-999-1028', 'CAN-999-999-000-999-1103', '0', '6', '', '0', '', '0', '', '0', '', '0', '', '0', '', '0', '', '1', '0', '1', '0', '0', '0', '1', '0', '1', '1', '0000-00-00 00:00:00', '', '0000-00-00 00:00:00', '');
INSERT INTO `form_formats` (`id`, `form_id`, `field_id`, `display_column`, `display_order`, `language_heading`, `flag_override_label`, `language_label`, `flag_override_tag`, `language_tag`, `flag_override_help`, `language_help`, `flag_override_type`, `type`, `flag_override_setting`, `setting`, `flag_override_default`, `default`, `flag_add`, `flag_add_readonly`, `flag_edit`, `flag_edit_readonly`, `flag_search`, `flag_search_readonly`, `flag_datagrid`, `flag_datagrid_readonly`, `flag_index`, `flag_detail`, `created`, `created_by`, `modified`, `modified_by`) VALUES ('CAN-999-999-000-999-1028_CAN-999-999-000-999-1104', 'CAN-999-999-000-999-1028', 'CAN-999-999-000-999-1104', '0', '7', '', '0', '', '0', '', '0', '', '0', '', '0', '', '0', '', '1', '0', '1', '0', '0', '0', '1', '0', '1', '1', '0000-00-00 00:00:00', '', '0000-00-00 00:00:00', '');
INSERT INTO `form_formats` (`id`, `form_id`, `field_id`, `display_column`, `display_order`, `language_heading`, `flag_override_label`, `language_label`, `flag_override_tag`, `language_tag`, `flag_override_help`, `language_help`, `flag_override_type`, `type`, `flag_override_setting`, `setting`, `flag_override_default`, `default`, `flag_add`, `flag_add_readonly`, `flag_edit`, `flag_edit_readonly`, `flag_search`, `flag_search_readonly`, `flag_datagrid`, `flag_datagrid_readonly`, `flag_index`, `flag_detail`, `created`, `created_by`, `modified`, `modified_by`) VALUES ('CAN-999-999-000-999-1028_CAN-999-999-000-999-1259', 'CAN-999-999-000-999-1028', 'CAN-999-999-000-999-1259', '0', '7', '', '0', '', '0', '', '0', '', '0', '', '0', '', '0', '', '1', '0', '1', '0', '0', '0', '1', '0', '1', '1', '0000-00-00 00:00:00', '', '0000-00-00 00:00:00', '');
INSERT INTO `form_formats` (`id`, `form_id`, `field_id`, `display_column`, `display_order`, `language_heading`, `flag_override_label`, `language_label`, `flag_override_tag`, `language_tag`, `flag_override_help`, `language_help`, `flag_override_type`, `type`, `flag_override_setting`, `setting`, `flag_override_default`, `default`, `flag_add`, `flag_add_readonly`, `flag_edit`, `flag_edit_readonly`, `flag_search`, `flag_search_readonly`, `flag_datagrid`, `flag_datagrid_readonly`, `flag_index`, `flag_detail`, `created`, `created_by`, `modified`, `modified_by`) VALUES ('CAN-999-999-000-999-1028_CAN-999-999-000-999-1105', 'CAN-999-999-000-999-1028', 'CAN-999-999-000-999-1105', '0', '8', '', '0', '', '0', '', '0', '', '0', '', '0', '', '0', '', '0', '1', '0', '1', '0', '1', '0', '1', '1', '1', '0000-00-00 00:00:00', '', '0000-00-00 00:00:00', '');
INSERT INTO `form_formats` (`id`, `form_id`, `field_id`, `display_column`, `display_order`, `language_heading`, `flag_override_label`, `language_label`, `flag_override_tag`, `language_tag`, `flag_override_help`, `language_help`, `flag_override_type`, `type`, `flag_override_setting`, `setting`, `flag_override_default`, `default`, `flag_add`, `flag_add_readonly`, `flag_edit`, `flag_edit_readonly`, `flag_search`, `flag_search_readonly`, `flag_datagrid`, `flag_datagrid_readonly`, `flag_index`, `flag_detail`, `created`, `created_by`, `modified`, `modified_by`) VALUES ('CAN-999-999-000-999-1028_CAN-999-999-000-999-1216', 'CAN-999-999-000-999-1028', 'CAN-999-999-000-999-1216', '0', '9', '', '0', '', '0', '', '0', '', '0', '', '0', '', '0', '', '1', '0', '1', '0', '0', '0', '1', '0', '0', '0', '0000-00-00 00:00:00', '', '0000-00-00 00:00:00', '');
INSERT INTO `form_formats` (`id`, `form_id`, `field_id`, `display_column`, `display_order`, `language_heading`, `flag_override_label`, `language_label`, `flag_override_tag`, `language_tag`, `flag_override_help`, `language_help`, `flag_override_type`, `type`, `flag_override_setting`, `setting`, `flag_override_default`, `default`, `flag_add`, `flag_add_readonly`, `flag_edit`, `flag_edit_readonly`, `flag_search`, `flag_search_readonly`, `flag_datagrid`, `flag_datagrid_readonly`, `flag_index`, `flag_detail`, `created`, `created_by`, `modified`, `modified_by`) VALUES ('CAN-999-999-000-999-1028_CAN-999-999-000-999-1106', 'CAN-999-999-000-999-1028', 'CAN-999-999-000-999-1106', '0', '10', '', '0', '', '0', '', '0', '', '0', '', '0', '', '0', '', '1', '0', '1', '0', '0', '0', '1', '0', '0', '0', '0000-00-00 00:00:00', '', '0000-00-00 00:00:00', '');
INSERT INTO `form_formats` (`id`, `form_id`, `field_id`, `display_column`, `display_order`, `language_heading`, `flag_override_label`, `language_label`, `flag_override_tag`, `language_tag`, `flag_override_help`, `language_help`, `flag_override_type`, `type`, `flag_override_setting`, `setting`, `flag_override_default`, `default`, `flag_add`, `flag_add_readonly`, `flag_edit`, `flag_edit_readonly`, `flag_search`, `flag_search_readonly`, `flag_datagrid`, `flag_datagrid_readonly`, `flag_index`, `flag_detail`, `created`, `created_by`, `modified`, `modified_by`) VALUES ('CAN-999-999-000-999-1028_CAN-999-999-000-999-1217', 'CAN-999-999-000-999-1028', 'CAN-999-999-000-999-1217', '0', '10', '', '0', '', '0', '', '0', '', '0', '', '0', '', '0', '', '0', '0', '0', '0', '0', '0', '0', '0', '1', '1', '0000-00-00 00:00:00', '', '0000-00-00 00:00:00', '');
INSERT INTO `form_formats` (`id`, `form_id`, `field_id`, `display_column`, `display_order`, `language_heading`, `flag_override_label`, `language_label`, `flag_override_tag`, `language_tag`, `flag_override_help`, `language_help`, `flag_override_type`, `type`, `flag_override_setting`, `setting`, `flag_override_default`, `default`, `flag_add`, `flag_add_readonly`, `flag_edit`, `flag_edit_readonly`, `flag_search`, `flag_search_readonly`, `flag_datagrid`, `flag_datagrid_readonly`, `flag_index`, `flag_detail`, `created`, `created_by`, `modified`, `modified_by`) VALUES ('CAN-999-999-000-999-1028_CAN-999-999-000-999-1117', 'CAN-999-999-000-999-1028', 'CAN-999-999-000-999-1117', '0', '11', '', '0', '', '0', '', '0', '', '0', '', '0', '', '0', '', '0', '0', '0', '0', '0', '0', '0', '0', '1', '1', '0000-00-00 00:00:00', '', '0000-00-00 00:00:00', '');
INSERT INTO `form_formats` (`id`, `form_id`, `field_id`, `display_column`, `display_order`, `language_heading`, `flag_override_label`, `language_label`, `flag_override_tag`, `language_tag`, `flag_override_help`, `language_help`, `flag_override_type`, `type`, `flag_override_setting`, `setting`, `flag_override_default`, `default`, `flag_add`, `flag_add_readonly`, `flag_edit`, `flag_edit_readonly`, `flag_search`, `flag_search_readonly`, `flag_datagrid`, `flag_datagrid_readonly`, `flag_index`, `flag_detail`, `created`, `created_by`, `modified`, `modified_by`) VALUES ('CAN-999-999-000-999-1028_CAN-999-999-000-999-1107', 'CAN-999-999-000-999-1028', 'CAN-999-999-000-999-1107', '0', '12', '', '0', '', '0', '', '0', '', '0', '', '0', '', '0', '', '1', '0', '1', '0', '0', '0', '1', '0', '1', '1', '0000-00-00 00:00:00', '', '0000-00-00 00:00:00', '');
INSERT INTO `form_formats` (`id`, `form_id`, `field_id`, `display_column`, `display_order`, `language_heading`, `flag_override_label`, `language_label`, `flag_override_tag`, `language_tag`, `flag_override_help`, `language_help`, `flag_override_type`, `type`, `flag_override_setting`, `setting`, `flag_override_default`, `default`, `flag_add`, `flag_add_readonly`, `flag_edit`, `flag_edit_readonly`, `flag_search`, `flag_search_readonly`, `flag_datagrid`, `flag_datagrid_readonly`, `flag_index`, `flag_detail`, `created`, `created_by`, `modified`, `modified_by`) VALUES ('CAN-999-999-000-999-1028_CAN-999-999-000-999-1108', 'CAN-999-999-000-999-1028', 'CAN-999-999-000-999-1108', '0', '14', '', '0', '', '0', '', '0', '', '0', '', '0', '', '0', '', '1', '0', '1', '0', '0', '0', '1', '0', '1', '1', '0000-00-00 00:00:00', '', '0000-00-00 00:00:00', '');
INSERT INTO `form_formats` (`id`, `form_id`, `field_id`, `display_column`, `display_order`, `language_heading`, `flag_override_label`, `language_label`, `flag_override_tag`, `language_tag`, `flag_override_help`, `language_help`, `flag_override_type`, `type`, `flag_override_setting`, `setting`, `flag_override_default`, `default`, `flag_add`, `flag_add_readonly`, `flag_edit`, `flag_edit_readonly`, `flag_search`, `flag_search_readonly`, `flag_datagrid`, `flag_datagrid_readonly`, `flag_index`, `flag_detail`, `created`, `created_by`, `modified`, `modified_by`) VALUES ('CAN-999-999-000-999-1028_CAN-999-999-000-999-1110', 'CAN-999-999-000-999-1028', 'CAN-999-999-000-999-1110', '0', '16', '', '0', '', '0', '', '0', '', '0', '', '0', '', '0', '', '0', '0', '0', '0', '0', '0', '0', '0', '1', '1', '0000-00-00 00:00:00', '', '0000-00-00 00:00:00', '');
INSERT INTO `form_formats` (`id`, `form_id`, `field_id`, `display_column`, `display_order`, `language_heading`, `flag_override_label`, `language_label`, `flag_override_tag`, `language_tag`, `flag_override_help`, `language_help`, `flag_override_type`, `type`, `flag_override_setting`, `setting`, `flag_override_default`, `default`, `flag_add`, `flag_add_readonly`, `flag_edit`, `flag_edit_readonly`, `flag_search`, `flag_search_readonly`, `flag_datagrid`, `flag_datagrid_readonly`, `flag_index`, `flag_detail`, `created`, `created_by`, `modified`, `modified_by`) VALUES ('CAN-999-999-000-999-1028_CAN-999-999-000-999-1194', 'CAN-999-999-000-999-1028', 'CAN-999-999-000-999-1194', '0', '17', '', '0', '', '0', '', '0', '', '0', '', '0', '', '0', '', '0', '0', '0', '0', '0', '0', '0', '0', '1', '1', '0000-00-00 00:00:00', '', '0000-00-00 00:00:00', '');
INSERT INTO `form_formats` (`id`, `form_id`, `field_id`, `display_column`, `display_order`, `language_heading`, `flag_override_label`, `language_label`, `flag_override_tag`, `language_tag`, `flag_override_help`, `language_help`, `flag_override_type`, `type`, `flag_override_setting`, `setting`, `flag_override_default`, `default`, `flag_add`, `flag_add_readonly`, `flag_edit`, `flag_edit_readonly`, `flag_search`, `flag_search_readonly`, `flag_datagrid`, `flag_datagrid_readonly`, `flag_index`, `flag_detail`, `created`, `created_by`, `modified`, `modified_by`) VALUES ('CAN-999-999-000-999-1028_CAN-999-999-000-999-1109', 'CAN-999-999-000-999-1028', 'CAN-999-999-000-999-1109', '0', '15', '', '0', '', '0', '', '0', '', '0', '', '0', '', '0', '', '1', '0', '1', '0', '0', '0', '1', '0', '1', '1', '0000-00-00 00:00:00', '', '0000-00-00 00:00:00', '');
INSERT INTO `form_formats` (`id`, `form_id`, `field_id`, `display_column`, `display_order`, `language_heading`, `flag_override_label`, `language_label`, `flag_override_tag`, `language_tag`, `flag_override_help`, `language_help`, `flag_override_type`, `type`, `flag_override_setting`, `setting`, `flag_override_default`, `default`, `flag_add`, `flag_add_readonly`, `flag_edit`, `flag_edit_readonly`, `flag_search`, `flag_search_readonly`, `flag_datagrid`, `flag_datagrid_readonly`, `flag_index`, `flag_detail`, `created`, `created_by`, `modified`, `modified_by`) VALUES ('CAN-999-999-000-999-1028_CAN-999-999-000-999-1165', 'CAN-999-999-000-999-1028', 'CAN-999-999-000-999-1165', '0', '19', '', '0', '', '0', '', '0', '', '0', '', '0', '', '0', '', '1', '0', '1', '0', '0', '0', '0', '0', '0', '1', '0000-00-00 00:00:00', '', '0000-00-00 00:00:00', '');
INSERT INTO `form_formats` (`id`, `form_id`, `field_id`, `display_column`, `display_order`, `language_heading`, `flag_override_label`, `language_label`, `flag_override_tag`, `language_tag`, `flag_override_help`, `language_help`, `flag_override_type`, `type`, `flag_override_setting`, `setting`, `flag_override_default`, `default`, `flag_add`, `flag_add_readonly`, `flag_edit`, `flag_edit_readonly`, `flag_search`, `flag_search_readonly`, `flag_datagrid`, `flag_datagrid_readonly`, `flag_index`, `flag_detail`, `created`, `created_by`, `modified`, `modified_by`) VALUES ('CAN-999-999-000-999-1028_CAN-999-999-000-999-1112', 'CAN-999-999-000-999-1028', 'CAN-999-999-000-999-1112', '0', '20', '', '0', '', '0', '', '0', '', '0', '', '0', '', '0', '', '1', '0', '1', '0', '0', '0', '0', '0', '1', '1', '0000-00-00 00:00:00', '', '0000-00-00 00:00:00', '');
INSERT INTO `form_formats` (`id`, `form_id`, `field_id`, `display_column`, `display_order`, `language_heading`, `flag_override_label`, `language_label`, `flag_override_tag`, `language_tag`, `flag_override_help`, `language_help`, `flag_override_type`, `type`, `flag_override_setting`, `setting`, `flag_override_default`, `default`, `flag_add`, `flag_add_readonly`, `flag_edit`, `flag_edit_readonly`, `flag_search`, `flag_search_readonly`, `flag_datagrid`, `flag_datagrid_readonly`, `flag_index`, `flag_detail`, `created`, `created_by`, `modified`, `modified_by`) VALUES ('CAN-999-999-000-999-1028_CAN-999-999-000-999-1128', 'CAN-999-999-000-999-1028', 'CAN-999-999-000-999-1128', '1', '50', '', '0', '', '0', '', '0', '', '0', '', '0', '', '0', '', '0', '1', '0', '1', '0', '1', '0', '1', '0', '1', '0000-00-00 00:00:00', '', '0000-00-00 00:00:00', '');
INSERT INTO `form_formats` (`id`, `form_id`, `field_id`, `display_column`, `display_order`, `language_heading`, `flag_override_label`, `language_label`, `flag_override_tag`, `language_tag`, `flag_override_help`, `language_help`, `flag_override_type`, `type`, `flag_override_setting`, `setting`, `flag_override_default`, `default`, `flag_add`, `flag_add_readonly`, `flag_edit`, `flag_edit_readonly`, `flag_search`, `flag_search_readonly`, `flag_datagrid`, `flag_datagrid_readonly`, `flag_index`, `flag_detail`, `created`, `created_by`, `modified`, `modified_by`) VALUES ('CAN-999-999-000-999-1028_CAN-999-999-000-999-1127', 'CAN-999-999-000-999-1028', 'CAN-999-999-000-999-1127', '1', '51', '', '0', '', '0', '', '0', '', '0', '', '0', '', '0', '', '0', '1', '0', '1', '0', '1', '0', '1', '0', '1', '0000-00-00 00:00:00', '', '0000-00-00 00:00:00', '');
INSERT INTO `form_formats` (`id`, `form_id`, `field_id`, `display_column`, `display_order`, `language_heading`, `flag_override_label`, `language_label`, `flag_override_tag`, `language_tag`, `flag_override_help`, `language_help`, `flag_override_type`, `type`, `flag_override_setting`, `setting`, `flag_override_default`, `default`, `flag_add`, `flag_add_readonly`, `flag_edit`, `flag_edit_readonly`, `flag_search`, `flag_search_readonly`, `flag_datagrid`, `flag_datagrid_readonly`, `flag_index`, `flag_detail`, `created`, `created_by`, `modified`, `modified_by`) VALUES ('CAN-999-999-000-999-1028_CAN-999-999-000-999-1121', 'CAN-999-999-000-999-1028', 'CAN-999-999-000-999-1121', '1', '52', '', '0', '', '0', '', '0', '', '0', '', '0', '', '0', '', '0', '1', '0', '1', '0', '1', '0', '1', '0', '1', '0000-00-00 00:00:00', '', '0000-00-00 00:00:00', '');
INSERT INTO `form_formats` (`id`, `form_id`, `field_id`, `display_column`, `display_order`, `language_heading`, `flag_override_label`, `language_label`, `flag_override_tag`, `language_tag`, `flag_override_help`, `language_help`, `flag_override_type`, `type`, `flag_override_setting`, `setting`, `flag_override_default`, `default`, `flag_add`, `flag_add_readonly`, `flag_edit`, `flag_edit_readonly`, `flag_search`, `flag_search_readonly`, `flag_datagrid`, `flag_datagrid_readonly`, `flag_index`, `flag_detail`, `created`, `created_by`, `modified`, `modified_by`) VALUES ('CAN-999-999-000-999-1028_CAN-999-999-000-999-1122', 'CAN-999-999-000-999-1028', 'CAN-999-999-000-999-1122', '1', '53', '', '0', '', '0', '', '0', '', '0', '', '0', '', '0', '', '0', '1', '0', '1', '0', '1', '0', '1', '0', '1', '0000-00-00 00:00:00', '', '0000-00-00 00:00:00', '');
INSERT INTO `form_formats` (`id`, `form_id`, `field_id`, `display_column`, `display_order`, `language_heading`, `flag_override_label`, `language_label`, `flag_override_tag`, `language_tag`, `flag_override_help`, `language_help`, `flag_override_type`, `type`, `flag_override_setting`, `setting`, `flag_override_default`, `default`, `flag_add`, `flag_add_readonly`, `flag_edit`, `flag_edit_readonly`, `flag_search`, `flag_search_readonly`, `flag_datagrid`, `flag_datagrid_readonly`, `flag_index`, `flag_detail`, `created`, `created_by`, `modified`, `modified_by`) VALUES ('CAN-999-999-000-999-1028_CAN-999-999-000-999-1123', 'CAN-999-999-000-999-1028', 'CAN-999-999-000-999-1123', '1', '54', '', '0', '', '0', '', '0', '', '0', '', '0', '', '0', '', '0', '1', '0', '1', '0', '1', '0', '1', '0', '1', '0000-00-00 00:00:00', '', '0000-00-00 00:00:00', '');
INSERT INTO `form_formats` (`id`, `form_id`, `field_id`, `display_column`, `display_order`, `language_heading`, `flag_override_label`, `language_label`, `flag_override_tag`, `language_tag`, `flag_override_help`, `language_help`, `flag_override_type`, `type`, `flag_override_setting`, `setting`, `flag_override_default`, `default`, `flag_add`, `flag_add_readonly`, `flag_edit`, `flag_edit_readonly`, `flag_search`, `flag_search_readonly`, `flag_datagrid`, `flag_datagrid_readonly`, `flag_index`, `flag_detail`, `created`, `created_by`, `modified`, `modified_by`) VALUES ('CAN-999-999-000-999-1028_CAN-999-999-000-999-1124', 'CAN-999-999-000-999-1028', 'CAN-999-999-000-999-1124', '1', '55', '', '0', '', '0', '', '0', '', '0', '', '0', '', '0', '', '0', '1', '0', '1', '0', '1', '0', '1', '0', '1', '0000-00-00 00:00:00', '', '0000-00-00 00:00:00', '');
INSERT INTO `form_formats` (`id`, `form_id`, `field_id`, `display_column`, `display_order`, `language_heading`, `flag_override_label`, `language_label`, `flag_override_tag`, `language_tag`, `flag_override_help`, `language_help`, `flag_override_type`, `type`, `flag_override_setting`, `setting`, `flag_override_default`, `default`, `flag_add`, `flag_add_readonly`, `flag_edit`, `flag_edit_readonly`, `flag_search`, `flag_search_readonly`, `flag_datagrid`, `flag_datagrid_readonly`, `flag_index`, `flag_detail`, `created`, `created_by`, `modified`, `modified_by`) VALUES ('CAN-999-999-000-999-1028_CAN-999-999-000-999-1125', 'CAN-999-999-000-999-1028', 'CAN-999-999-000-999-1125', '1', '56', '', '0', '', '0', '', '0', '', '0', '', '0', '', '0', '', '0', '1', '0', '1', '0', '1', '0', '1', '0', '1', '0000-00-00 00:00:00', '', '0000-00-00 00:00:00', '');
INSERT INTO `form_formats` (`id`, `form_id`, `field_id`, `display_column`, `display_order`, `language_heading`, `flag_override_label`, `language_label`, `flag_override_tag`, `language_tag`, `flag_override_help`, `language_help`, `flag_override_type`, `type`, `flag_override_setting`, `setting`, `flag_override_default`, `default`, `flag_add`, `flag_add_readonly`, `flag_edit`, `flag_edit_readonly`, `flag_search`, `flag_search_readonly`, `flag_datagrid`, `flag_datagrid_readonly`, `flag_index`, `flag_detail`, `created`, `created_by`, `modified`, `modified_by`) VALUES ('CAN-999-999-000-999-1028_CAN-999-999-000-999-1126', 'CAN-999-999-000-999-1028', 'CAN-999-999-000-999-1126', '1', '57', '', '0', '', '0', '', '0', '', '0', '', '0', '', '0', '', '0', '1', '0', '1', '0', '1', '0', '1', '0', '1', '0000-00-00 00:00:00', '', '0000-00-00 00:00:00', '');
INSERT INTO `form_formats` (`id`, `form_id`, `field_id`, `display_column`, `display_order`, `language_heading`, `flag_override_label`, `language_label`, `flag_override_tag`, `language_tag`, `flag_override_help`, `language_help`, `flag_override_type`, `type`, `flag_override_setting`, `setting`, `flag_override_default`, `default`, `flag_add`, `flag_add_readonly`, `flag_edit`, `flag_edit_readonly`, `flag_search`, `flag_search_readonly`, `flag_datagrid`, `flag_datagrid_readonly`, `flag_index`, `flag_detail`, `created`, `created_by`, `modified`, `modified_by`) VALUES ('CAN-999-999-000-999-1028_CAN-999-999-000-999-1135', 'CAN-999-999-000-999-1028', 'CAN-999-999-000-999-1135', '1', '31', '', '0', '', '0', '', '0', '', '0', '', '0', '', '0', '', '1', '0', '1', '0', '0', '0', '1', '0', '1', '1', '0000-00-00 00:00:00', '', '0000-00-00 00:00:00', '');
INSERT INTO `form_formats` (`id`, `form_id`, `field_id`, `display_column`, `display_order`, `language_heading`, `flag_override_label`, `language_label`, `flag_override_tag`, `language_tag`, `flag_override_help`, `language_help`, `flag_override_type`, `type`, `flag_override_setting`, `setting`, `flag_override_default`, `default`, `flag_add`, `flag_add_readonly`, `flag_edit`, `flag_edit_readonly`, `flag_search`, `flag_search_readonly`, `flag_datagrid`, `flag_datagrid_readonly`, `flag_index`, `flag_detail`, `created`, `created_by`, `modified`, `modified_by`) VALUES ('CAN-999-999-000-999-1028_CAN-999-999-000-999-1166', 'CAN-999-999-000-999-1028', 'CAN-999-999-000-999-1166', '1', '32', '', '0', '', '0', '', '0', '', '0', '', '0', '', '0', '', '1', '0', '1', '0', '0', '0', '1', '0', '1', '1', '0000-00-00 00:00:00', '', '0000-00-00 00:00:00', '');

-- ------------------------------------------------------------------------
-- alias = ad_spec_tiss_slides
-- ------------------------------------------------------------------------

DELETE FROM `forms` WHERE `alias` = 'ad_spec_tiss_slides';
INSERT INTO `forms` (`id`, `alias`, `language_title`, `language_help`, `flag_add_columns`, `flag_edit_columns`, `flag_search_columns`, `flag_detail_columns`, `created`, `created_by`, `modified`, `modified_by`) VALUES ('CAN-999-999-000-999-1029', 'ad_spec_tiss_slides', '', '', '0', '0', '0', '1', '0000-00-00 00:00:00', '', '0000-00-00 00:00:00', '');

DELETE FROM `form_fields` WHERE `id` = 'CAN-999-999-000-999-1136';
INSERT INTO `form_fields` (`id`, `model`, `field`, `language_label`, `language_tag`, `type`, `setting`, `default`, `language_help`, `created`, `created_by`, `modified`, `modified_by`) VALUES ('CAN-999-999-000-999-1136', 'AliquotDetail', 'immunochemistry', 'immunochemistry code', '', 'input', 'size=30', '', '', '0000-00-00 00:00:00', '', '0000-00-00 00:00:00', '');
DELETE FROM `form_fields` WHERE `id` = 'CAN-999-999-000-999-1137';
INSERT INTO `form_fields` (`id`, `model`, `field`, `language_label`, `language_tag`, `type`, `setting`, `default`, `language_help`, `created`, `created_by`, `modified`, `modified_by`) VALUES ('CAN-999-999-000-999-1137', 'AliquotDetail', 'ad_block_id', 'source block', '', 'select', '', '', '', '0000-00-00 00:00:00', '', '0000-00-00 00:00:00', '');

DELETE FROM `form_formats` WHERE `form_id` = 'CAN-999-999-000-999-1029';
INSERT INTO `form_formats` (`id`, `form_id`, `field_id`, `display_column`, `display_order`, `language_heading`, `flag_override_label`, `language_label`, `flag_override_tag`, `language_tag`, `flag_override_help`, `language_help`, `flag_override_type`, `type`, `flag_override_setting`, `setting`, `flag_override_default`, `default`, `flag_add`, `flag_add_readonly`, `flag_edit`, `flag_edit_readonly`, `flag_search`, `flag_search_readonly`, `flag_datagrid`, `flag_datagrid_readonly`, `flag_index`, `flag_detail`, `created`, `created_by`, `modified`, `modified_by`) VALUES ('CAN-999-999-000-999-1029_CAN-999-999-000-999-1119', 'CAN-999-999-000-999-1029', 'CAN-999-999-000-999-1119', '0', '1', '', '0', '', '0', '', '0', '', '0', '', '0', '', '0', '', '0', '0', '0', '0', '0', '0', '1', '0', '0', '0', '0000-00-00 00:00:00', '', '0000-00-00 00:00:00', '');
INSERT INTO `form_formats` (`id`, `form_id`, `field_id`, `display_column`, `display_order`, `language_heading`, `flag_override_label`, `language_label`, `flag_override_tag`, `language_tag`, `flag_override_help`, `language_help`, `flag_override_type`, `type`, `flag_override_setting`, `setting`, `flag_override_default`, `default`, `flag_add`, `flag_add_readonly`, `flag_edit`, `flag_edit_readonly`, `flag_search`, `flag_search_readonly`, `flag_datagrid`, `flag_datagrid_readonly`, `flag_index`, `flag_detail`, `created`, `created_by`, `modified`, `modified_by`) VALUES ('CAN-999-999-000-999-1029_CAN-999-999-000-999-1115', 'CAN-999-999-000-999-1029', 'CAN-999-999-000-999-1115', '0', '0', '', '0', '', '0', '', '0', '', '0', '', '0', '', '0', '', '0', '0', '0', '0', '0', '0', '1', '0', '0', '0', '0000-00-00 00:00:00', '', '0000-00-00 00:00:00', '');
INSERT INTO `form_formats` (`id`, `form_id`, `field_id`, `display_column`, `display_order`, `language_heading`, `flag_override_label`, `language_label`, `flag_override_tag`, `language_tag`, `flag_override_help`, `language_help`, `flag_override_type`, `type`, `flag_override_setting`, `setting`, `flag_override_default`, `default`, `flag_add`, `flag_add_readonly`, `flag_edit`, `flag_edit_readonly`, `flag_search`, `flag_search_readonly`, `flag_datagrid`, `flag_datagrid_readonly`, `flag_index`, `flag_detail`, `created`, `created_by`, `modified`, `modified_by`) VALUES ('CAN-999-999-000-999-1029_CAN-999-999-000-999-1116', 'CAN-999-999-000-999-1029', 'CAN-999-999-000-999-1116', '0', '0', '', '0', '', '0', '', '0', '', '0', '', '0', '', '0', '', '0', '0', '0', '0', '0', '0', '1', '0', '0', '0', '0000-00-00 00:00:00', '', '0000-00-00 00:00:00', '');
INSERT INTO `form_formats` (`id`, `form_id`, `field_id`, `display_column`, `display_order`, `language_heading`, `flag_override_label`, `language_label`, `flag_override_tag`, `language_tag`, `flag_override_help`, `language_help`, `flag_override_type`, `type`, `flag_override_setting`, `setting`, `flag_override_default`, `default`, `flag_add`, `flag_add_readonly`, `flag_edit`, `flag_edit_readonly`, `flag_search`, `flag_search_readonly`, `flag_datagrid`, `flag_datagrid_readonly`, `flag_index`, `flag_detail`, `created`, `created_by`, `modified`, `modified_by`) VALUES ('CAN-999-999-000-999-1029_CAN-999-999-000-999-1113', 'CAN-999-999-000-999-1029', 'CAN-999-999-000-999-1113', '0', '0', '', '0', '', '0', '', '0', '', '0', '', '0', '', '0', '', '0', '0', '0', '0', '0', '0', '1', '0', '0', '0', '0000-00-00 00:00:00', '', '0000-00-00 00:00:00', '');
INSERT INTO `form_formats` (`id`, `form_id`, `field_id`, `display_column`, `display_order`, `language_heading`, `flag_override_label`, `language_label`, `flag_override_tag`, `language_tag`, `flag_override_help`, `language_help`, `flag_override_type`, `type`, `flag_override_setting`, `setting`, `flag_override_default`, `default`, `flag_add`, `flag_add_readonly`, `flag_edit`, `flag_edit_readonly`, `flag_search`, `flag_search_readonly`, `flag_datagrid`, `flag_datagrid_readonly`, `flag_index`, `flag_detail`, `created`, `created_by`, `modified`, `modified_by`) VALUES ('CAN-999-999-000-999-1029_CAN-999-999-000-999-1114', 'CAN-999-999-000-999-1029', 'CAN-999-999-000-999-1114', '0', '0', '', '0', '', '0', '', '0', '', '0', '', '0', '', '0', '', '0', '0', '0', '0', '0', '0', '1', '0', '0', '0', '0000-00-00 00:00:00', '', '0000-00-00 00:00:00', '');
INSERT INTO `form_formats` (`id`, `form_id`, `field_id`, `display_column`, `display_order`, `language_heading`, `flag_override_label`, `language_label`, `flag_override_tag`, `language_tag`, `flag_override_help`, `language_help`, `flag_override_type`, `type`, `flag_override_setting`, `setting`, `flag_override_default`, `default`, `flag_add`, `flag_add_readonly`, `flag_edit`, `flag_edit_readonly`, `flag_search`, `flag_search_readonly`, `flag_datagrid`, `flag_datagrid_readonly`, `flag_index`, `flag_detail`, `created`, `created_by`, `modified`, `modified_by`) VALUES ('CAN-999-999-000-999-1029_CAN-999-999-000-999-1100', 'CAN-999-999-000-999-1029', 'CAN-999-999-000-999-1100', '0', '2', '', '0', '', '0', '', '0', '', '0', '', '0', '', '0', '', '1', '0', '0', '0', '0', '0', '1', '0', '0', '0', '0000-00-00 00:00:00', '', '0000-00-00 00:00:00', '');
INSERT INTO `form_formats` (`id`, `form_id`, `field_id`, `display_column`, `display_order`, `language_heading`, `flag_override_label`, `language_label`, `flag_override_tag`, `language_tag`, `flag_override_help`, `language_help`, `flag_override_type`, `type`, `flag_override_setting`, `setting`, `flag_override_default`, `default`, `flag_add`, `flag_add_readonly`, `flag_edit`, `flag_edit_readonly`, `flag_search`, `flag_search_readonly`, `flag_datagrid`, `flag_datagrid_readonly`, `flag_index`, `flag_detail`, `created`, `created_by`, `modified`, `modified_by`) VALUES ('CAN-999-999-000-999-1029_CAN-999-999-000-999-1101', 'CAN-999-999-000-999-1029', 'CAN-999-999-000-999-1101', '0', '2', '', '0', '', '0', '', '0', '', '0', '', '0', '', '0', '', '0', '1', '1', '1', '1', '1', '0', '1', '1', '1', '0000-00-00 00:00:00', '', '0000-00-00 00:00:00', '');
INSERT INTO `form_formats` (`id`, `form_id`, `field_id`, `display_column`, `display_order`, `language_heading`, `flag_override_label`, `language_label`, `flag_override_tag`, `language_tag`, `flag_override_help`, `language_help`, `flag_override_type`, `type`, `flag_override_setting`, `setting`, `flag_override_default`, `default`, `flag_add`, `flag_add_readonly`, `flag_edit`, `flag_edit_readonly`, `flag_search`, `flag_search_readonly`, `flag_datagrid`, `flag_datagrid_readonly`, `flag_index`, `flag_detail`, `created`, `created_by`, `modified`, `modified_by`) VALUES ('CAN-999-999-000-999-1029_CAN-999-999-000-999-1118', 'CAN-999-999-000-999-1029', 'CAN-999-999-000-999-1118', '0', '2', '', '0', '', '0', '', '0', '', '0', '', '0', '', '0', '', '1', '0', '1', '0', '0', '0', '1', '0', '1', '1', '0000-00-00 00:00:00', '', '0000-00-00 00:00:00', '');
INSERT INTO `form_formats` (`id`, `form_id`, `field_id`, `display_column`, `display_order`, `language_heading`, `flag_override_label`, `language_label`, `flag_override_tag`, `language_tag`, `flag_override_help`, `language_help`, `flag_override_type`, `type`, `flag_override_setting`, `setting`, `flag_override_default`, `default`, `flag_add`, `flag_add_readonly`, `flag_edit`, `flag_edit_readonly`, `flag_search`, `flag_search_readonly`, `flag_datagrid`, `flag_datagrid_readonly`, `flag_index`, `flag_detail`, `created`, `created_by`, `modified`, `modified_by`) VALUES ('CAN-999-999-000-999-1029_CAN-999-999-000-999-1102', 'CAN-999-999-000-999-1029', 'CAN-999-999-000-999-1102', '0', '5', '', '0', '', '0', '', '0', '', '0', '', '0', '', '0', '', '1', '1', '1', '1', '0', '1', '1', '1', '1', '1', '0000-00-00 00:00:00', '', '0000-00-00 00:00:00', '');
INSERT INTO `form_formats` (`id`, `form_id`, `field_id`, `display_column`, `display_order`, `language_heading`, `flag_override_label`, `language_label`, `flag_override_tag`, `language_tag`, `flag_override_help`, `language_help`, `flag_override_type`, `type`, `flag_override_setting`, `setting`, `flag_override_default`, `default`, `flag_add`, `flag_add_readonly`, `flag_edit`, `flag_edit_readonly`, `flag_search`, `flag_search_readonly`, `flag_datagrid`, `flag_datagrid_readonly`, `flag_index`, `flag_detail`, `created`, `created_by`, `modified`, `modified_by`) VALUES ('CAN-999-999-000-999-1029_CAN-999-999-000-999-1103', 'CAN-999-999-000-999-1029', 'CAN-999-999-000-999-1103', '0', '6', '', '0', '', '0', '', '0', '', '0', '', '0', '', '0', '', '1', '0', '1', '0', '0', '0', '1', '0', '1', '1', '0000-00-00 00:00:00', '', '0000-00-00 00:00:00', '');
INSERT INTO `form_formats` (`id`, `form_id`, `field_id`, `display_column`, `display_order`, `language_heading`, `flag_override_label`, `language_label`, `flag_override_tag`, `language_tag`, `flag_override_help`, `language_help`, `flag_override_type`, `type`, `flag_override_setting`, `setting`, `flag_override_default`, `default`, `flag_add`, `flag_add_readonly`, `flag_edit`, `flag_edit_readonly`, `flag_search`, `flag_search_readonly`, `flag_datagrid`, `flag_datagrid_readonly`, `flag_index`, `flag_detail`, `created`, `created_by`, `modified`, `modified_by`) VALUES ('CAN-999-999-000-999-1029_CAN-999-999-000-999-1104', 'CAN-999-999-000-999-1029', 'CAN-999-999-000-999-1104', '0', '7', '', '0', '', '0', '', '0', '', '0', '', '0', '', '0', '', '1', '0', '1', '0', '0', '0', '1', '0', '1', '1', '0000-00-00 00:00:00', '', '0000-00-00 00:00:00', '');
INSERT INTO `form_formats` (`id`, `form_id`, `field_id`, `display_column`, `display_order`, `language_heading`, `flag_override_label`, `language_label`, `flag_override_tag`, `language_tag`, `flag_override_help`, `language_help`, `flag_override_type`, `type`, `flag_override_setting`, `setting`, `flag_override_default`, `default`, `flag_add`, `flag_add_readonly`, `flag_edit`, `flag_edit_readonly`, `flag_search`, `flag_search_readonly`, `flag_datagrid`, `flag_datagrid_readonly`, `flag_index`, `flag_detail`, `created`, `created_by`, `modified`, `modified_by`) VALUES ('CAN-999-999-000-999-1029_CAN-999-999-000-999-1259', 'CAN-999-999-000-999-1029', 'CAN-999-999-000-999-1259', '0', '7', '', '0', '', '0', '', '0', '', '0', '', '0', '', '0', '', '1', '0', '1', '0', '0', '0', '1', '0', '1', '1', '0000-00-00 00:00:00', '', '0000-00-00 00:00:00', '');
INSERT INTO `form_formats` (`id`, `form_id`, `field_id`, `display_column`, `display_order`, `language_heading`, `flag_override_label`, `language_label`, `flag_override_tag`, `language_tag`, `flag_override_help`, `language_help`, `flag_override_type`, `type`, `flag_override_setting`, `setting`, `flag_override_default`, `default`, `flag_add`, `flag_add_readonly`, `flag_edit`, `flag_edit_readonly`, `flag_search`, `flag_search_readonly`, `flag_datagrid`, `flag_datagrid_readonly`, `flag_index`, `flag_detail`, `created`, `created_by`, `modified`, `modified_by`) VALUES ('CAN-999-999-000-999-1029_CAN-999-999-000-999-1105', 'CAN-999-999-000-999-1029', 'CAN-999-999-000-999-1105', '0', '8', '', '0', '', '0', '', '0', '', '0', '', '0', '', '0', '', '0', '1', '0', '1', '0', '1', '0', '1', '1', '1', '0000-00-00 00:00:00', '', '0000-00-00 00:00:00', '');
INSERT INTO `form_formats` (`id`, `form_id`, `field_id`, `display_column`, `display_order`, `language_heading`, `flag_override_label`, `language_label`, `flag_override_tag`, `language_tag`, `flag_override_help`, `language_help`, `flag_override_type`, `type`, `flag_override_setting`, `setting`, `flag_override_default`, `default`, `flag_add`, `flag_add_readonly`, `flag_edit`, `flag_edit_readonly`, `flag_search`, `flag_search_readonly`, `flag_datagrid`, `flag_datagrid_readonly`, `flag_index`, `flag_detail`, `created`, `created_by`, `modified`, `modified_by`) VALUES ('CAN-999-999-000-999-1029_CAN-999-999-000-999-1216', 'CAN-999-999-000-999-1029', 'CAN-999-999-000-999-1216', '0', '9', '', '0', '', '0', '', '0', '', '0', '', '0', '', '0', '', '1', '0', '1', '0', '0', '0', '1', '0', '0', '0', '0000-00-00 00:00:00', '', '0000-00-00 00:00:00', '');
INSERT INTO `form_formats` (`id`, `form_id`, `field_id`, `display_column`, `display_order`, `language_heading`, `flag_override_label`, `language_label`, `flag_override_tag`, `language_tag`, `flag_override_help`, `language_help`, `flag_override_type`, `type`, `flag_override_setting`, `setting`, `flag_override_default`, `default`, `flag_add`, `flag_add_readonly`, `flag_edit`, `flag_edit_readonly`, `flag_search`, `flag_search_readonly`, `flag_datagrid`, `flag_datagrid_readonly`, `flag_index`, `flag_detail`, `created`, `created_by`, `modified`, `modified_by`) VALUES ('CAN-999-999-000-999-1029_CAN-999-999-000-999-1106', 'CAN-999-999-000-999-1029', 'CAN-999-999-000-999-1106', '0', '10', '', '0', '', '0', '', '0', '', '0', '', '0', '', '0', '', '1', '0', '1', '0', '0', '0', '1', '0', '0', '0', '0000-00-00 00:00:00', '', '0000-00-00 00:00:00', '');
INSERT INTO `form_formats` (`id`, `form_id`, `field_id`, `display_column`, `display_order`, `language_heading`, `flag_override_label`, `language_label`, `flag_override_tag`, `language_tag`, `flag_override_help`, `language_help`, `flag_override_type`, `type`, `flag_override_setting`, `setting`, `flag_override_default`, `default`, `flag_add`, `flag_add_readonly`, `flag_edit`, `flag_edit_readonly`, `flag_search`, `flag_search_readonly`, `flag_datagrid`, `flag_datagrid_readonly`, `flag_index`, `flag_detail`, `created`, `created_by`, `modified`, `modified_by`) VALUES ('CAN-999-999-000-999-1029_CAN-999-999-000-999-1217', 'CAN-999-999-000-999-1029', 'CAN-999-999-000-999-1217', '0', '10', '', '0', '', '0', '', '0', '', '0', '', '0', '', '0', '', '0', '0', '0', '0', '0', '0', '0', '0', '1', '1', '0000-00-00 00:00:00', '', '0000-00-00 00:00:00', '');
INSERT INTO `form_formats` (`id`, `form_id`, `field_id`, `display_column`, `display_order`, `language_heading`, `flag_override_label`, `language_label`, `flag_override_tag`, `language_tag`, `flag_override_help`, `language_help`, `flag_override_type`, `type`, `flag_override_setting`, `setting`, `flag_override_default`, `default`, `flag_add`, `flag_add_readonly`, `flag_edit`, `flag_edit_readonly`, `flag_search`, `flag_search_readonly`, `flag_datagrid`, `flag_datagrid_readonly`, `flag_index`, `flag_detail`, `created`, `created_by`, `modified`, `modified_by`) VALUES ('CAN-999-999-000-999-1029_CAN-999-999-000-999-1117', 'CAN-999-999-000-999-1029', 'CAN-999-999-000-999-1117', '0', '11', '', '0', '', '0', '', '0', '', '0', '', '0', '', '0', '', '0', '0', '0', '0', '0', '0', '0', '0', '1', '1', '0000-00-00 00:00:00', '', '0000-00-00 00:00:00', '');
INSERT INTO `form_formats` (`id`, `form_id`, `field_id`, `display_column`, `display_order`, `language_heading`, `flag_override_label`, `language_label`, `flag_override_tag`, `language_tag`, `flag_override_help`, `language_help`, `flag_override_type`, `type`, `flag_override_setting`, `setting`, `flag_override_default`, `default`, `flag_add`, `flag_add_readonly`, `flag_edit`, `flag_edit_readonly`, `flag_search`, `flag_search_readonly`, `flag_datagrid`, `flag_datagrid_readonly`, `flag_index`, `flag_detail`, `created`, `created_by`, `modified`, `modified_by`) VALUES ('CAN-999-999-000-999-1029_CAN-999-999-000-999-1107', 'CAN-999-999-000-999-1029', 'CAN-999-999-000-999-1107', '0', '12', '', '0', '', '0', '', '0', '', '0', '', '0', '', '0', '', '1', '0', '1', '0', '0', '0', '1', '0', '1', '1', '0000-00-00 00:00:00', '', '0000-00-00 00:00:00', '');
INSERT INTO `form_formats` (`id`, `form_id`, `field_id`, `display_column`, `display_order`, `language_heading`, `flag_override_label`, `language_label`, `flag_override_tag`, `language_tag`, `flag_override_help`, `language_help`, `flag_override_type`, `type`, `flag_override_setting`, `setting`, `flag_override_default`, `default`, `flag_add`, `flag_add_readonly`, `flag_edit`, `flag_edit_readonly`, `flag_search`, `flag_search_readonly`, `flag_datagrid`, `flag_datagrid_readonly`, `flag_index`, `flag_detail`, `created`, `created_by`, `modified`, `modified_by`) VALUES ('CAN-999-999-000-999-1029_CAN-999-999-000-999-1108', 'CAN-999-999-000-999-1029', 'CAN-999-999-000-999-1108', '0', '14', '', '0', '', '0', '', '0', '', '0', '', '0', '', '0', '', '1', '0', '1', '0', '0', '0', '1', '0', '1', '1', '0000-00-00 00:00:00', '', '0000-00-00 00:00:00', '');
INSERT INTO `form_formats` (`id`, `form_id`, `field_id`, `display_column`, `display_order`, `language_heading`, `flag_override_label`, `language_label`, `flag_override_tag`, `language_tag`, `flag_override_help`, `language_help`, `flag_override_type`, `type`, `flag_override_setting`, `setting`, `flag_override_default`, `default`, `flag_add`, `flag_add_readonly`, `flag_edit`, `flag_edit_readonly`, `flag_search`, `flag_search_readonly`, `flag_datagrid`, `flag_datagrid_readonly`, `flag_index`, `flag_detail`, `created`, `created_by`, `modified`, `modified_by`) VALUES ('CAN-999-999-000-999-1029_CAN-999-999-000-999-1110', 'CAN-999-999-000-999-1029', 'CAN-999-999-000-999-1110', '0', '16', '', '0', '', '0', '', '0', '', '0', '', '0', '', '0', '', '0', '0', '0', '0', '0', '0', '0', '0', '1', '1', '0000-00-00 00:00:00', '', '0000-00-00 00:00:00', '');
INSERT INTO `form_formats` (`id`, `form_id`, `field_id`, `display_column`, `display_order`, `language_heading`, `flag_override_label`, `language_label`, `flag_override_tag`, `language_tag`, `flag_override_help`, `language_help`, `flag_override_type`, `type`, `flag_override_setting`, `setting`, `flag_override_default`, `default`, `flag_add`, `flag_add_readonly`, `flag_edit`, `flag_edit_readonly`, `flag_search`, `flag_search_readonly`, `flag_datagrid`, `flag_datagrid_readonly`, `flag_index`, `flag_detail`, `created`, `created_by`, `modified`, `modified_by`) VALUES ('CAN-999-999-000-999-1029_CAN-999-999-000-999-1194', 'CAN-999-999-000-999-1029', 'CAN-999-999-000-999-1194', '0', '17', '', '0', '', '0', '', '0', '', '0', '', '0', '', '0', '', '0', '0', '0', '0', '0', '0', '0', '0', '1', '1', '0000-00-00 00:00:00', '', '0000-00-00 00:00:00', '');
INSERT INTO `form_formats` (`id`, `form_id`, `field_id`, `display_column`, `display_order`, `language_heading`, `flag_override_label`, `language_label`, `flag_override_tag`, `language_tag`, `flag_override_help`, `language_help`, `flag_override_type`, `type`, `flag_override_setting`, `setting`, `flag_override_default`, `default`, `flag_add`, `flag_add_readonly`, `flag_edit`, `flag_edit_readonly`, `flag_search`, `flag_search_readonly`, `flag_datagrid`, `flag_datagrid_readonly`, `flag_index`, `flag_detail`, `created`, `created_by`, `modified`, `modified_by`) VALUES ('CAN-999-999-000-999-1029_CAN-999-999-000-999-1109', 'CAN-999-999-000-999-1029', 'CAN-999-999-000-999-1109', '0', '15', '', '0', '', '0', '', '0', '', '0', '', '0', '', '0', '', '1', '0', '1', '0', '0', '0', '1', '0', '1', '1', '0000-00-00 00:00:00', '', '0000-00-00 00:00:00', '');
INSERT INTO `form_formats` (`id`, `form_id`, `field_id`, `display_column`, `display_order`, `language_heading`, `flag_override_label`, `language_label`, `flag_override_tag`, `language_tag`, `flag_override_help`, `language_help`, `flag_override_type`, `type`, `flag_override_setting`, `setting`, `flag_override_default`, `default`, `flag_add`, `flag_add_readonly`, `flag_edit`, `flag_edit_readonly`, `flag_search`, `flag_search_readonly`, `flag_datagrid`, `flag_datagrid_readonly`, `flag_index`, `flag_detail`, `created`, `created_by`, `modified`, `modified_by`) VALUES ('CAN-999-999-000-999-1029_CAN-999-999-000-999-1165', 'CAN-999-999-000-999-1029', 'CAN-999-999-000-999-1165', '0', '19', '', '0', '', '0', '', '0', '', '0', '', '0', '', '0', '', '1', '0', '1', '0', '0', '0', '0', '0', '0', '1', '0000-00-00 00:00:00', '', '0000-00-00 00:00:00', '');
INSERT INTO `form_formats` (`id`, `form_id`, `field_id`, `display_column`, `display_order`, `language_heading`, `flag_override_label`, `language_label`, `flag_override_tag`, `language_tag`, `flag_override_help`, `language_help`, `flag_override_type`, `type`, `flag_override_setting`, `setting`, `flag_override_default`, `default`, `flag_add`, `flag_add_readonly`, `flag_edit`, `flag_edit_readonly`, `flag_search`, `flag_search_readonly`, `flag_datagrid`, `flag_datagrid_readonly`, `flag_index`, `flag_detail`, `created`, `created_by`, `modified`, `modified_by`) VALUES ('CAN-999-999-000-999-1029_CAN-999-999-000-999-1112', 'CAN-999-999-000-999-1029', 'CAN-999-999-000-999-1112', '0', '20', '', '0', '', '0', '', '0', '', '0', '', '0', '', '0', '', '1', '0', '1', '0', '0', '0', '0', '0', '1', '1', '0000-00-00 00:00:00', '', '0000-00-00 00:00:00', '');
INSERT INTO `form_formats` (`id`, `form_id`, `field_id`, `display_column`, `display_order`, `language_heading`, `flag_override_label`, `language_label`, `flag_override_tag`, `language_tag`, `flag_override_help`, `language_help`, `flag_override_type`, `type`, `flag_override_setting`, `setting`, `flag_override_default`, `default`, `flag_add`, `flag_add_readonly`, `flag_edit`, `flag_edit_readonly`, `flag_search`, `flag_search_readonly`, `flag_datagrid`, `flag_datagrid_readonly`, `flag_index`, `flag_detail`, `created`, `created_by`, `modified`, `modified_by`) VALUES ('CAN-999-999-000-999-1029_CAN-999-999-000-999-1136', 'CAN-999-999-000-999-1029', 'CAN-999-999-000-999-1136', '1', '31', '', '0', '', '0', '', '0', '', '0', '', '0', '', '0', '', '1', '0', '1', '0', '0', '0', '1', '0', '1', '1', '0000-00-00 00:00:00', '', '0000-00-00 00:00:00', '');
INSERT INTO `form_formats` (`id`, `form_id`, `field_id`, `display_column`, `display_order`, `language_heading`, `flag_override_label`, `language_label`, `flag_override_tag`, `language_tag`, `flag_override_help`, `language_help`, `flag_override_type`, `type`, `flag_override_setting`, `setting`, `flag_override_default`, `default`, `flag_add`, `flag_add_readonly`, `flag_edit`, `flag_edit_readonly`, `flag_search`, `flag_search_readonly`, `flag_datagrid`, `flag_datagrid_readonly`, `flag_index`, `flag_detail`, `created`, `created_by`, `modified`, `modified_by`) VALUES ('CAN-999-999-000-999-1029_CAN-999-999-000-999-1137', 'CAN-999-999-000-999-1029', 'CAN-999-999-000-999-1137', '1', '32', '', '0', '', '0', '', '0', '', '0', '', '0', '', '0', '', '1', '0', '1', '0', '0', '0', '1', '0', '1', '1', '0000-00-00 00:00:00', '', '0000-00-00 00:00:00', '');

-- ------------------------------------------------------------------------
-- alias = ad_spec_whatman_papers
-- ------------------------------------------------------------------------

DELETE FROM `forms` WHERE `alias` = 'ad_spec_whatman_papers';
INSERT INTO `forms` (`id`, `alias`, `language_title`, `language_help`, `flag_add_columns`, `flag_edit_columns`, `flag_search_columns`, `flag_detail_columns`, `created`, `created_by`, `modified`, `modified_by`) VALUES ('CAN-999-999-000-999-1030', 'ad_spec_whatman_papers', '', '', '0', '0', '0', '1', '0000-00-00 00:00:00', '', '0000-00-00 00:00:00', '');

DELETE FROM `form_fields` WHERE `id` = 'CAN-999-999-000-999-1138';
INSERT INTO `form_fields` (`id`, `model`, `field`, `language_label`, `language_tag`, `type`, `setting`, `default`, `language_help`, `created`, `created_by`, `modified`, `modified_by`) VALUES ('CAN-999-999-000-999-1138', 'AliquotDetail', 'used_blood_volume', 'used blood volume', '', 'input', 'size=10', '', '', '0000-00-00 00:00:00', '', '0000-00-00 00:00:00', '');
DELETE FROM `form_fields` WHERE `id` = 'CAN-999-999-000-999-1164';
INSERT INTO `form_fields` (`id`, `model`, `field`, `language_label`, `language_tag`, `type`, `setting`, `default`, `language_help`, `created`, `created_by`, `modified`, `modified_by`) VALUES ('CAN-999-999-000-999-1164', 'AliquotDetail', 'used_blood_volume_unit', '', '', 'select', '', '', '', '0000-00-00 00:00:00', '', '0000-00-00 00:00:00', '');

DELETE FROM `form_validations` WHERE `form_field_id` = 'CAN-999-999-000-999-1138';
INSERT INTO `form_validations` (`id`, `form_field_id`, `expression`, `message`, `created`, `created_by`, `modified`, `modifed_by`) VALUES (NULL, 'CAN-999-999-000-999-1138', '/^\\b[0-9]*\\.?[0-9]+\\b/', 'used volume should be a positif decimal', '0000-00-00 00:00:00', '', '0000-00-00 00:00:00', '');

DELETE FROM `form_fields_global_lookups` WHERE `field_id` IN ('CAN-999-999-000-999-1164');
INSERT INTO `form_fields_global_lookups` ( `field_id` , `lookup_id`)
VALUES 
('CAN-999-999-000-999-1164', (SELECT `id` FROM `global_lookups` WHERE `alias` LIKE 'aliquot_volume_unit' AND `value` like 'ml')), 
('CAN-999-999-000-999-1164', (SELECT `id` FROM `global_lookups` WHERE `alias` LIKE 'aliquot_volume_unit' AND `value` like 'ul')); 

DELETE FROM `form_formats` WHERE `form_id` = 'CAN-999-999-000-999-1030';
INSERT INTO `form_formats` (`id`, `form_id`, `field_id`, `display_column`, `display_order`, `language_heading`, `flag_override_label`, `language_label`, `flag_override_tag`, `language_tag`, `flag_override_help`, `language_help`, `flag_override_type`, `type`, `flag_override_setting`, `setting`, `flag_override_default`, `default`, `flag_add`, `flag_add_readonly`, `flag_edit`, `flag_edit_readonly`, `flag_search`, `flag_search_readonly`, `flag_datagrid`, `flag_datagrid_readonly`, `flag_index`, `flag_detail`, `created`, `created_by`, `modified`, `modified_by`) VALUES ('CAN-999-999-000-999-1030_CAN-999-999-000-999-1119', 'CAN-999-999-000-999-1030', 'CAN-999-999-000-999-1119', '0', '1', '', '0', '', '0', '', '0', '', '0', '', '0', '', '0', '', '0', '0', '0', '0', '0', '0', '1', '0', '0', '0', '0000-00-00 00:00:00', '', '0000-00-00 00:00:00', '');
INSERT INTO `form_formats` (`id`, `form_id`, `field_id`, `display_column`, `display_order`, `language_heading`, `flag_override_label`, `language_label`, `flag_override_tag`, `language_tag`, `flag_override_help`, `language_help`, `flag_override_type`, `type`, `flag_override_setting`, `setting`, `flag_override_default`, `default`, `flag_add`, `flag_add_readonly`, `flag_edit`, `flag_edit_readonly`, `flag_search`, `flag_search_readonly`, `flag_datagrid`, `flag_datagrid_readonly`, `flag_index`, `flag_detail`, `created`, `created_by`, `modified`, `modified_by`) VALUES ('CAN-999-999-000-999-1030_CAN-999-999-000-999-1115', 'CAN-999-999-000-999-1030', 'CAN-999-999-000-999-1115', '0', '0', '', '0', '', '0', '', '0', '', '0', '', '0', '', '0', '', '0', '0', '0', '0', '0', '0', '1', '0', '0', '0', '0000-00-00 00:00:00', '', '0000-00-00 00:00:00', '');
INSERT INTO `form_formats` (`id`, `form_id`, `field_id`, `display_column`, `display_order`, `language_heading`, `flag_override_label`, `language_label`, `flag_override_tag`, `language_tag`, `flag_override_help`, `language_help`, `flag_override_type`, `type`, `flag_override_setting`, `setting`, `flag_override_default`, `default`, `flag_add`, `flag_add_readonly`, `flag_edit`, `flag_edit_readonly`, `flag_search`, `flag_search_readonly`, `flag_datagrid`, `flag_datagrid_readonly`, `flag_index`, `flag_detail`, `created`, `created_by`, `modified`, `modified_by`) VALUES ('CAN-999-999-000-999-1030_CAN-999-999-000-999-1116', 'CAN-999-999-000-999-1030', 'CAN-999-999-000-999-1116', '0', '0', '', '0', '', '0', '', '0', '', '0', '', '0', '', '0', '', '0', '0', '0', '0', '0', '0', '1', '0', '0', '0', '0000-00-00 00:00:00', '', '0000-00-00 00:00:00', '');
INSERT INTO `form_formats` (`id`, `form_id`, `field_id`, `display_column`, `display_order`, `language_heading`, `flag_override_label`, `language_label`, `flag_override_tag`, `language_tag`, `flag_override_help`, `language_help`, `flag_override_type`, `type`, `flag_override_setting`, `setting`, `flag_override_default`, `default`, `flag_add`, `flag_add_readonly`, `flag_edit`, `flag_edit_readonly`, `flag_search`, `flag_search_readonly`, `flag_datagrid`, `flag_datagrid_readonly`, `flag_index`, `flag_detail`, `created`, `created_by`, `modified`, `modified_by`) VALUES ('CAN-999-999-000-999-1030_CAN-999-999-000-999-1113', 'CAN-999-999-000-999-1030', 'CAN-999-999-000-999-1113', '0', '0', '', '0', '', '0', '', '0', '', '0', '', '0', '', '0', '', '0', '0', '0', '0', '0', '0', '1', '0', '0', '0', '0000-00-00 00:00:00', '', '0000-00-00 00:00:00', '');
INSERT INTO `form_formats` (`id`, `form_id`, `field_id`, `display_column`, `display_order`, `language_heading`, `flag_override_label`, `language_label`, `flag_override_tag`, `language_tag`, `flag_override_help`, `language_help`, `flag_override_type`, `type`, `flag_override_setting`, `setting`, `flag_override_default`, `default`, `flag_add`, `flag_add_readonly`, `flag_edit`, `flag_edit_readonly`, `flag_search`, `flag_search_readonly`, `flag_datagrid`, `flag_datagrid_readonly`, `flag_index`, `flag_detail`, `created`, `created_by`, `modified`, `modified_by`) VALUES ('CAN-999-999-000-999-1030_CAN-999-999-000-999-1114', 'CAN-999-999-000-999-1030', 'CAN-999-999-000-999-1114', '0', '0', '', '0', '', '0', '', '0', '', '0', '', '0', '', '0', '', '0', '0', '0', '0', '0', '0', '1', '0', '0', '0', '0000-00-00 00:00:00', '', '0000-00-00 00:00:00', '');
INSERT INTO `form_formats` (`id`, `form_id`, `field_id`, `display_column`, `display_order`, `language_heading`, `flag_override_label`, `language_label`, `flag_override_tag`, `language_tag`, `flag_override_help`, `language_help`, `flag_override_type`, `type`, `flag_override_setting`, `setting`, `flag_override_default`, `default`, `flag_add`, `flag_add_readonly`, `flag_edit`, `flag_edit_readonly`, `flag_search`, `flag_search_readonly`, `flag_datagrid`, `flag_datagrid_readonly`, `flag_index`, `flag_detail`, `created`, `created_by`, `modified`, `modified_by`) VALUES ('CAN-999-999-000-999-1030_CAN-999-999-000-999-1100', 'CAN-999-999-000-999-1030', 'CAN-999-999-000-999-1100', '0', '2', '', '0', '', '0', '', '0', '', '0', '', '0', '', '0', '', '1', '0', '0', '0', '0', '0', '1', '0', '0', '0', '0000-00-00 00:00:00', '', '0000-00-00 00:00:00', '');
INSERT INTO `form_formats` (`id`, `form_id`, `field_id`, `display_column`, `display_order`, `language_heading`, `flag_override_label`, `language_label`, `flag_override_tag`, `language_tag`, `flag_override_help`, `language_help`, `flag_override_type`, `type`, `flag_override_setting`, `setting`, `flag_override_default`, `default`, `flag_add`, `flag_add_readonly`, `flag_edit`, `flag_edit_readonly`, `flag_search`, `flag_search_readonly`, `flag_datagrid`, `flag_datagrid_readonly`, `flag_index`, `flag_detail`, `created`, `created_by`, `modified`, `modified_by`) VALUES ('CAN-999-999-000-999-1030_CAN-999-999-000-999-1101', 'CAN-999-999-000-999-1030', 'CAN-999-999-000-999-1101', '0', '2', '', '0', '', '0', '', '0', '', '0', '', '0', '', '0', '', '0', '1', '1', '1', '1', '1', '0', '1', '1', '1', '0000-00-00 00:00:00', '', '0000-00-00 00:00:00', '');
INSERT INTO `form_formats` (`id`, `form_id`, `field_id`, `display_column`, `display_order`, `language_heading`, `flag_override_label`, `language_label`, `flag_override_tag`, `language_tag`, `flag_override_help`, `language_help`, `flag_override_type`, `type`, `flag_override_setting`, `setting`, `flag_override_default`, `default`, `flag_add`, `flag_add_readonly`, `flag_edit`, `flag_edit_readonly`, `flag_search`, `flag_search_readonly`, `flag_datagrid`, `flag_datagrid_readonly`, `flag_index`, `flag_detail`, `created`, `created_by`, `modified`, `modified_by`) VALUES ('CAN-999-999-000-999-1030_CAN-999-999-000-999-1118', 'CAN-999-999-000-999-1030', 'CAN-999-999-000-999-1118', '0', '2', '', '0', '', '0', '', '0', '', '0', '', '0', '', '0', '', '1', '0', '1', '0', '0', '0', '1', '0', '1', '1', '0000-00-00 00:00:00', '', '0000-00-00 00:00:00', '');
INSERT INTO `form_formats` (`id`, `form_id`, `field_id`, `display_column`, `display_order`, `language_heading`, `flag_override_label`, `language_label`, `flag_override_tag`, `language_tag`, `flag_override_help`, `language_help`, `flag_override_type`, `type`, `flag_override_setting`, `setting`, `flag_override_default`, `default`, `flag_add`, `flag_add_readonly`, `flag_edit`, `flag_edit_readonly`, `flag_search`, `flag_search_readonly`, `flag_datagrid`, `flag_datagrid_readonly`, `flag_index`, `flag_detail`, `created`, `created_by`, `modified`, `modified_by`) VALUES ('CAN-999-999-000-999-1030_CAN-999-999-000-999-1102', 'CAN-999-999-000-999-1030', 'CAN-999-999-000-999-1102', '0', '5', '', '0', '', '0', '', '0', '', '0', '', '0', '', '0', '', '1', '1', '1', '1', '0', '1', '1', '1', '1', '1', '0000-00-00 00:00:00', '', '0000-00-00 00:00:00', '');
INSERT INTO `form_formats` (`id`, `form_id`, `field_id`, `display_column`, `display_order`, `language_heading`, `flag_override_label`, `language_label`, `flag_override_tag`, `language_tag`, `flag_override_help`, `language_help`, `flag_override_type`, `type`, `flag_override_setting`, `setting`, `flag_override_default`, `default`, `flag_add`, `flag_add_readonly`, `flag_edit`, `flag_edit_readonly`, `flag_search`, `flag_search_readonly`, `flag_datagrid`, `flag_datagrid_readonly`, `flag_index`, `flag_detail`, `created`, `created_by`, `modified`, `modified_by`) VALUES ('CAN-999-999-000-999-1030_CAN-999-999-000-999-1103', 'CAN-999-999-000-999-1030', 'CAN-999-999-000-999-1103', '0', '6', '', '0', '', '0', '', '0', '', '0', '', '0', '', '0', '', '1', '0', '1', '0', '0', '0', '1', '0', '1', '1', '0000-00-00 00:00:00', '', '0000-00-00 00:00:00', '');
INSERT INTO `form_formats` (`id`, `form_id`, `field_id`, `display_column`, `display_order`, `language_heading`, `flag_override_label`, `language_label`, `flag_override_tag`, `language_tag`, `flag_override_help`, `language_help`, `flag_override_type`, `type`, `flag_override_setting`, `setting`, `flag_override_default`, `default`, `flag_add`, `flag_add_readonly`, `flag_edit`, `flag_edit_readonly`, `flag_search`, `flag_search_readonly`, `flag_datagrid`, `flag_datagrid_readonly`, `flag_index`, `flag_detail`, `created`, `created_by`, `modified`, `modified_by`) VALUES ('CAN-999-999-000-999-1030_CAN-999-999-000-999-1104', 'CAN-999-999-000-999-1030', 'CAN-999-999-000-999-1104', '0', '7', '', '0', '', '0', '', '0', '', '0', '', '0', '', '0', '', '1', '0', '1', '0', '0', '0', '1', '0', '1', '1', '0000-00-00 00:00:00', '', '0000-00-00 00:00:00', '');
INSERT INTO `form_formats` (`id`, `form_id`, `field_id`, `display_column`, `display_order`, `language_heading`, `flag_override_label`, `language_label`, `flag_override_tag`, `language_tag`, `flag_override_help`, `language_help`, `flag_override_type`, `type`, `flag_override_setting`, `setting`, `flag_override_default`, `default`, `flag_add`, `flag_add_readonly`, `flag_edit`, `flag_edit_readonly`, `flag_search`, `flag_search_readonly`, `flag_datagrid`, `flag_datagrid_readonly`, `flag_index`, `flag_detail`, `created`, `created_by`, `modified`, `modified_by`) VALUES ('CAN-999-999-000-999-1030_CAN-999-999-000-999-1259', 'CAN-999-999-000-999-1030', 'CAN-999-999-000-999-1259', '0', '7', '', '0', '', '0', '', '0', '', '0', '', '0', '', '0', '', '1', '0', '1', '0', '0', '0', '1', '0', '1', '1', '0000-00-00 00:00:00', '', '0000-00-00 00:00:00', '');
INSERT INTO `form_formats` (`id`, `form_id`, `field_id`, `display_column`, `display_order`, `language_heading`, `flag_override_label`, `language_label`, `flag_override_tag`, `language_tag`, `flag_override_help`, `language_help`, `flag_override_type`, `type`, `flag_override_setting`, `setting`, `flag_override_default`, `default`, `flag_add`, `flag_add_readonly`, `flag_edit`, `flag_edit_readonly`, `flag_search`, `flag_search_readonly`, `flag_datagrid`, `flag_datagrid_readonly`, `flag_index`, `flag_detail`, `created`, `created_by`, `modified`, `modified_by`) VALUES ('CAN-999-999-000-999-1030_CAN-999-999-000-999-1105', 'CAN-999-999-000-999-1030', 'CAN-999-999-000-999-1105', '0', '8', '', '0', '', '0', '', '0', '', '0', '', '0', '', '0', '', '0', '1', '0', '1', '0', '1', '0', '1', '1', '1', '0000-00-00 00:00:00', '', '0000-00-00 00:00:00', '');
INSERT INTO `form_formats` (`id`, `form_id`, `field_id`, `display_column`, `display_order`, `language_heading`, `flag_override_label`, `language_label`, `flag_override_tag`, `language_tag`, `flag_override_help`, `language_help`, `flag_override_type`, `type`, `flag_override_setting`, `setting`, `flag_override_default`, `default`, `flag_add`, `flag_add_readonly`, `flag_edit`, `flag_edit_readonly`, `flag_search`, `flag_search_readonly`, `flag_datagrid`, `flag_datagrid_readonly`, `flag_index`, `flag_detail`, `created`, `created_by`, `modified`, `modified_by`) VALUES ('CAN-999-999-000-999-1030_CAN-999-999-000-999-1216', 'CAN-999-999-000-999-1030', 'CAN-999-999-000-999-1216', '0', '9', '', '0', '', '0', '', '0', '', '0', '', '0', '', '0', '', '1', '0', '1', '0', '0', '0', '1', '0', '0', '0', '0000-00-00 00:00:00', '', '0000-00-00 00:00:00', '');
INSERT INTO `form_formats` (`id`, `form_id`, `field_id`, `display_column`, `display_order`, `language_heading`, `flag_override_label`, `language_label`, `flag_override_tag`, `language_tag`, `flag_override_help`, `language_help`, `flag_override_type`, `type`, `flag_override_setting`, `setting`, `flag_override_default`, `default`, `flag_add`, `flag_add_readonly`, `flag_edit`, `flag_edit_readonly`, `flag_search`, `flag_search_readonly`, `flag_datagrid`, `flag_datagrid_readonly`, `flag_index`, `flag_detail`, `created`, `created_by`, `modified`, `modified_by`) VALUES ('CAN-999-999-000-999-1030_CAN-999-999-000-999-1106', 'CAN-999-999-000-999-1030', 'CAN-999-999-000-999-1106', '0', '10', '', '0', '', '0', '', '0', '', '0', '', '0', '', '0', '', '1', '0', '1', '0', '0', '0', '1', '0', '0', '0', '0000-00-00 00:00:00', '', '0000-00-00 00:00:00', '');
INSERT INTO `form_formats` (`id`, `form_id`, `field_id`, `display_column`, `display_order`, `language_heading`, `flag_override_label`, `language_label`, `flag_override_tag`, `language_tag`, `flag_override_help`, `language_help`, `flag_override_type`, `type`, `flag_override_setting`, `setting`, `flag_override_default`, `default`, `flag_add`, `flag_add_readonly`, `flag_edit`, `flag_edit_readonly`, `flag_search`, `flag_search_readonly`, `flag_datagrid`, `flag_datagrid_readonly`, `flag_index`, `flag_detail`, `created`, `created_by`, `modified`, `modified_by`) VALUES ('CAN-999-999-000-999-1030_CAN-999-999-000-999-1217', 'CAN-999-999-000-999-1030', 'CAN-999-999-000-999-1217', '0', '10', '', '0', '', '0', '', '0', '', '0', '', '0', '', '0', '', '0', '0', '0', '0', '0', '0', '0', '0', '1', '1', '0000-00-00 00:00:00', '', '0000-00-00 00:00:00', '');
INSERT INTO `form_formats` (`id`, `form_id`, `field_id`, `display_column`, `display_order`, `language_heading`, `flag_override_label`, `language_label`, `flag_override_tag`, `language_tag`, `flag_override_help`, `language_help`, `flag_override_type`, `type`, `flag_override_setting`, `setting`, `flag_override_default`, `default`, `flag_add`, `flag_add_readonly`, `flag_edit`, `flag_edit_readonly`, `flag_search`, `flag_search_readonly`, `flag_datagrid`, `flag_datagrid_readonly`, `flag_index`, `flag_detail`, `created`, `created_by`, `modified`, `modified_by`) VALUES ('CAN-999-999-000-999-1030_CAN-999-999-000-999-1117', 'CAN-999-999-000-999-1030', 'CAN-999-999-000-999-1117', '0', '11', '', '0', '', '0', '', '0', '', '0', '', '0', '', '0', '', '0', '0', '0', '0', '0', '0', '0', '0', '1', '1', '0000-00-00 00:00:00', '', '0000-00-00 00:00:00', '');
INSERT INTO `form_formats` (`id`, `form_id`, `field_id`, `display_column`, `display_order`, `language_heading`, `flag_override_label`, `language_label`, `flag_override_tag`, `language_tag`, `flag_override_help`, `language_help`, `flag_override_type`, `type`, `flag_override_setting`, `setting`, `flag_override_default`, `default`, `flag_add`, `flag_add_readonly`, `flag_edit`, `flag_edit_readonly`, `flag_search`, `flag_search_readonly`, `flag_datagrid`, `flag_datagrid_readonly`, `flag_index`, `flag_detail`, `created`, `created_by`, `modified`, `modified_by`) VALUES ('CAN-999-999-000-999-1030_CAN-999-999-000-999-1107', 'CAN-999-999-000-999-1030', 'CAN-999-999-000-999-1107', '0', '12', '', '0', '', '0', '', '0', '', '0', '', '0', '', '0', '', '1', '0', '1', '0', '0', '0', '1', '0', '1', '1', '0000-00-00 00:00:00', '', '0000-00-00 00:00:00', '');
INSERT INTO `form_formats` (`id`, `form_id`, `field_id`, `display_column`, `display_order`, `language_heading`, `flag_override_label`, `language_label`, `flag_override_tag`, `language_tag`, `flag_override_help`, `language_help`, `flag_override_type`, `type`, `flag_override_setting`, `setting`, `flag_override_default`, `default`, `flag_add`, `flag_add_readonly`, `flag_edit`, `flag_edit_readonly`, `flag_search`, `flag_search_readonly`, `flag_datagrid`, `flag_datagrid_readonly`, `flag_index`, `flag_detail`, `created`, `created_by`, `modified`, `modified_by`) VALUES ('CAN-999-999-000-999-1030_CAN-999-999-000-999-1108', 'CAN-999-999-000-999-1030', 'CAN-999-999-000-999-1108', '0', '14', '', '0', '', '0', '', '0', '', '0', '', '0', '', '0', '', '1', '0', '1', '0', '0', '0', '1', '0', '1', '1', '0000-00-00 00:00:00', '', '0000-00-00 00:00:00', '');
INSERT INTO `form_formats` (`id`, `form_id`, `field_id`, `display_column`, `display_order`, `language_heading`, `flag_override_label`, `language_label`, `flag_override_tag`, `language_tag`, `flag_override_help`, `language_help`, `flag_override_type`, `type`, `flag_override_setting`, `setting`, `flag_override_default`, `default`, `flag_add`, `flag_add_readonly`, `flag_edit`, `flag_edit_readonly`, `flag_search`, `flag_search_readonly`, `flag_datagrid`, `flag_datagrid_readonly`, `flag_index`, `flag_detail`, `created`, `created_by`, `modified`, `modified_by`) VALUES ('CAN-999-999-000-999-1030_CAN-999-999-000-999-1110', 'CAN-999-999-000-999-1030', 'CAN-999-999-000-999-1110', '0', '16', '', '0', '', '0', '', '0', '', '0', '', '0', '', '0', '', '0', '0', '0', '0', '0', '0', '0', '0', '1', '1', '0000-00-00 00:00:00', '', '0000-00-00 00:00:00', '');
INSERT INTO `form_formats` (`id`, `form_id`, `field_id`, `display_column`, `display_order`, `language_heading`, `flag_override_label`, `language_label`, `flag_override_tag`, `language_tag`, `flag_override_help`, `language_help`, `flag_override_type`, `type`, `flag_override_setting`, `setting`, `flag_override_default`, `default`, `flag_add`, `flag_add_readonly`, `flag_edit`, `flag_edit_readonly`, `flag_search`, `flag_search_readonly`, `flag_datagrid`, `flag_datagrid_readonly`, `flag_index`, `flag_detail`, `created`, `created_by`, `modified`, `modified_by`) VALUES ('CAN-999-999-000-999-1030_CAN-999-999-000-999-1194', 'CAN-999-999-000-999-1030', 'CAN-999-999-000-999-1194', '0', '17', '', '0', '', '0', '', '0', '', '0', '', '0', '', '0', '', '0', '0', '0', '0', '0', '0', '0', '0', '1', '1', '0000-00-00 00:00:00', '', '0000-00-00 00:00:00', '');
INSERT INTO `form_formats` (`id`, `form_id`, `field_id`, `display_column`, `display_order`, `language_heading`, `flag_override_label`, `language_label`, `flag_override_tag`, `language_tag`, `flag_override_help`, `language_help`, `flag_override_type`, `type`, `flag_override_setting`, `setting`, `flag_override_default`, `default`, `flag_add`, `flag_add_readonly`, `flag_edit`, `flag_edit_readonly`, `flag_search`, `flag_search_readonly`, `flag_datagrid`, `flag_datagrid_readonly`, `flag_index`, `flag_detail`, `created`, `created_by`, `modified`, `modified_by`) VALUES ('CAN-999-999-000-999-1030_CAN-999-999-000-999-1109', 'CAN-999-999-000-999-1030', 'CAN-999-999-000-999-1109', '0', '15', '', '0', '', '0', '', '0', '', '0', '', '0', '', '0', '', '1', '0', '1', '0', '0', '0', '1', '0', '1', '1', '0000-00-00 00:00:00', '', '0000-00-00 00:00:00', '');
INSERT INTO `form_formats` (`id`, `form_id`, `field_id`, `display_column`, `display_order`, `language_heading`, `flag_override_label`, `language_label`, `flag_override_tag`, `language_tag`, `flag_override_help`, `language_help`, `flag_override_type`, `type`, `flag_override_setting`, `setting`, `flag_override_default`, `default`, `flag_add`, `flag_add_readonly`, `flag_edit`, `flag_edit_readonly`, `flag_search`, `flag_search_readonly`, `flag_datagrid`, `flag_datagrid_readonly`, `flag_index`, `flag_detail`, `created`, `created_by`, `modified`, `modified_by`) VALUES ('CAN-999-999-000-999-1030_CAN-999-999-000-999-1165', 'CAN-999-999-000-999-1030', 'CAN-999-999-000-999-1165', '0', '19', '', '0', '', '0', '', '0', '', '0', '', '0', '', '0', '', '1', '0', '1', '0', '0', '0', '0', '0', '0', '1', '0000-00-00 00:00:00', '', '0000-00-00 00:00:00', '');
INSERT INTO `form_formats` (`id`, `form_id`, `field_id`, `display_column`, `display_order`, `language_heading`, `flag_override_label`, `language_label`, `flag_override_tag`, `language_tag`, `flag_override_help`, `language_help`, `flag_override_type`, `type`, `flag_override_setting`, `setting`, `flag_override_default`, `default`, `flag_add`, `flag_add_readonly`, `flag_edit`, `flag_edit_readonly`, `flag_search`, `flag_search_readonly`, `flag_datagrid`, `flag_datagrid_readonly`, `flag_index`, `flag_detail`, `created`, `created_by`, `modified`, `modified_by`) VALUES ('CAN-999-999-000-999-1030_CAN-999-999-000-999-1112', 'CAN-999-999-000-999-1030', 'CAN-999-999-000-999-1112', '0', '20', '', '0', '', '0', '', '0', '', '0', '', '0', '', '0', '', '1', '0', '1', '0', '0', '0', '0', '0', '1', '1', '0000-00-00 00:00:00', '', '0000-00-00 00:00:00', '');
INSERT INTO `form_formats` (`id`, `form_id`, `field_id`, `display_column`, `display_order`, `language_heading`, `flag_override_label`, `language_label`, `flag_override_tag`, `language_tag`, `flag_override_help`, `language_help`, `flag_override_type`, `type`, `flag_override_setting`, `setting`, `flag_override_default`, `default`, `flag_add`, `flag_add_readonly`, `flag_edit`, `flag_edit_readonly`, `flag_search`, `flag_search_readonly`, `flag_datagrid`, `flag_datagrid_readonly`, `flag_index`, `flag_detail`, `created`, `created_by`, `modified`, `modified_by`) VALUES ('CAN-999-999-000-999-1030_CAN-999-999-000-999-1138', 'CAN-999-999-000-999-1030', 'CAN-999-999-000-999-1138', '1', '42', '', '0', '', '0', '', '0', '', '0', '', '0', '', '0', '', '1', '0', '1', '0', '0', '0', '1', '0', '1', '1', '0000-00-00 00:00:00', '', '0000-00-00 00:00:00', '');
INSERT INTO `form_formats` (`id`, `form_id`, `field_id`, `display_column`, `display_order`, `language_heading`, `flag_override_label`, `language_label`, `flag_override_tag`, `language_tag`, `flag_override_help`, `language_help`, `flag_override_type`, `type`, `flag_override_setting`, `setting`, `flag_override_default`, `default`, `flag_add`, `flag_add_readonly`, `flag_edit`, `flag_edit_readonly`, `flag_search`, `flag_search_readonly`, `flag_datagrid`, `flag_datagrid_readonly`, `flag_index`, `flag_detail`, `created`, `created_by`, `modified`, `modified_by`) VALUES ('CAN-999-999-000-999-1030_CAN-999-999-000-999-1164', 'CAN-999-999-000-999-1030', 'CAN-999-999-000-999-1164', '1', '43', '', '0', '', '0', '', '0', '', '0', '', '0', '', '0', '', '1', '0', '1', '0', '0', '0', '1', '0', '1', '1', '0000-00-00 00:00:00', '', '0000-00-00 00:00:00', '');

-- ------------------------------------------------------------------------
-- alias = ad_spec_tiss_cores
-- ------------------------------------------------------------------------

DELETE FROM `forms` WHERE `alias` = 'ad_spec_tiss_cores';
INSERT INTO `forms` (`id`, `alias`, `language_title`, `language_help`, `flag_add_columns`, `flag_edit_columns`, `flag_search_columns`, `flag_detail_columns`, `created`, `created_by`, `modified`, `modified_by`) VALUES ('CAN-999-999-000-999-1057', 'ad_spec_tiss_cores', '', '', '0', '0', '0', '1', '0000-00-00 00:00:00', '', '0000-00-00 00:00:00', '');

DELETE FROM `form_formats` WHERE `form_id` = 'CAN-999-999-000-999-1057';
INSERT INTO `form_formats` (`id`, `form_id`, `field_id`, `display_column`, `display_order`, `language_heading`, `flag_override_label`, `language_label`, `flag_override_tag`, `language_tag`, `flag_override_help`, `language_help`, `flag_override_type`, `type`, `flag_override_setting`, `setting`, `flag_override_default`, `default`, `flag_add`, `flag_add_readonly`, `flag_edit`, `flag_edit_readonly`, `flag_search`, `flag_search_readonly`, `flag_datagrid`, `flag_datagrid_readonly`, `flag_index`, `flag_detail`, `created`, `created_by`, `modified`, `modified_by`) VALUES ('CAN-999-999-000-999-1057_CAN-999-999-000-999-1109', 'CAN-999-999-000-999-1057', 'CAN-999-999-000-999-1109', '0', '15', '', '0', '', '0', '', '0', '', '0', '', '0', '', '0', '', '1', '0', '1', '0', '0', '0', '1', '0', '1', '1', '0000-00-00 00:00:00', '', '0000-00-00 00:00:00', '');
INSERT INTO `form_formats` (`id`, `form_id`, `field_id`, `display_column`, `display_order`, `language_heading`, `flag_override_label`, `language_label`, `flag_override_tag`, `language_tag`, `flag_override_help`, `language_help`, `flag_override_type`, `type`, `flag_override_setting`, `setting`, `flag_override_default`, `default`, `flag_add`, `flag_add_readonly`, `flag_edit`, `flag_edit_readonly`, `flag_search`, `flag_search_readonly`, `flag_datagrid`, `flag_datagrid_readonly`, `flag_index`, `flag_detail`, `created`, `created_by`, `modified`, `modified_by`) VALUES ('CAN-999-999-000-999-1057_CAN-999-999-000-999-1112', 'CAN-999-999-000-999-1057', 'CAN-999-999-000-999-1112', '0', '20', '', '0', '', '0', '', '0', '', '0', '', '0', '', '0', '', '1', '0', '1', '0', '0', '0', '0', '0', '1', '1', '0000-00-00 00:00:00', '', '0000-00-00 00:00:00', '');
INSERT INTO `form_formats` (`id`, `form_id`, `field_id`, `display_column`, `display_order`, `language_heading`, `flag_override_label`, `language_label`, `flag_override_tag`, `language_tag`, `flag_override_help`, `language_help`, `flag_override_type`, `type`, `flag_override_setting`, `setting`, `flag_override_default`, `default`, `flag_add`, `flag_add_readonly`, `flag_edit`, `flag_edit_readonly`, `flag_search`, `flag_search_readonly`, `flag_datagrid`, `flag_datagrid_readonly`, `flag_index`, `flag_detail`, `created`, `created_by`, `modified`, `modified_by`) VALUES ('CAN-999-999-000-999-1057_CAN-999-999-000-999-1165', 'CAN-999-999-000-999-1057', 'CAN-999-999-000-999-1165', '0', '19', '', '0', '', '0', '', '0', '', '0', '', '0', '', '0', '', '1', '0', '1', '0', '0', '0', '0', '0', '0', '1', '0000-00-00 00:00:00', '', '0000-00-00 00:00:00', '');
INSERT INTO `form_formats` (`id`, `form_id`, `field_id`, `display_column`, `display_order`, `language_heading`, `flag_override_label`, `language_label`, `flag_override_tag`, `language_tag`, `flag_override_help`, `language_help`, `flag_override_type`, `type`, `flag_override_setting`, `setting`, `flag_override_default`, `default`, `flag_add`, `flag_add_readonly`, `flag_edit`, `flag_edit_readonly`, `flag_search`, `flag_search_readonly`, `flag_datagrid`, `flag_datagrid_readonly`, `flag_index`, `flag_detail`, `created`, `created_by`, `modified`, `modified_by`) VALUES ('CAN-999-999-000-999-1057_CAN-999-999-000-999-1194', 'CAN-999-999-000-999-1057', 'CAN-999-999-000-999-1194', '0', '17', '', '0', '', '0', '', '0', '', '0', '', '0', '', '0', '', '0', '0', '0', '0', '0', '0', '0', '0', '1', '1', '0000-00-00 00:00:00', '', '0000-00-00 00:00:00', '');
INSERT INTO `form_formats` (`id`, `form_id`, `field_id`, `display_column`, `display_order`, `language_heading`, `flag_override_label`, `language_label`, `flag_override_tag`, `language_tag`, `flag_override_help`, `language_help`, `flag_override_type`, `type`, `flag_override_setting`, `setting`, `flag_override_default`, `default`, `flag_add`, `flag_add_readonly`, `flag_edit`, `flag_edit_readonly`, `flag_search`, `flag_search_readonly`, `flag_datagrid`, `flag_datagrid_readonly`, `flag_index`, `flag_detail`, `created`, `created_by`, `modified`, `modified_by`) VALUES ('CAN-999-999-000-999-1057_CAN-999-999-000-999-1110', 'CAN-999-999-000-999-1057', 'CAN-999-999-000-999-1110', '0', '16', '', '0', '', '0', '', '0', '', '0', '', '0', '', '0', '', '0', '0', '0', '0', '0', '0', '0', '0', '1', '1', '0000-00-00 00:00:00', '', '0000-00-00 00:00:00', '');
INSERT INTO `form_formats` (`id`, `form_id`, `field_id`, `display_column`, `display_order`, `language_heading`, `flag_override_label`, `language_label`, `flag_override_tag`, `language_tag`, `flag_override_help`, `language_help`, `flag_override_type`, `type`, `flag_override_setting`, `setting`, `flag_override_default`, `default`, `flag_add`, `flag_add_readonly`, `flag_edit`, `flag_edit_readonly`, `flag_search`, `flag_search_readonly`, `flag_datagrid`, `flag_datagrid_readonly`, `flag_index`, `flag_detail`, `created`, `created_by`, `modified`, `modified_by`) VALUES ('CAN-999-999-000-999-1057_CAN-999-999-000-999-1108', 'CAN-999-999-000-999-1057', 'CAN-999-999-000-999-1108', '0', '14', '', '0', '', '0', '', '0', '', '0', '', '0', '', '0', '', '1', '0', '1', '0', '0', '0', '1', '0', '1', '1', '0000-00-00 00:00:00', '', '0000-00-00 00:00:00', '');
INSERT INTO `form_formats` (`id`, `form_id`, `field_id`, `display_column`, `display_order`, `language_heading`, `flag_override_label`, `language_label`, `flag_override_tag`, `language_tag`, `flag_override_help`, `language_help`, `flag_override_type`, `type`, `flag_override_setting`, `setting`, `flag_override_default`, `default`, `flag_add`, `flag_add_readonly`, `flag_edit`, `flag_edit_readonly`, `flag_search`, `flag_search_readonly`, `flag_datagrid`, `flag_datagrid_readonly`, `flag_index`, `flag_detail`, `created`, `created_by`, `modified`, `modified_by`) VALUES ('CAN-999-999-000-999-1057_CAN-999-999-000-999-1107', 'CAN-999-999-000-999-1057', 'CAN-999-999-000-999-1107', '0', '12', '', '0', '', '0', '', '0', '', '0', '', '0', '', '0', '', '1', '0', '1', '0', '0', '0', '1', '0', '1', '1', '0000-00-00 00:00:00', '', '0000-00-00 00:00:00', '');
INSERT INTO `form_formats` (`id`, `form_id`, `field_id`, `display_column`, `display_order`, `language_heading`, `flag_override_label`, `language_label`, `flag_override_tag`, `language_tag`, `flag_override_help`, `language_help`, `flag_override_type`, `type`, `flag_override_setting`, `setting`, `flag_override_default`, `default`, `flag_add`, `flag_add_readonly`, `flag_edit`, `flag_edit_readonly`, `flag_search`, `flag_search_readonly`, `flag_datagrid`, `flag_datagrid_readonly`, `flag_index`, `flag_detail`, `created`, `created_by`, `modified`, `modified_by`) VALUES ('CAN-999-999-000-999-1057_CAN-999-999-000-999-1117', 'CAN-999-999-000-999-1057', 'CAN-999-999-000-999-1117', '0', '11', '', '0', '', '0', '', '0', '', '0', '', '0', '', '0', '', '0', '0', '0', '0', '0', '0', '0', '0', '1', '1', '0000-00-00 00:00:00', '', '0000-00-00 00:00:00', '');
INSERT INTO `form_formats` (`id`, `form_id`, `field_id`, `display_column`, `display_order`, `language_heading`, `flag_override_label`, `language_label`, `flag_override_tag`, `language_tag`, `flag_override_help`, `language_help`, `flag_override_type`, `type`, `flag_override_setting`, `setting`, `flag_override_default`, `default`, `flag_add`, `flag_add_readonly`, `flag_edit`, `flag_edit_readonly`, `flag_search`, `flag_search_readonly`, `flag_datagrid`, `flag_datagrid_readonly`, `flag_index`, `flag_detail`, `created`, `created_by`, `modified`, `modified_by`) VALUES ('CAN-999-999-000-999-1057_CAN-999-999-000-999-1217', 'CAN-999-999-000-999-1057', 'CAN-999-999-000-999-1217', '0', '10', '', '0', '', '0', '', '0', '', '0', '', '0', '', '0', '', '0', '0', '0', '0', '0', '0', '0', '0', '1', '1', '0000-00-00 00:00:00', '', '0000-00-00 00:00:00', '');
INSERT INTO `form_formats` (`id`, `form_id`, `field_id`, `display_column`, `display_order`, `language_heading`, `flag_override_label`, `language_label`, `flag_override_tag`, `language_tag`, `flag_override_help`, `language_help`, `flag_override_type`, `type`, `flag_override_setting`, `setting`, `flag_override_default`, `default`, `flag_add`, `flag_add_readonly`, `flag_edit`, `flag_edit_readonly`, `flag_search`, `flag_search_readonly`, `flag_datagrid`, `flag_datagrid_readonly`, `flag_index`, `flag_detail`, `created`, `created_by`, `modified`, `modified_by`) VALUES ('CAN-999-999-000-999-1057_CAN-999-999-000-999-1106', 'CAN-999-999-000-999-1057', 'CAN-999-999-000-999-1106', '0', '10', '', '0', '', '0', '', '0', '', '0', '', '0', '', '0', '', '1', '0', '1', '0', '0', '0', '1', '0', '0', '0', '0000-00-00 00:00:00', '', '0000-00-00 00:00:00', '');
INSERT INTO `form_formats` (`id`, `form_id`, `field_id`, `display_column`, `display_order`, `language_heading`, `flag_override_label`, `language_label`, `flag_override_tag`, `language_tag`, `flag_override_help`, `language_help`, `flag_override_type`, `type`, `flag_override_setting`, `setting`, `flag_override_default`, `default`, `flag_add`, `flag_add_readonly`, `flag_edit`, `flag_edit_readonly`, `flag_search`, `flag_search_readonly`, `flag_datagrid`, `flag_datagrid_readonly`, `flag_index`, `flag_detail`, `created`, `created_by`, `modified`, `modified_by`) VALUES ('CAN-999-999-000-999-1057_CAN-999-999-000-999-1216', 'CAN-999-999-000-999-1057', 'CAN-999-999-000-999-1216', '0', '9', '', '0', '', '0', '', '0', '', '0', '', '0', '', '0', '', '1', '0', '1', '0', '0', '0', '1', '0', '0', '0', '0000-00-00 00:00:00', '', '0000-00-00 00:00:00', '');
INSERT INTO `form_formats` (`id`, `form_id`, `field_id`, `display_column`, `display_order`, `language_heading`, `flag_override_label`, `language_label`, `flag_override_tag`, `language_tag`, `flag_override_help`, `language_help`, `flag_override_type`, `type`, `flag_override_setting`, `setting`, `flag_override_default`, `default`, `flag_add`, `flag_add_readonly`, `flag_edit`, `flag_edit_readonly`, `flag_search`, `flag_search_readonly`, `flag_datagrid`, `flag_datagrid_readonly`, `flag_index`, `flag_detail`, `created`, `created_by`, `modified`, `modified_by`) VALUES ('CAN-999-999-000-999-1057_CAN-999-999-000-999-1105', 'CAN-999-999-000-999-1057', 'CAN-999-999-000-999-1105', '0', '8', '', '0', '', '0', '', '0', '', '0', '', '0', '', '0', '', '0', '1', '0', '1', '0', '1', '0', '1', '1', '1', '0000-00-00 00:00:00', '', '0000-00-00 00:00:00', '');
INSERT INTO `form_formats` (`id`, `form_id`, `field_id`, `display_column`, `display_order`, `language_heading`, `flag_override_label`, `language_label`, `flag_override_tag`, `language_tag`, `flag_override_help`, `language_help`, `flag_override_type`, `type`, `flag_override_setting`, `setting`, `flag_override_default`, `default`, `flag_add`, `flag_add_readonly`, `flag_edit`, `flag_edit_readonly`, `flag_search`, `flag_search_readonly`, `flag_datagrid`, `flag_datagrid_readonly`, `flag_index`, `flag_detail`, `created`, `created_by`, `modified`, `modified_by`) VALUES ('CAN-999-999-000-999-1057_CAN-999-999-000-999-1104', 'CAN-999-999-000-999-1057', 'CAN-999-999-000-999-1104', '0', '7', '', '0', '', '0', '', '0', '', '0', '', '0', '', '0', '', '1', '0', '1', '0', '0', '0', '1', '0', '1', '1', '0000-00-00 00:00:00', '', '0000-00-00 00:00:00', '');
INSERT INTO `form_formats` (`id`, `form_id`, `field_id`, `display_column`, `display_order`, `language_heading`, `flag_override_label`, `language_label`, `flag_override_tag`, `language_tag`, `flag_override_help`, `language_help`, `flag_override_type`, `type`, `flag_override_setting`, `setting`, `flag_override_default`, `default`, `flag_add`, `flag_add_readonly`, `flag_edit`, `flag_edit_readonly`, `flag_search`, `flag_search_readonly`, `flag_datagrid`, `flag_datagrid_readonly`, `flag_index`, `flag_detail`, `created`, `created_by`, `modified`, `modified_by`) VALUES ('CAN-999-999-000-999-1057_CAN-999-999-000-999-1259', 'CAN-999-999-000-999-1057', 'CAN-999-999-000-999-1259', '0', '7', '', '0', '', '0', '', '0', '', '0', '', '0', '', '0', '', '1', '0', '1', '0', '0', '0', '1', '0', '1', '1', '0000-00-00 00:00:00', '', '0000-00-00 00:00:00', '');
INSERT INTO `form_formats` (`id`, `form_id`, `field_id`, `display_column`, `display_order`, `language_heading`, `flag_override_label`, `language_label`, `flag_override_tag`, `language_tag`, `flag_override_help`, `language_help`, `flag_override_type`, `type`, `flag_override_setting`, `setting`, `flag_override_default`, `default`, `flag_add`, `flag_add_readonly`, `flag_edit`, `flag_edit_readonly`, `flag_search`, `flag_search_readonly`, `flag_datagrid`, `flag_datagrid_readonly`, `flag_index`, `flag_detail`, `created`, `created_by`, `modified`, `modified_by`) VALUES ('CAN-999-999-000-999-1057_CAN-999-999-000-999-1103', 'CAN-999-999-000-999-1057', 'CAN-999-999-000-999-1103', '0', '6', '', '0', '', '0', '', '0', '', '0', '', '0', '', '0', '', '1', '0', '1', '0', '0', '0', '1', '0', '1', '1', '0000-00-00 00:00:00', '', '0000-00-00 00:00:00', '');
INSERT INTO `form_formats` (`id`, `form_id`, `field_id`, `display_column`, `display_order`, `language_heading`, `flag_override_label`, `language_label`, `flag_override_tag`, `language_tag`, `flag_override_help`, `language_help`, `flag_override_type`, `type`, `flag_override_setting`, `setting`, `flag_override_default`, `default`, `flag_add`, `flag_add_readonly`, `flag_edit`, `flag_edit_readonly`, `flag_search`, `flag_search_readonly`, `flag_datagrid`, `flag_datagrid_readonly`, `flag_index`, `flag_detail`, `created`, `created_by`, `modified`, `modified_by`) VALUES ('CAN-999-999-000-999-1057_CAN-999-999-000-999-1118', 'CAN-999-999-000-999-1057', 'CAN-999-999-000-999-1118', '0', '2', '', '0', '', '0', '', '0', '', '0', '', '0', '', '0', '', '1', '0', '1', '0', '0', '0', '1', '0', '1', '1', '0000-00-00 00:00:00', '', '0000-00-00 00:00:00', '');
INSERT INTO `form_formats` (`id`, `form_id`, `field_id`, `display_column`, `display_order`, `language_heading`, `flag_override_label`, `language_label`, `flag_override_tag`, `language_tag`, `flag_override_help`, `language_help`, `flag_override_type`, `type`, `flag_override_setting`, `setting`, `flag_override_default`, `default`, `flag_add`, `flag_add_readonly`, `flag_edit`, `flag_edit_readonly`, `flag_search`, `flag_search_readonly`, `flag_datagrid`, `flag_datagrid_readonly`, `flag_index`, `flag_detail`, `created`, `created_by`, `modified`, `modified_by`) VALUES ('CAN-999-999-000-999-1057_CAN-999-999-000-999-1102', 'CAN-999-999-000-999-1057', 'CAN-999-999-000-999-1102', '0', '5', '', '0', '', '0', '', '0', '', '0', '', '0', '', '0', '', '1', '1', '1', '1', '0', '1', '1', '1', '1', '1', '0000-00-00 00:00:00', '', '0000-00-00 00:00:00', '');
INSERT INTO `form_formats` (`id`, `form_id`, `field_id`, `display_column`, `display_order`, `language_heading`, `flag_override_label`, `language_label`, `flag_override_tag`, `language_tag`, `flag_override_help`, `language_help`, `flag_override_type`, `type`, `flag_override_setting`, `setting`, `flag_override_default`, `default`, `flag_add`, `flag_add_readonly`, `flag_edit`, `flag_edit_readonly`, `flag_search`, `flag_search_readonly`, `flag_datagrid`, `flag_datagrid_readonly`, `flag_index`, `flag_detail`, `created`, `created_by`, `modified`, `modified_by`) VALUES ('CAN-999-999-000-999-1057_CAN-999-999-000-999-1101', 'CAN-999-999-000-999-1057', 'CAN-999-999-000-999-1101', '0', '2', '', '0', '', '0', '', '0', '', '0', '', '0', '', '0', '', '0', '1', '1', '1', '1', '1', '0', '1', '1', '1', '0000-00-00 00:00:00', '', '0000-00-00 00:00:00', '');
INSERT INTO `form_formats` (`id`, `form_id`, `field_id`, `display_column`, `display_order`, `language_heading`, `flag_override_label`, `language_label`, `flag_override_tag`, `language_tag`, `flag_override_help`, `language_help`, `flag_override_type`, `type`, `flag_override_setting`, `setting`, `flag_override_default`, `default`, `flag_add`, `flag_add_readonly`, `flag_edit`, `flag_edit_readonly`, `flag_search`, `flag_search_readonly`, `flag_datagrid`, `flag_datagrid_readonly`, `flag_index`, `flag_detail`, `created`, `created_by`, `modified`, `modified_by`) VALUES ('CAN-999-999-000-999-1057_CAN-999-999-000-999-1100', 'CAN-999-999-000-999-1057', 'CAN-999-999-000-999-1100', '0', '2', '', '0', '', '0', '', '0', '', '0', '', '0', '', '0', '', '1', '0', '0', '0', '0', '0', '1', '0', '0', '0', '0000-00-00 00:00:00', '', '0000-00-00 00:00:00', '');
INSERT INTO `form_formats` (`id`, `form_id`, `field_id`, `display_column`, `display_order`, `language_heading`, `flag_override_label`, `language_label`, `flag_override_tag`, `language_tag`, `flag_override_help`, `language_help`, `flag_override_type`, `type`, `flag_override_setting`, `setting`, `flag_override_default`, `default`, `flag_add`, `flag_add_readonly`, `flag_edit`, `flag_edit_readonly`, `flag_search`, `flag_search_readonly`, `flag_datagrid`, `flag_datagrid_readonly`, `flag_index`, `flag_detail`, `created`, `created_by`, `modified`, `modified_by`) VALUES ('CAN-999-999-000-999-1057_CAN-999-999-000-999-1114', 'CAN-999-999-000-999-1057', 'CAN-999-999-000-999-1114', '0', '0', '', '0', '', '0', '', '0', '', '0', '', '0', '', '0', '', '0', '0', '0', '0', '0', '0', '1', '0', '0', '0', '0000-00-00 00:00:00', '', '0000-00-00 00:00:00', '');
INSERT INTO `form_formats` (`id`, `form_id`, `field_id`, `display_column`, `display_order`, `language_heading`, `flag_override_label`, `language_label`, `flag_override_tag`, `language_tag`, `flag_override_help`, `language_help`, `flag_override_type`, `type`, `flag_override_setting`, `setting`, `flag_override_default`, `default`, `flag_add`, `flag_add_readonly`, `flag_edit`, `flag_edit_readonly`, `flag_search`, `flag_search_readonly`, `flag_datagrid`, `flag_datagrid_readonly`, `flag_index`, `flag_detail`, `created`, `created_by`, `modified`, `modified_by`) VALUES ('CAN-999-999-000-999-1057_CAN-999-999-000-999-1113', 'CAN-999-999-000-999-1057', 'CAN-999-999-000-999-1113', '0', '0', '', '0', '', '0', '', '0', '', '0', '', '0', '', '0', '', '0', '0', '0', '0', '0', '0', '1', '0', '0', '0', '0000-00-00 00:00:00', '', '0000-00-00 00:00:00', '');
INSERT INTO `form_formats` (`id`, `form_id`, `field_id`, `display_column`, `display_order`, `language_heading`, `flag_override_label`, `language_label`, `flag_override_tag`, `language_tag`, `flag_override_help`, `language_help`, `flag_override_type`, `type`, `flag_override_setting`, `setting`, `flag_override_default`, `default`, `flag_add`, `flag_add_readonly`, `flag_edit`, `flag_edit_readonly`, `flag_search`, `flag_search_readonly`, `flag_datagrid`, `flag_datagrid_readonly`, `flag_index`, `flag_detail`, `created`, `created_by`, `modified`, `modified_by`) VALUES ('CAN-999-999-000-999-1057_CAN-999-999-000-999-1137', 'CAN-999-999-000-999-1057', 'CAN-999-999-000-999-1137', '1', '32', '', '0', '', '0', '', '0', '', '0', '', '0', '', '0', '', '1', '0', '1', '0', '0', '0', '1', '0', '1', '1', '0000-00-00 00:00:00', '', '0000-00-00 00:00:00', '');
INSERT INTO `form_formats` (`id`, `form_id`, `field_id`, `display_column`, `display_order`, `language_heading`, `flag_override_label`, `language_label`, `flag_override_tag`, `language_tag`, `flag_override_help`, `language_help`, `flag_override_type`, `type`, `flag_override_setting`, `setting`, `flag_override_default`, `default`, `flag_add`, `flag_add_readonly`, `flag_edit`, `flag_edit_readonly`, `flag_search`, `flag_search_readonly`, `flag_datagrid`, `flag_datagrid_readonly`, `flag_index`, `flag_detail`, `created`, `created_by`, `modified`, `modified_by`) VALUES ('CAN-999-999-000-999-1057_CAN-999-999-000-999-1116', 'CAN-999-999-000-999-1057', 'CAN-999-999-000-999-1116', '0', '0', '', '0', '', '0', '', '0', '', '0', '', '0', '', '0', '', '0', '0', '0', '0', '0', '0', '1', '0', '0', '0', '0000-00-00 00:00:00', '', '0000-00-00 00:00:00', '');
INSERT INTO `form_formats` (`id`, `form_id`, `field_id`, `display_column`, `display_order`, `language_heading`, `flag_override_label`, `language_label`, `flag_override_tag`, `language_tag`, `flag_override_help`, `language_help`, `flag_override_type`, `type`, `flag_override_setting`, `setting`, `flag_override_default`, `default`, `flag_add`, `flag_add_readonly`, `flag_edit`, `flag_edit_readonly`, `flag_search`, `flag_search_readonly`, `flag_datagrid`, `flag_datagrid_readonly`, `flag_index`, `flag_detail`, `created`, `created_by`, `modified`, `modified_by`) VALUES ('CAN-999-999-000-999-1057_CAN-999-999-000-999-1115', 'CAN-999-999-000-999-1057', 'CAN-999-999-000-999-1115', '0', '0', '', '0', '', '0', '', '0', '', '0', '', '0', '', '0', '', '0', '0', '0', '0', '0', '0', '1', '0', '0', '0', '0000-00-00 00:00:00', '', '0000-00-00 00:00:00', '');
INSERT INTO `form_formats` (`id`, `form_id`, `field_id`, `display_column`, `display_order`, `language_heading`, `flag_override_label`, `language_label`, `flag_override_tag`, `language_tag`, `flag_override_help`, `language_help`, `flag_override_type`, `type`, `flag_override_setting`, `setting`, `flag_override_default`, `default`, `flag_add`, `flag_add_readonly`, `flag_edit`, `flag_edit_readonly`, `flag_search`, `flag_search_readonly`, `flag_datagrid`, `flag_datagrid_readonly`, `flag_index`, `flag_detail`, `created`, `created_by`, `modified`, `modified_by`) VALUES ('CAN-999-999-000-999-1057_CAN-999-999-000-999-1119', 'CAN-999-999-000-999-1057', 'CAN-999-999-000-999-1119', '0', '1', '', '0', '', '0', '', '0', '', '0', '', '0', '', '0', '', '0', '0', '0', '0', '0', '0', '1', '0', '0', '0', '0000-00-00 00:00:00', '', '0000-00-00 00:00:00', '');

-- ------------------------------------------------------------------------
-- alias = ad_der_tubes
-- ------------------------------------------------------------------------

DELETE FROM `forms` WHERE `alias` = 'ad_der_tubes';
INSERT INTO `forms` (`id`, `alias`, `language_title`, `language_help`, `flag_add_columns`, `flag_edit_columns`, `flag_search_columns`, `flag_detail_columns`, `created`, `created_by`, `modified`, `modified_by`) VALUES ('CAN-999-999-000-999-1031', 'ad_der_tubes', '', '', '0', '0', '0', '1', '0000-00-00 00:00:00', '', '0000-00-00 00:00:00', '');

DELETE FROM `form_fields` WHERE `id` = 'CAN-999-999-000-999-1140';
INSERT INTO `form_fields` (`id`, `model`, `field`, `language_label`, `language_tag`, `type`, `setting`, `default`, `language_help`, `created`, `created_by`, `modified`, `modified_by`) VALUES ('CAN-999-999-000-999-1140', 'Generated', 'creat_to_stor_spent_time_msg', 'creation to storage spent time', '', 'input', 'size=30', '', '', '0000-00-00 00:00:00', '', '0000-00-00 00:00:00', '');
DELETE FROM `form_fields` WHERE `id` = 'CAN-999-999-000-999-1141';
INSERT INTO `form_fields` (`id`, `model`, `field`, `language_label`, `language_tag`, `type`, `setting`, `default`, `language_help`, `created`, `created_by`, `modified`, `modified_by`) VALUES ('CAN-999-999-000-999-1141', 'Calculated', 'creat_to_stor_spent_time_days', '', 'days', 'input', 'size=7', '', '', '0000-00-00 00:00:00', '', '0000-00-00 00:00:00', '');
DELETE FROM `form_fields` WHERE `id` = 'CAN-999-999-000-999-1142';
INSERT INTO `form_fields` (`id`, `model`, `field`, `language_label`, `language_tag`, `type`, `setting`, `default`, `language_help`, `created`, `created_by`, `modified`, `modified_by`) VALUES ('CAN-999-999-000-999-1142', 'Calculated', 'creat_to_stor_spent_time_hours', '', 'hours', 'input', 'size=3', '', '', '0000-00-00 00:00:00', '', '0000-00-00 00:00:00', '');
DELETE FROM `form_fields` WHERE `id` = 'CAN-999-999-000-999-1143';
INSERT INTO `form_fields` (`id`, `model`, `field`, `language_label`, `language_tag`, `type`, `setting`, `default`, `language_help`, `created`, `created_by`, `modified`, `modified_by`) VALUES ('CAN-999-999-000-999-1143', 'Calculated', 'creat_to_stor_spent_time_minutes', '', 'minutes', 'input', 'size=3', '', '', '0000-00-00 00:00:00', '', '0000-00-00 00:00:00', '');

DELETE FROM `form_formats` WHERE `form_id` = 'CAN-999-999-000-999-1031';
INSERT INTO `form_formats` (`id`, `form_id`, `field_id`, `display_column`, `display_order`, `language_heading`, `flag_override_label`, `language_label`, `flag_override_tag`, `language_tag`, `flag_override_help`, `language_help`, `flag_override_type`, `type`, `flag_override_setting`, `setting`, `flag_override_default`, `default`, `flag_add`, `flag_add_readonly`, `flag_edit`, `flag_edit_readonly`, `flag_search`, `flag_search_readonly`, `flag_datagrid`, `flag_datagrid_readonly`, `flag_index`, `flag_detail`, `created`, `created_by`, `modified`, `modified_by`) VALUES ('CAN-999-999-000-999-1031_CAN-999-999-000-999-1119', 'CAN-999-999-000-999-1031', 'CAN-999-999-000-999-1119', '0', '1', '', '0', '', '0', '', '0', '', '0', '', '0', '', '0', '', '0', '0', '0', '0', '0', '0', '1', '0', '0', '0', '0000-00-00 00:00:00', '', '0000-00-00 00:00:00', '');
INSERT INTO `form_formats` (`id`, `form_id`, `field_id`, `display_column`, `display_order`, `language_heading`, `flag_override_label`, `language_label`, `flag_override_tag`, `language_tag`, `flag_override_help`, `language_help`, `flag_override_type`, `type`, `flag_override_setting`, `setting`, `flag_override_default`, `default`, `flag_add`, `flag_add_readonly`, `flag_edit`, `flag_edit_readonly`, `flag_search`, `flag_search_readonly`, `flag_datagrid`, `flag_datagrid_readonly`, `flag_index`, `flag_detail`, `created`, `created_by`, `modified`, `modified_by`) VALUES ('CAN-999-999-000-999-1031_CAN-999-999-000-999-1115', 'CAN-999-999-000-999-1031', 'CAN-999-999-000-999-1115', '0', '0', '', '0', '', '0', '', '0', '', '0', '', '0', '', '0', '', '0', '0', '0', '0', '0', '0', '1', '0', '0', '0', '0000-00-00 00:00:00', '', '0000-00-00 00:00:00', '');
INSERT INTO `form_formats` (`id`, `form_id`, `field_id`, `display_column`, `display_order`, `language_heading`, `flag_override_label`, `language_label`, `flag_override_tag`, `language_tag`, `flag_override_help`, `language_help`, `flag_override_type`, `type`, `flag_override_setting`, `setting`, `flag_override_default`, `default`, `flag_add`, `flag_add_readonly`, `flag_edit`, `flag_edit_readonly`, `flag_search`, `flag_search_readonly`, `flag_datagrid`, `flag_datagrid_readonly`, `flag_index`, `flag_detail`, `created`, `created_by`, `modified`, `modified_by`) VALUES ('CAN-999-999-000-999-1031_CAN-999-999-000-999-1116', 'CAN-999-999-000-999-1031', 'CAN-999-999-000-999-1116', '0', '0', '', '0', '', '0', '', '0', '', '0', '', '0', '', '0', '', '0', '0', '0', '0', '0', '0', '1', '0', '0', '0', '0000-00-00 00:00:00', '', '0000-00-00 00:00:00', '');
INSERT INTO `form_formats` (`id`, `form_id`, `field_id`, `display_column`, `display_order`, `language_heading`, `flag_override_label`, `language_label`, `flag_override_tag`, `language_tag`, `flag_override_help`, `language_help`, `flag_override_type`, `type`, `flag_override_setting`, `setting`, `flag_override_default`, `default`, `flag_add`, `flag_add_readonly`, `flag_edit`, `flag_edit_readonly`, `flag_search`, `flag_search_readonly`, `flag_datagrid`, `flag_datagrid_readonly`, `flag_index`, `flag_detail`, `created`, `created_by`, `modified`, `modified_by`) VALUES ('CAN-999-999-000-999-1031_CAN-999-999-000-999-1113', 'CAN-999-999-000-999-1031', 'CAN-999-999-000-999-1113', '0', '0', '', '0', '', '0', '', '0', '', '0', '', '0', '', '0', '', '0', '0', '0', '0', '0', '0', '1', '0', '0', '0', '0000-00-00 00:00:00', '', '0000-00-00 00:00:00', '');
INSERT INTO `form_formats` (`id`, `form_id`, `field_id`, `display_column`, `display_order`, `language_heading`, `flag_override_label`, `language_label`, `flag_override_tag`, `language_tag`, `flag_override_help`, `language_help`, `flag_override_type`, `type`, `flag_override_setting`, `setting`, `flag_override_default`, `default`, `flag_add`, `flag_add_readonly`, `flag_edit`, `flag_edit_readonly`, `flag_search`, `flag_search_readonly`, `flag_datagrid`, `flag_datagrid_readonly`, `flag_index`, `flag_detail`, `created`, `created_by`, `modified`, `modified_by`) VALUES ('CAN-999-999-000-999-1031_CAN-999-999-000-999-1114', 'CAN-999-999-000-999-1031', 'CAN-999-999-000-999-1114', '0', '0', '', '0', '', '0', '', '0', '', '0', '', '0', '', '0', '', '0', '0', '0', '0', '0', '0', '1', '0', '0', '0', '0000-00-00 00:00:00', '', '0000-00-00 00:00:00', '');
INSERT INTO `form_formats` (`id`, `form_id`, `field_id`, `display_column`, `display_order`, `language_heading`, `flag_override_label`, `language_label`, `flag_override_tag`, `language_tag`, `flag_override_help`, `language_help`, `flag_override_type`, `type`, `flag_override_setting`, `setting`, `flag_override_default`, `default`, `flag_add`, `flag_add_readonly`, `flag_edit`, `flag_edit_readonly`, `flag_search`, `flag_search_readonly`, `flag_datagrid`, `flag_datagrid_readonly`, `flag_index`, `flag_detail`, `created`, `created_by`, `modified`, `modified_by`) VALUES ('CAN-999-999-000-999-1031_CAN-999-999-000-999-1100', 'CAN-999-999-000-999-1031', 'CAN-999-999-000-999-1100', '0', '2', '', '0', '', '0', '', '0', '', '0', '', '0', '', '0', '', '1', '0', '0', '0', '0', '0', '1', '0', '0', '0', '0000-00-00 00:00:00', '', '0000-00-00 00:00:00', '');
INSERT INTO `form_formats` (`id`, `form_id`, `field_id`, `display_column`, `display_order`, `language_heading`, `flag_override_label`, `language_label`, `flag_override_tag`, `language_tag`, `flag_override_help`, `language_help`, `flag_override_type`, `type`, `flag_override_setting`, `setting`, `flag_override_default`, `default`, `flag_add`, `flag_add_readonly`, `flag_edit`, `flag_edit_readonly`, `flag_search`, `flag_search_readonly`, `flag_datagrid`, `flag_datagrid_readonly`, `flag_index`, `flag_detail`, `created`, `created_by`, `modified`, `modified_by`) VALUES ('CAN-999-999-000-999-1031_CAN-999-999-000-999-1101', 'CAN-999-999-000-999-1031', 'CAN-999-999-000-999-1101', '0', '2', '', '0', '', '0', '', '0', '', '0', '', '0', '', '0', '', '0', '1', '1', '1', '1', '1', '0', '1', '1', '1', '0000-00-00 00:00:00', '', '0000-00-00 00:00:00', '');
INSERT INTO `form_formats` (`id`, `form_id`, `field_id`, `display_column`, `display_order`, `language_heading`, `flag_override_label`, `language_label`, `flag_override_tag`, `language_tag`, `flag_override_help`, `language_help`, `flag_override_type`, `type`, `flag_override_setting`, `setting`, `flag_override_default`, `default`, `flag_add`, `flag_add_readonly`, `flag_edit`, `flag_edit_readonly`, `flag_search`, `flag_search_readonly`, `flag_datagrid`, `flag_datagrid_readonly`, `flag_index`, `flag_detail`, `created`, `created_by`, `modified`, `modified_by`) VALUES ('CAN-999-999-000-999-1031_CAN-999-999-000-999-1118', 'CAN-999-999-000-999-1031', 'CAN-999-999-000-999-1118', '0', '2', '', '0', '', '0', '', '0', '', '0', '', '0', '', '0', '', '1', '0', '1', '0', '0', '0', '1', '0', '1', '1', '0000-00-00 00:00:00', '', '0000-00-00 00:00:00', '');
INSERT INTO `form_formats` (`id`, `form_id`, `field_id`, `display_column`, `display_order`, `language_heading`, `flag_override_label`, `language_label`, `flag_override_tag`, `language_tag`, `flag_override_help`, `language_help`, `flag_override_type`, `type`, `flag_override_setting`, `setting`, `flag_override_default`, `default`, `flag_add`, `flag_add_readonly`, `flag_edit`, `flag_edit_readonly`, `flag_search`, `flag_search_readonly`, `flag_datagrid`, `flag_datagrid_readonly`, `flag_index`, `flag_detail`, `created`, `created_by`, `modified`, `modified_by`) VALUES ('CAN-999-999-000-999-1031_CAN-999-999-000-999-1102', 'CAN-999-999-000-999-1031', 'CAN-999-999-000-999-1102', '0', '5', '', '0', '', '0', '', '0', '', '0', '', '0', '', '0', '', '1', '1', '1', '1', '0', '1', '1', '1', '1', '1', '0000-00-00 00:00:00', '', '0000-00-00 00:00:00', '');
INSERT INTO `form_formats` (`id`, `form_id`, `field_id`, `display_column`, `display_order`, `language_heading`, `flag_override_label`, `language_label`, `flag_override_tag`, `language_tag`, `flag_override_help`, `language_help`, `flag_override_type`, `type`, `flag_override_setting`, `setting`, `flag_override_default`, `default`, `flag_add`, `flag_add_readonly`, `flag_edit`, `flag_edit_readonly`, `flag_search`, `flag_search_readonly`, `flag_datagrid`, `flag_datagrid_readonly`, `flag_index`, `flag_detail`, `created`, `created_by`, `modified`, `modified_by`) VALUES ('CAN-999-999-000-999-1031_CAN-999-999-000-999-1103', 'CAN-999-999-000-999-1031', 'CAN-999-999-000-999-1103', '0', '6', '', '0', '', '0', '', '0', '', '0', '', '0', '', '0', '', '1', '0', '1', '0', '0', '0', '1', '0', '1', '1', '0000-00-00 00:00:00', '', '0000-00-00 00:00:00', '');
INSERT INTO `form_formats` (`id`, `form_id`, `field_id`, `display_column`, `display_order`, `language_heading`, `flag_override_label`, `language_label`, `flag_override_tag`, `language_tag`, `flag_override_help`, `language_help`, `flag_override_type`, `type`, `flag_override_setting`, `setting`, `flag_override_default`, `default`, `flag_add`, `flag_add_readonly`, `flag_edit`, `flag_edit_readonly`, `flag_search`, `flag_search_readonly`, `flag_datagrid`, `flag_datagrid_readonly`, `flag_index`, `flag_detail`, `created`, `created_by`, `modified`, `modified_by`) VALUES ('CAN-999-999-000-999-1031_CAN-999-999-000-999-1104', 'CAN-999-999-000-999-1031', 'CAN-999-999-000-999-1104', '0', '7', '', '0', '', '0', '', '0', '', '0', '', '0', '', '0', '', '1', '0', '1', '0', '0', '0', '1', '0', '1', '1', '0000-00-00 00:00:00', '', '0000-00-00 00:00:00', '');
INSERT INTO `form_formats` (`id`, `form_id`, `field_id`, `display_column`, `display_order`, `language_heading`, `flag_override_label`, `language_label`, `flag_override_tag`, `language_tag`, `flag_override_help`, `language_help`, `flag_override_type`, `type`, `flag_override_setting`, `setting`, `flag_override_default`, `default`, `flag_add`, `flag_add_readonly`, `flag_edit`, `flag_edit_readonly`, `flag_search`, `flag_search_readonly`, `flag_datagrid`, `flag_datagrid_readonly`, `flag_index`, `flag_detail`, `created`, `created_by`, `modified`, `modified_by`) VALUES ('CAN-999-999-000-999-1031_CAN-999-999-000-999-1259', 'CAN-999-999-000-999-1031', 'CAN-999-999-000-999-1259', '0', '7', '', '0', '', '0', '', '0', '', '0', '', '0', '', '0', '', '1', '0', '1', '0', '0', '0', '1', '0', '1', '1', '0000-00-00 00:00:00', '', '0000-00-00 00:00:00', '');
INSERT INTO `form_formats` (`id`, `form_id`, `field_id`, `display_column`, `display_order`, `language_heading`, `flag_override_label`, `language_label`, `flag_override_tag`, `language_tag`, `flag_override_help`, `language_help`, `flag_override_type`, `type`, `flag_override_setting`, `setting`, `flag_override_default`, `default`, `flag_add`, `flag_add_readonly`, `flag_edit`, `flag_edit_readonly`, `flag_search`, `flag_search_readonly`, `flag_datagrid`, `flag_datagrid_readonly`, `flag_index`, `flag_detail`, `created`, `created_by`, `modified`, `modified_by`) VALUES ('CAN-999-999-000-999-1031_CAN-999-999-000-999-1105', 'CAN-999-999-000-999-1031', 'CAN-999-999-000-999-1105', '0', '8', '', '0', '', '0', '', '0', '', '0', '', '0', '', '0', '', '0', '1', '0', '1', '0', '1', '0', '1', '1', '1', '0000-00-00 00:00:00', '', '0000-00-00 00:00:00', '');
INSERT INTO `form_formats` (`id`, `form_id`, `field_id`, `display_column`, `display_order`, `language_heading`, `flag_override_label`, `language_label`, `flag_override_tag`, `language_tag`, `flag_override_help`, `language_help`, `flag_override_type`, `type`, `flag_override_setting`, `setting`, `flag_override_default`, `default`, `flag_add`, `flag_add_readonly`, `flag_edit`, `flag_edit_readonly`, `flag_search`, `flag_search_readonly`, `flag_datagrid`, `flag_datagrid_readonly`, `flag_index`, `flag_detail`, `created`, `created_by`, `modified`, `modified_by`) VALUES ('CAN-999-999-000-999-1031_CAN-999-999-000-999-1216', 'CAN-999-999-000-999-1031', 'CAN-999-999-000-999-1216', '0', '9', '', '0', '', '0', '', '0', '', '0', '', '0', '', '0', '', '1', '0', '1', '0', '0', '0', '1', '0', '0', '0', '0000-00-00 00:00:00', '', '0000-00-00 00:00:00', '');
INSERT INTO `form_formats` (`id`, `form_id`, `field_id`, `display_column`, `display_order`, `language_heading`, `flag_override_label`, `language_label`, `flag_override_tag`, `language_tag`, `flag_override_help`, `language_help`, `flag_override_type`, `type`, `flag_override_setting`, `setting`, `flag_override_default`, `default`, `flag_add`, `flag_add_readonly`, `flag_edit`, `flag_edit_readonly`, `flag_search`, `flag_search_readonly`, `flag_datagrid`, `flag_datagrid_readonly`, `flag_index`, `flag_detail`, `created`, `created_by`, `modified`, `modified_by`) VALUES ('CAN-999-999-000-999-1031_CAN-999-999-000-999-1106', 'CAN-999-999-000-999-1031', 'CAN-999-999-000-999-1106', '0', '10', '', '0', '', '0', '', '0', '', '0', '', '0', '', '0', '', '1', '0', '1', '0', '0', '0', '1', '0', '0', '0', '0000-00-00 00:00:00', '', '0000-00-00 00:00:00', '');
INSERT INTO `form_formats` (`id`, `form_id`, `field_id`, `display_column`, `display_order`, `language_heading`, `flag_override_label`, `language_label`, `flag_override_tag`, `language_tag`, `flag_override_help`, `language_help`, `flag_override_type`, `type`, `flag_override_setting`, `setting`, `flag_override_default`, `default`, `flag_add`, `flag_add_readonly`, `flag_edit`, `flag_edit_readonly`, `flag_search`, `flag_search_readonly`, `flag_datagrid`, `flag_datagrid_readonly`, `flag_index`, `flag_detail`, `created`, `created_by`, `modified`, `modified_by`) VALUES ('CAN-999-999-000-999-1031_CAN-999-999-000-999-1217', 'CAN-999-999-000-999-1031', 'CAN-999-999-000-999-1217', '0', '10', '', '0', '', '0', '', '0', '', '0', '', '0', '', '0', '', '0', '0', '0', '0', '0', '0', '0', '0', '1', '1', '0000-00-00 00:00:00', '', '0000-00-00 00:00:00', '');
INSERT INTO `form_formats` (`id`, `form_id`, `field_id`, `display_column`, `display_order`, `language_heading`, `flag_override_label`, `language_label`, `flag_override_tag`, `language_tag`, `flag_override_help`, `language_help`, `flag_override_type`, `type`, `flag_override_setting`, `setting`, `flag_override_default`, `default`, `flag_add`, `flag_add_readonly`, `flag_edit`, `flag_edit_readonly`, `flag_search`, `flag_search_readonly`, `flag_datagrid`, `flag_datagrid_readonly`, `flag_index`, `flag_detail`, `created`, `created_by`, `modified`, `modified_by`) VALUES ('CAN-999-999-000-999-1031_CAN-999-999-000-999-1117', 'CAN-999-999-000-999-1031', 'CAN-999-999-000-999-1117', '0', '11', '', '0', '', '0', '', '0', '', '0', '', '0', '', '0', '', '0', '0', '0', '0', '0', '0', '0', '0', '1', '1', '0000-00-00 00:00:00', '', '0000-00-00 00:00:00', '');
INSERT INTO `form_formats` (`id`, `form_id`, `field_id`, `display_column`, `display_order`, `language_heading`, `flag_override_label`, `language_label`, `flag_override_tag`, `language_tag`, `flag_override_help`, `language_help`, `flag_override_type`, `type`, `flag_override_setting`, `setting`, `flag_override_default`, `default`, `flag_add`, `flag_add_readonly`, `flag_edit`, `flag_edit_readonly`, `flag_search`, `flag_search_readonly`, `flag_datagrid`, `flag_datagrid_readonly`, `flag_index`, `flag_detail`, `created`, `created_by`, `modified`, `modified_by`) VALUES ('CAN-999-999-000-999-1031_CAN-999-999-000-999-1107', 'CAN-999-999-000-999-1031', 'CAN-999-999-000-999-1107', '0', '12', '', '0', '', '0', '', '0', '', '0', '', '0', '', '0', '', '1', '0', '1', '0', '0', '0', '1', '0', '1', '1', '0000-00-00 00:00:00', '', '0000-00-00 00:00:00', '');
INSERT INTO `form_formats` (`id`, `form_id`, `field_id`, `display_column`, `display_order`, `language_heading`, `flag_override_label`, `language_label`, `flag_override_tag`, `language_tag`, `flag_override_help`, `language_help`, `flag_override_type`, `type`, `flag_override_setting`, `setting`, `flag_override_default`, `default`, `flag_add`, `flag_add_readonly`, `flag_edit`, `flag_edit_readonly`, `flag_search`, `flag_search_readonly`, `flag_datagrid`, `flag_datagrid_readonly`, `flag_index`, `flag_detail`, `created`, `created_by`, `modified`, `modified_by`) VALUES ('CAN-999-999-000-999-1031_CAN-999-999-000-999-1108', 'CAN-999-999-000-999-1031', 'CAN-999-999-000-999-1108', '0', '14', '', '0', '', '0', '', '0', '', '0', '', '0', '', '0', '', '1', '0', '1', '0', '0', '0', '1', '0', '1', '1', '0000-00-00 00:00:00', '', '0000-00-00 00:00:00', '');
INSERT INTO `form_formats` (`id`, `form_id`, `field_id`, `display_column`, `display_order`, `language_heading`, `flag_override_label`, `language_label`, `flag_override_tag`, `language_tag`, `flag_override_help`, `language_help`, `flag_override_type`, `type`, `flag_override_setting`, `setting`, `flag_override_default`, `default`, `flag_add`, `flag_add_readonly`, `flag_edit`, `flag_edit_readonly`, `flag_search`, `flag_search_readonly`, `flag_datagrid`, `flag_datagrid_readonly`, `flag_index`, `flag_detail`, `created`, `created_by`, `modified`, `modified_by`) VALUES ('CAN-999-999-000-999-1031_CAN-999-999-000-999-1110', 'CAN-999-999-000-999-1031', 'CAN-999-999-000-999-1110', '0', '16', '', '0', '', '0', '', '0', '', '0', '', '0', '', '0', '', '0', '0', '0', '0', '0', '0', '0', '0', '1', '1', '0000-00-00 00:00:00', '', '0000-00-00 00:00:00', '');
INSERT INTO `form_formats` (`id`, `form_id`, `field_id`, `display_column`, `display_order`, `language_heading`, `flag_override_label`, `language_label`, `flag_override_tag`, `language_tag`, `flag_override_help`, `language_help`, `flag_override_type`, `type`, `flag_override_setting`, `setting`, `flag_override_default`, `default`, `flag_add`, `flag_add_readonly`, `flag_edit`, `flag_edit_readonly`, `flag_search`, `flag_search_readonly`, `flag_datagrid`, `flag_datagrid_readonly`, `flag_index`, `flag_detail`, `created`, `created_by`, `modified`, `modified_by`) VALUES ('CAN-999-999-000-999-1031_CAN-999-999-000-999-1194', 'CAN-999-999-000-999-1031', 'CAN-999-999-000-999-1194', '0', '17', '', '0', '', '0', '', '0', '', '0', '', '0', '', '0', '', '0', '0', '0', '0', '0', '0', '0', '0', '1', '1', '0000-00-00 00:00:00', '', '0000-00-00 00:00:00', '');
INSERT INTO `form_formats` (`id`, `form_id`, `field_id`, `display_column`, `display_order`, `language_heading`, `flag_override_label`, `language_label`, `flag_override_tag`, `language_tag`, `flag_override_help`, `language_help`, `flag_override_type`, `type`, `flag_override_setting`, `setting`, `flag_override_default`, `default`, `flag_add`, `flag_add_readonly`, `flag_edit`, `flag_edit_readonly`, `flag_search`, `flag_search_readonly`, `flag_datagrid`, `flag_datagrid_readonly`, `flag_index`, `flag_detail`, `created`, `created_by`, `modified`, `modified_by`) VALUES ('CAN-999-999-000-999-1031_CAN-999-999-000-999-1109', 'CAN-999-999-000-999-1031', 'CAN-999-999-000-999-1109', '0', '15', '', '0', '', '0', '', '0', '', '0', '', '0', '', '0', '', '1', '0', '1', '0', '0', '0', '1', '0', '1', '1', '0000-00-00 00:00:00', '', '0000-00-00 00:00:00', '');
INSERT INTO `form_formats` (`id`, `form_id`, `field_id`, `display_column`, `display_order`, `language_heading`, `flag_override_label`, `language_label`, `flag_override_tag`, `language_tag`, `flag_override_help`, `language_help`, `flag_override_type`, `type`, `flag_override_setting`, `setting`, `flag_override_default`, `default`, `flag_add`, `flag_add_readonly`, `flag_edit`, `flag_edit_readonly`, `flag_search`, `flag_search_readonly`, `flag_datagrid`, `flag_datagrid_readonly`, `flag_index`, `flag_detail`, `created`, `created_by`, `modified`, `modified_by`) VALUES ('CAN-999-999-000-999-1031_CAN-999-999-000-999-1165', 'CAN-999-999-000-999-1031', 'CAN-999-999-000-999-1165', '0', '19', '', '0', '', '0', '', '0', '', '0', '', '0', '', '0', '', '1', '0', '1', '0', '0', '0', '0', '0', '0', '1', '0000-00-00 00:00:00', '', '0000-00-00 00:00:00', '');
INSERT INTO `form_formats` (`id`, `form_id`, `field_id`, `display_column`, `display_order`, `language_heading`, `flag_override_label`, `language_label`, `flag_override_tag`, `language_tag`, `flag_override_help`, `language_help`, `flag_override_type`, `type`, `flag_override_setting`, `setting`, `flag_override_default`, `default`, `flag_add`, `flag_add_readonly`, `flag_edit`, `flag_edit_readonly`, `flag_search`, `flag_search_readonly`, `flag_datagrid`, `flag_datagrid_readonly`, `flag_index`, `flag_detail`, `created`, `created_by`, `modified`, `modified_by`) VALUES ('CAN-999-999-000-999-1031_CAN-999-999-000-999-1112', 'CAN-999-999-000-999-1031', 'CAN-999-999-000-999-1112', '0', '20', '', '0', '', '0', '', '0', '', '0', '', '0', '', '0', '', '1', '0', '1', '0', '0', '0', '0', '0', '1', '1', '0000-00-00 00:00:00', '', '0000-00-00 00:00:00', '');
INSERT INTO `form_formats` (`id`, `form_id`, `field_id`, `display_column`, `display_order`, `language_heading`, `flag_override_label`, `language_label`, `flag_override_tag`, `language_tag`, `flag_override_help`, `language_help`, `flag_override_type`, `type`, `flag_override_setting`, `setting`, `flag_override_default`, `default`, `flag_add`, `flag_add_readonly`, `flag_edit`, `flag_edit_readonly`, `flag_search`, `flag_search_readonly`, `flag_datagrid`, `flag_datagrid_readonly`, `flag_index`, `flag_detail`, `created`, `created_by`, `modified`, `modified_by`) VALUES ('CAN-999-999-000-999-1031_CAN-999-999-000-999-1140', 'CAN-999-999-000-999-1031', 'CAN-999-999-000-999-1140', '1', '50', '', '0', '', '0', '', '0', '', '0', '', '0', '', '0', '', '0', '1', '0', '1', '0', '1', '0', '1', '0', '1', '0000-00-00 00:00:00', '', '0000-00-00 00:00:00', '');
INSERT INTO `form_formats` (`id`, `form_id`, `field_id`, `display_column`, `display_order`, `language_heading`, `flag_override_label`, `language_label`, `flag_override_tag`, `language_tag`, `flag_override_help`, `language_help`, `flag_override_type`, `type`, `flag_override_setting`, `setting`, `flag_override_default`, `default`, `flag_add`, `flag_add_readonly`, `flag_edit`, `flag_edit_readonly`, `flag_search`, `flag_search_readonly`, `flag_datagrid`, `flag_datagrid_readonly`, `flag_index`, `flag_detail`, `created`, `created_by`, `modified`, `modified_by`) VALUES ('CAN-999-999-000-999-1031_CAN-999-999-000-999-1141', 'CAN-999-999-000-999-1031', 'CAN-999-999-000-999-1141', '1', '51', '', '0', '', '0', '', '0', '', '0', '', '0', '', '0', '', '0', '1', '0', '1', '0', '1', '0', '1', '0', '1', '0000-00-00 00:00:00', '', '0000-00-00 00:00:00', '');
INSERT INTO `form_formats` (`id`, `form_id`, `field_id`, `display_column`, `display_order`, `language_heading`, `flag_override_label`, `language_label`, `flag_override_tag`, `language_tag`, `flag_override_help`, `language_help`, `flag_override_type`, `type`, `flag_override_setting`, `setting`, `flag_override_default`, `default`, `flag_add`, `flag_add_readonly`, `flag_edit`, `flag_edit_readonly`, `flag_search`, `flag_search_readonly`, `flag_datagrid`, `flag_datagrid_readonly`, `flag_index`, `flag_detail`, `created`, `created_by`, `modified`, `modified_by`) VALUES ('CAN-999-999-000-999-1031_CAN-999-999-000-999-1142', 'CAN-999-999-000-999-1031', 'CAN-999-999-000-999-1142', '1', '52', '', '0', '', '0', '', '0', '', '0', '', '0', '', '0', '', '0', '1', '0', '1', '0', '1', '0', '1', '0', '1', '0000-00-00 00:00:00', '', '0000-00-00 00:00:00', '');
INSERT INTO `form_formats` (`id`, `form_id`, `field_id`, `display_column`, `display_order`, `language_heading`, `flag_override_label`, `language_label`, `flag_override_tag`, `language_tag`, `flag_override_help`, `language_help`, `flag_override_type`, `type`, `flag_override_setting`, `setting`, `flag_override_default`, `default`, `flag_add`, `flag_add_readonly`, `flag_edit`, `flag_edit_readonly`, `flag_search`, `flag_search_readonly`, `flag_datagrid`, `flag_datagrid_readonly`, `flag_index`, `flag_detail`, `created`, `created_by`, `modified`, `modified_by`) VALUES ('CAN-999-999-000-999-1031_CAN-999-999-000-999-1143', 'CAN-999-999-000-999-1031', 'CAN-999-999-000-999-1143', '1', '53', '', '0', '', '0', '', '0', '', '0', '', '0', '', '0', '', '0', '1', '0', '1', '0', '1', '0', '1', '0', '1', '0000-00-00 00:00:00', '', '0000-00-00 00:00:00', '');
INSERT INTO `form_formats` (`id`, `form_id`, `field_id`, `display_column`, `display_order`, `language_heading`, `flag_override_label`, `language_label`, `flag_override_tag`, `language_tag`, `flag_override_help`, `language_help`, `flag_override_type`, `type`, `flag_override_setting`, `setting`, `flag_override_default`, `default`, `flag_add`, `flag_add_readonly`, `flag_edit`, `flag_edit_readonly`, `flag_search`, `flag_search_readonly`, `flag_datagrid`, `flag_datagrid_readonly`, `flag_index`, `flag_detail`, `created`, `created_by`, `modified`, `modified_by`) VALUES ('CAN-999-999-000-999-1031_CAN-999-999-000-999-1120', 'CAN-999-999-000-999-1031', 'CAN-999-999-000-999-1120', '1', '30', '', '0', '', '0', '', '0', '', '0', '', '0', '', '0', '', '1', '0', '1', '0', '0', '0', '1', '0', '1', '1', '0000-00-00 00:00:00', '', '0000-00-00 00:00:00', '');

-- ------------------------------------------------------------------------
-- alias = ad_der_tubes_incl_ml_vol
-- ------------------------------------------------------------------------

DELETE FROM `forms` WHERE `alias` = 'ad_der_tubes_incl_ml_vol';
INSERT INTO `forms` (`id`, `alias`, `language_title`, `language_help`, `flag_add_columns`, `flag_edit_columns`, `flag_search_columns`, `flag_detail_columns`, `created`, `created_by`, `modified`, `modified_by`) VALUES ('CAN-999-999-000-999-1032', 'ad_der_tubes_incl_ml_vol', '', '', '0', '0', '0', '1', '0000-00-00 00:00:00', '', '0000-00-00 00:00:00', '');

DELETE FROM `form_formats` WHERE `form_id` = 'CAN-999-999-000-999-1032';
INSERT INTO `form_formats` (`id`, `form_id`, `field_id`, `display_column`, `display_order`, `language_heading`, `flag_override_label`, `language_label`, `flag_override_tag`, `language_tag`, `flag_override_help`, `language_help`, `flag_override_type`, `type`, `flag_override_setting`, `setting`, `flag_override_default`, `default`, `flag_add`, `flag_add_readonly`, `flag_edit`, `flag_edit_readonly`, `flag_search`, `flag_search_readonly`, `flag_datagrid`, `flag_datagrid_readonly`, `flag_index`, `flag_detail`, `created`, `created_by`, `modified`, `modified_by`) VALUES ('CAN-999-999-000-999-1032_CAN-999-999-000-999-1119', 'CAN-999-999-000-999-1032', 'CAN-999-999-000-999-1119', '0', '1', '', '0', '', '0', '', '0', '', '0', '', '0', '', '0', '', '0', '0', '0', '0', '0', '0', '1', '0', '0', '0', '0000-00-00 00:00:00', '', '0000-00-00 00:00:00', '');
INSERT INTO `form_formats` (`id`, `form_id`, `field_id`, `display_column`, `display_order`, `language_heading`, `flag_override_label`, `language_label`, `flag_override_tag`, `language_tag`, `flag_override_help`, `language_help`, `flag_override_type`, `type`, `flag_override_setting`, `setting`, `flag_override_default`, `default`, `flag_add`, `flag_add_readonly`, `flag_edit`, `flag_edit_readonly`, `flag_search`, `flag_search_readonly`, `flag_datagrid`, `flag_datagrid_readonly`, `flag_index`, `flag_detail`, `created`, `created_by`, `modified`, `modified_by`) VALUES ('CAN-999-999-000-999-1032_CAN-999-999-000-999-1115', 'CAN-999-999-000-999-1032', 'CAN-999-999-000-999-1115', '0', '0', '', '0', '', '0', '', '0', '', '0', '', '0', '', '0', '', '0', '0', '0', '0', '0', '0', '1', '0', '0', '0', '0000-00-00 00:00:00', '', '0000-00-00 00:00:00', '');
INSERT INTO `form_formats` (`id`, `form_id`, `field_id`, `display_column`, `display_order`, `language_heading`, `flag_override_label`, `language_label`, `flag_override_tag`, `language_tag`, `flag_override_help`, `language_help`, `flag_override_type`, `type`, `flag_override_setting`, `setting`, `flag_override_default`, `default`, `flag_add`, `flag_add_readonly`, `flag_edit`, `flag_edit_readonly`, `flag_search`, `flag_search_readonly`, `flag_datagrid`, `flag_datagrid_readonly`, `flag_index`, `flag_detail`, `created`, `created_by`, `modified`, `modified_by`) VALUES ('CAN-999-999-000-999-1032_CAN-999-999-000-999-1116', 'CAN-999-999-000-999-1032', 'CAN-999-999-000-999-1116', '0', '0', '', '0', '', '0', '', '0', '', '0', '', '0', '', '0', '', '0', '0', '0', '0', '0', '0', '1', '0', '0', '0', '0000-00-00 00:00:00', '', '0000-00-00 00:00:00', '');
INSERT INTO `form_formats` (`id`, `form_id`, `field_id`, `display_column`, `display_order`, `language_heading`, `flag_override_label`, `language_label`, `flag_override_tag`, `language_tag`, `flag_override_help`, `language_help`, `flag_override_type`, `type`, `flag_override_setting`, `setting`, `flag_override_default`, `default`, `flag_add`, `flag_add_readonly`, `flag_edit`, `flag_edit_readonly`, `flag_search`, `flag_search_readonly`, `flag_datagrid`, `flag_datagrid_readonly`, `flag_index`, `flag_detail`, `created`, `created_by`, `modified`, `modified_by`) VALUES ('CAN-999-999-000-999-1032_CAN-999-999-000-999-1113', 'CAN-999-999-000-999-1032', 'CAN-999-999-000-999-1113', '0', '0', '', '0', '', '0', '', '0', '', '0', '', '0', '', '0', '', '0', '0', '0', '0', '0', '0', '1', '0', '0', '0', '0000-00-00 00:00:00', '', '0000-00-00 00:00:00', '');
INSERT INTO `form_formats` (`id`, `form_id`, `field_id`, `display_column`, `display_order`, `language_heading`, `flag_override_label`, `language_label`, `flag_override_tag`, `language_tag`, `flag_override_help`, `language_help`, `flag_override_type`, `type`, `flag_override_setting`, `setting`, `flag_override_default`, `default`, `flag_add`, `flag_add_readonly`, `flag_edit`, `flag_edit_readonly`, `flag_search`, `flag_search_readonly`, `flag_datagrid`, `flag_datagrid_readonly`, `flag_index`, `flag_detail`, `created`, `created_by`, `modified`, `modified_by`) VALUES ('CAN-999-999-000-999-1032_CAN-999-999-000-999-1114', 'CAN-999-999-000-999-1032', 'CAN-999-999-000-999-1114', '0', '0', '', '0', '', '0', '', '0', '', '0', '', '0', '', '0', '', '0', '0', '0', '0', '0', '0', '1', '0', '0', '0', '0000-00-00 00:00:00', '', '0000-00-00 00:00:00', '');
INSERT INTO `form_formats` (`id`, `form_id`, `field_id`, `display_column`, `display_order`, `language_heading`, `flag_override_label`, `language_label`, `flag_override_tag`, `language_tag`, `flag_override_help`, `language_help`, `flag_override_type`, `type`, `flag_override_setting`, `setting`, `flag_override_default`, `default`, `flag_add`, `flag_add_readonly`, `flag_edit`, `flag_edit_readonly`, `flag_search`, `flag_search_readonly`, `flag_datagrid`, `flag_datagrid_readonly`, `flag_index`, `flag_detail`, `created`, `created_by`, `modified`, `modified_by`) VALUES ('CAN-999-999-000-999-1032_CAN-999-999-000-999-1100', 'CAN-999-999-000-999-1032', 'CAN-999-999-000-999-1100', '0', '2', '', '0', '', '0', '', '0', '', '0', '', '0', '', '0', '', '1', '0', '0', '0', '0', '0', '1', '0', '0', '0', '0000-00-00 00:00:00', '', '0000-00-00 00:00:00', '');
INSERT INTO `form_formats` (`id`, `form_id`, `field_id`, `display_column`, `display_order`, `language_heading`, `flag_override_label`, `language_label`, `flag_override_tag`, `language_tag`, `flag_override_help`, `language_help`, `flag_override_type`, `type`, `flag_override_setting`, `setting`, `flag_override_default`, `default`, `flag_add`, `flag_add_readonly`, `flag_edit`, `flag_edit_readonly`, `flag_search`, `flag_search_readonly`, `flag_datagrid`, `flag_datagrid_readonly`, `flag_index`, `flag_detail`, `created`, `created_by`, `modified`, `modified_by`) VALUES ('CAN-999-999-000-999-1032_CAN-999-999-000-999-1101', 'CAN-999-999-000-999-1032', 'CAN-999-999-000-999-1101', '0', '2', '', '0', '', '0', '', '0', '', '0', '', '0', '', '0', '', '0', '1', '1', '1', '1', '1', '0', '1', '1', '1', '0000-00-00 00:00:00', '', '0000-00-00 00:00:00', '');
INSERT INTO `form_formats` (`id`, `form_id`, `field_id`, `display_column`, `display_order`, `language_heading`, `flag_override_label`, `language_label`, `flag_override_tag`, `language_tag`, `flag_override_help`, `language_help`, `flag_override_type`, `type`, `flag_override_setting`, `setting`, `flag_override_default`, `default`, `flag_add`, `flag_add_readonly`, `flag_edit`, `flag_edit_readonly`, `flag_search`, `flag_search_readonly`, `flag_datagrid`, `flag_datagrid_readonly`, `flag_index`, `flag_detail`, `created`, `created_by`, `modified`, `modified_by`) VALUES ('CAN-999-999-000-999-1032_CAN-999-999-000-999-1118', 'CAN-999-999-000-999-1032', 'CAN-999-999-000-999-1118', '0', '2', '', '0', '', '0', '', '0', '', '0', '', '0', '', '0', '', '1', '0', '1', '0', '0', '0', '1', '0', '1', '1', '0000-00-00 00:00:00', '', '0000-00-00 00:00:00', '');
INSERT INTO `form_formats` (`id`, `form_id`, `field_id`, `display_column`, `display_order`, `language_heading`, `flag_override_label`, `language_label`, `flag_override_tag`, `language_tag`, `flag_override_help`, `language_help`, `flag_override_type`, `type`, `flag_override_setting`, `setting`, `flag_override_default`, `default`, `flag_add`, `flag_add_readonly`, `flag_edit`, `flag_edit_readonly`, `flag_search`, `flag_search_readonly`, `flag_datagrid`, `flag_datagrid_readonly`, `flag_index`, `flag_detail`, `created`, `created_by`, `modified`, `modified_by`) VALUES ('CAN-999-999-000-999-1032_CAN-999-999-000-999-1102', 'CAN-999-999-000-999-1032', 'CAN-999-999-000-999-1102', '0', '5', '', '0', '', '0', '', '0', '', '0', '', '0', '', '0', '', '1', '1', '1', '1', '0', '1', '1', '1', '1', '1', '0000-00-00 00:00:00', '', '0000-00-00 00:00:00', '');
INSERT INTO `form_formats` (`id`, `form_id`, `field_id`, `display_column`, `display_order`, `language_heading`, `flag_override_label`, `language_label`, `flag_override_tag`, `language_tag`, `flag_override_help`, `language_help`, `flag_override_type`, `type`, `flag_override_setting`, `setting`, `flag_override_default`, `default`, `flag_add`, `flag_add_readonly`, `flag_edit`, `flag_edit_readonly`, `flag_search`, `flag_search_readonly`, `flag_datagrid`, `flag_datagrid_readonly`, `flag_index`, `flag_detail`, `created`, `created_by`, `modified`, `modified_by`) VALUES ('CAN-999-999-000-999-1032_CAN-999-999-000-999-1103', 'CAN-999-999-000-999-1032', 'CAN-999-999-000-999-1103', '0', '6', '', '0', '', '0', '', '0', '', '0', '', '0', '', '0', '', '1', '0', '1', '0', '0', '0', '1', '0', '1', '1', '0000-00-00 00:00:00', '', '0000-00-00 00:00:00', '');
INSERT INTO `form_formats` (`id`, `form_id`, `field_id`, `display_column`, `display_order`, `language_heading`, `flag_override_label`, `language_label`, `flag_override_tag`, `language_tag`, `flag_override_help`, `language_help`, `flag_override_type`, `type`, `flag_override_setting`, `setting`, `flag_override_default`, `default`, `flag_add`, `flag_add_readonly`, `flag_edit`, `flag_edit_readonly`, `flag_search`, `flag_search_readonly`, `flag_datagrid`, `flag_datagrid_readonly`, `flag_index`, `flag_detail`, `created`, `created_by`, `modified`, `modified_by`) VALUES ('CAN-999-999-000-999-1032_CAN-999-999-000-999-1104', 'CAN-999-999-000-999-1032', 'CAN-999-999-000-999-1104', '0', '7', '', '0', '', '0', '', '0', '', '0', '', '0', '', '0', '', '1', '0', '1', '0', '0', '0', '1', '0', '1', '1', '0000-00-00 00:00:00', '', '0000-00-00 00:00:00', '');
INSERT INTO `form_formats` (`id`, `form_id`, `field_id`, `display_column`, `display_order`, `language_heading`, `flag_override_label`, `language_label`, `flag_override_tag`, `language_tag`, `flag_override_help`, `language_help`, `flag_override_type`, `type`, `flag_override_setting`, `setting`, `flag_override_default`, `default`, `flag_add`, `flag_add_readonly`, `flag_edit`, `flag_edit_readonly`, `flag_search`, `flag_search_readonly`, `flag_datagrid`, `flag_datagrid_readonly`, `flag_index`, `flag_detail`, `created`, `created_by`, `modified`, `modified_by`) VALUES ('CAN-999-999-000-999-1032_CAN-999-999-000-999-1259', 'CAN-999-999-000-999-1032', 'CAN-999-999-000-999-1259', '0', '7', '', '0', '', '0', '', '0', '', '0', '', '0', '', '0', '', '1', '0', '1', '0', '0', '0', '1', '0', '1', '1', '0000-00-00 00:00:00', '', '0000-00-00 00:00:00', '');
INSERT INTO `form_formats` (`id`, `form_id`, `field_id`, `display_column`, `display_order`, `language_heading`, `flag_override_label`, `language_label`, `flag_override_tag`, `language_tag`, `flag_override_help`, `language_help`, `flag_override_type`, `type`, `flag_override_setting`, `setting`, `flag_override_default`, `default`, `flag_add`, `flag_add_readonly`, `flag_edit`, `flag_edit_readonly`, `flag_search`, `flag_search_readonly`, `flag_datagrid`, `flag_datagrid_readonly`, `flag_index`, `flag_detail`, `created`, `created_by`, `modified`, `modified_by`) VALUES ('CAN-999-999-000-999-1032_CAN-999-999-000-999-1105', 'CAN-999-999-000-999-1032', 'CAN-999-999-000-999-1105', '0', '8', '', '0', '', '0', '', '0', '', '0', '', '0', '', '0', '', '0', '1', '0', '1', '0', '1', '0', '1', '1', '1', '0000-00-00 00:00:00', '', '0000-00-00 00:00:00', '');
INSERT INTO `form_formats` (`id`, `form_id`, `field_id`, `display_column`, `display_order`, `language_heading`, `flag_override_label`, `language_label`, `flag_override_tag`, `language_tag`, `flag_override_help`, `language_help`, `flag_override_type`, `type`, `flag_override_setting`, `setting`, `flag_override_default`, `default`, `flag_add`, `flag_add_readonly`, `flag_edit`, `flag_edit_readonly`, `flag_search`, `flag_search_readonly`, `flag_datagrid`, `flag_datagrid_readonly`, `flag_index`, `flag_detail`, `created`, `created_by`, `modified`, `modified_by`) VALUES ('CAN-999-999-000-999-1032_CAN-999-999-000-999-1216', 'CAN-999-999-000-999-1032', 'CAN-999-999-000-999-1216', '0', '9', '', '0', '', '0', '', '0', '', '0', '', '0', '', '0', '', '1', '0', '1', '0', '0', '0', '1', '0', '0', '0', '0000-00-00 00:00:00', '', '0000-00-00 00:00:00', '');
INSERT INTO `form_formats` (`id`, `form_id`, `field_id`, `display_column`, `display_order`, `language_heading`, `flag_override_label`, `language_label`, `flag_override_tag`, `language_tag`, `flag_override_help`, `language_help`, `flag_override_type`, `type`, `flag_override_setting`, `setting`, `flag_override_default`, `default`, `flag_add`, `flag_add_readonly`, `flag_edit`, `flag_edit_readonly`, `flag_search`, `flag_search_readonly`, `flag_datagrid`, `flag_datagrid_readonly`, `flag_index`, `flag_detail`, `created`, `created_by`, `modified`, `modified_by`) VALUES ('CAN-999-999-000-999-1032_CAN-999-999-000-999-1106', 'CAN-999-999-000-999-1032', 'CAN-999-999-000-999-1106', '0', '10', '', '0', '', '0', '', '0', '', '0', '', '0', '', '0', '', '1', '0', '1', '0', '0', '0', '1', '0', '0', '0', '0000-00-00 00:00:00', '', '0000-00-00 00:00:00', '');
INSERT INTO `form_formats` (`id`, `form_id`, `field_id`, `display_column`, `display_order`, `language_heading`, `flag_override_label`, `language_label`, `flag_override_tag`, `language_tag`, `flag_override_help`, `language_help`, `flag_override_type`, `type`, `flag_override_setting`, `setting`, `flag_override_default`, `default`, `flag_add`, `flag_add_readonly`, `flag_edit`, `flag_edit_readonly`, `flag_search`, `flag_search_readonly`, `flag_datagrid`, `flag_datagrid_readonly`, `flag_index`, `flag_detail`, `created`, `created_by`, `modified`, `modified_by`) VALUES ('CAN-999-999-000-999-1032_CAN-999-999-000-999-1217', 'CAN-999-999-000-999-1032', 'CAN-999-999-000-999-1217', '0', '10', '', '0', '', '0', '', '0', '', '0', '', '0', '', '0', '', '0', '0', '0', '0', '0', '0', '0', '0', '1', '1', '0000-00-00 00:00:00', '', '0000-00-00 00:00:00', '');
INSERT INTO `form_formats` (`id`, `form_id`, `field_id`, `display_column`, `display_order`, `language_heading`, `flag_override_label`, `language_label`, `flag_override_tag`, `language_tag`, `flag_override_help`, `language_help`, `flag_override_type`, `type`, `flag_override_setting`, `setting`, `flag_override_default`, `default`, `flag_add`, `flag_add_readonly`, `flag_edit`, `flag_edit_readonly`, `flag_search`, `flag_search_readonly`, `flag_datagrid`, `flag_datagrid_readonly`, `flag_index`, `flag_detail`, `created`, `created_by`, `modified`, `modified_by`) VALUES ('CAN-999-999-000-999-1032_CAN-999-999-000-999-1117', 'CAN-999-999-000-999-1032', 'CAN-999-999-000-999-1117', '0', '11', '', '0', '', '0', '', '0', '', '0', '', '0', '', '0', '', '0', '0', '0', '0', '0', '0', '0', '0', '1', '1', '0000-00-00 00:00:00', '', '0000-00-00 00:00:00', '');
INSERT INTO `form_formats` (`id`, `form_id`, `field_id`, `display_column`, `display_order`, `language_heading`, `flag_override_label`, `language_label`, `flag_override_tag`, `language_tag`, `flag_override_help`, `language_help`, `flag_override_type`, `type`, `flag_override_setting`, `setting`, `flag_override_default`, `default`, `flag_add`, `flag_add_readonly`, `flag_edit`, `flag_edit_readonly`, `flag_search`, `flag_search_readonly`, `flag_datagrid`, `flag_datagrid_readonly`, `flag_index`, `flag_detail`, `created`, `created_by`, `modified`, `modified_by`) VALUES ('CAN-999-999-000-999-1032_CAN-999-999-000-999-1107', 'CAN-999-999-000-999-1032', 'CAN-999-999-000-999-1107', '0', '12', '', '0', '', '0', '', '0', '', '0', '', '0', '', '0', '', '1', '0', '1', '0', '0', '0', '1', '0', '1', '1', '0000-00-00 00:00:00', '', '0000-00-00 00:00:00', '');
INSERT INTO `form_formats` (`id`, `form_id`, `field_id`, `display_column`, `display_order`, `language_heading`, `flag_override_label`, `language_label`, `flag_override_tag`, `language_tag`, `flag_override_help`, `language_help`, `flag_override_type`, `type`, `flag_override_setting`, `setting`, `flag_override_default`, `default`, `flag_add`, `flag_add_readonly`, `flag_edit`, `flag_edit_readonly`, `flag_search`, `flag_search_readonly`, `flag_datagrid`, `flag_datagrid_readonly`, `flag_index`, `flag_detail`, `created`, `created_by`, `modified`, `modified_by`) VALUES ('CAN-999-999-000-999-1032_CAN-999-999-000-999-1108', 'CAN-999-999-000-999-1032', 'CAN-999-999-000-999-1108', '0', '14', '', '0', '', '0', '', '0', '', '0', '', '0', '', '0', '', '1', '0', '1', '0', '0', '0', '1', '0', '1', '1', '0000-00-00 00:00:00', '', '0000-00-00 00:00:00', '');
INSERT INTO `form_formats` (`id`, `form_id`, `field_id`, `display_column`, `display_order`, `language_heading`, `flag_override_label`, `language_label`, `flag_override_tag`, `language_tag`, `flag_override_help`, `language_help`, `flag_override_type`, `type`, `flag_override_setting`, `setting`, `flag_override_default`, `default`, `flag_add`, `flag_add_readonly`, `flag_edit`, `flag_edit_readonly`, `flag_search`, `flag_search_readonly`, `flag_datagrid`, `flag_datagrid_readonly`, `flag_index`, `flag_detail`, `created`, `created_by`, `modified`, `modified_by`) VALUES ('CAN-999-999-000-999-1032_CAN-999-999-000-999-1110', 'CAN-999-999-000-999-1032', 'CAN-999-999-000-999-1110', '0', '16', '', '0', '', '0', '', '0', '', '0', '', '0', '', '0', '', '0', '0', '0', '0', '0', '0', '0', '0', '1', '1', '0000-00-00 00:00:00', '', '0000-00-00 00:00:00', '');
INSERT INTO `form_formats` (`id`, `form_id`, `field_id`, `display_column`, `display_order`, `language_heading`, `flag_override_label`, `language_label`, `flag_override_tag`, `language_tag`, `flag_override_help`, `language_help`, `flag_override_type`, `type`, `flag_override_setting`, `setting`, `flag_override_default`, `default`, `flag_add`, `flag_add_readonly`, `flag_edit`, `flag_edit_readonly`, `flag_search`, `flag_search_readonly`, `flag_datagrid`, `flag_datagrid_readonly`, `flag_index`, `flag_detail`, `created`, `created_by`, `modified`, `modified_by`) VALUES ('CAN-999-999-000-999-1032_CAN-999-999-000-999-1194', 'CAN-999-999-000-999-1032', 'CAN-999-999-000-999-1194', '0', '17', '', '0', '', '0', '', '0', '', '0', '', '0', '', '0', '', '0', '0', '0', '0', '0', '0', '0', '0', '1', '1', '0000-00-00 00:00:00', '', '0000-00-00 00:00:00', '');
INSERT INTO `form_formats` (`id`, `form_id`, `field_id`, `display_column`, `display_order`, `language_heading`, `flag_override_label`, `language_label`, `flag_override_tag`, `language_tag`, `flag_override_help`, `language_help`, `flag_override_type`, `type`, `flag_override_setting`, `setting`, `flag_override_default`, `default`, `flag_add`, `flag_add_readonly`, `flag_edit`, `flag_edit_readonly`, `flag_search`, `flag_search_readonly`, `flag_datagrid`, `flag_datagrid_readonly`, `flag_index`, `flag_detail`, `created`, `created_by`, `modified`, `modified_by`) VALUES ('CAN-999-999-000-999-1032_CAN-999-999-000-999-1109', 'CAN-999-999-000-999-1032', 'CAN-999-999-000-999-1109', '0', '15', '', '0', '', '0', '', '0', '', '0', '', '0', '', '0', '', '1', '0', '1', '0', '0', '0', '1', '0', '1', '1', '0000-00-00 00:00:00', '', '0000-00-00 00:00:00', '');
INSERT INTO `form_formats` (`id`, `form_id`, `field_id`, `display_column`, `display_order`, `language_heading`, `flag_override_label`, `language_label`, `flag_override_tag`, `language_tag`, `flag_override_help`, `language_help`, `flag_override_type`, `type`, `flag_override_setting`, `setting`, `flag_override_default`, `default`, `flag_add`, `flag_add_readonly`, `flag_edit`, `flag_edit_readonly`, `flag_search`, `flag_search_readonly`, `flag_datagrid`, `flag_datagrid_readonly`, `flag_index`, `flag_detail`, `created`, `created_by`, `modified`, `modified_by`) VALUES ('CAN-999-999-000-999-1032_CAN-999-999-000-999-1165', 'CAN-999-999-000-999-1032', 'CAN-999-999-000-999-1165', '0', '19', '', '0', '', '0', '', '0', '', '0', '', '0', '', '0', '', '1', '0', '1', '0', '0', '0', '0', '0', '0', '1', '0000-00-00 00:00:00', '', '0000-00-00 00:00:00', '');
INSERT INTO `form_formats` (`id`, `form_id`, `field_id`, `display_column`, `display_order`, `language_heading`, `flag_override_label`, `language_label`, `flag_override_tag`, `language_tag`, `flag_override_help`, `language_help`, `flag_override_type`, `type`, `flag_override_setting`, `setting`, `flag_override_default`, `default`, `flag_add`, `flag_add_readonly`, `flag_edit`, `flag_edit_readonly`, `flag_search`, `flag_search_readonly`, `flag_datagrid`, `flag_datagrid_readonly`, `flag_index`, `flag_detail`, `created`, `created_by`, `modified`, `modified_by`) VALUES ('CAN-999-999-000-999-1032_CAN-999-999-000-999-1112', 'CAN-999-999-000-999-1032', 'CAN-999-999-000-999-1112', '0', '20', '', '0', '', '0', '', '0', '', '0', '', '0', '', '0', '', '1', '0', '1', '0', '0', '0', '0', '0', '1', '1', '0000-00-00 00:00:00', '', '0000-00-00 00:00:00', '');
INSERT INTO `form_formats` (`id`, `form_id`, `field_id`, `display_column`, `display_order`, `language_heading`, `flag_override_label`, `language_label`, `flag_override_tag`, `language_tag`, `flag_override_help`, `language_help`, `flag_override_type`, `type`, `flag_override_setting`, `setting`, `flag_override_default`, `default`, `flag_add`, `flag_add_readonly`, `flag_edit`, `flag_edit_readonly`, `flag_search`, `flag_search_readonly`, `flag_datagrid`, `flag_datagrid_readonly`, `flag_index`, `flag_detail`, `created`, `created_by`, `modified`, `modified_by`) VALUES ('CAN-999-999-000-999-1032_CAN-999-999-000-999-1140', 'CAN-999-999-000-999-1032', 'CAN-999-999-000-999-1140', '1', '50', '', '0', '', '0', '', '0', '', '0', '', '0', '', '0', '', '0', '1', '0', '1', '0', '1', '0', '1', '0', '1', '0000-00-00 00:00:00', '', '0000-00-00 00:00:00', '');
INSERT INTO `form_formats` (`id`, `form_id`, `field_id`, `display_column`, `display_order`, `language_heading`, `flag_override_label`, `language_label`, `flag_override_tag`, `language_tag`, `flag_override_help`, `language_help`, `flag_override_type`, `type`, `flag_override_setting`, `setting`, `flag_override_default`, `default`, `flag_add`, `flag_add_readonly`, `flag_edit`, `flag_edit_readonly`, `flag_search`, `flag_search_readonly`, `flag_datagrid`, `flag_datagrid_readonly`, `flag_index`, `flag_detail`, `created`, `created_by`, `modified`, `modified_by`) VALUES ('CAN-999-999-000-999-1032_CAN-999-999-000-999-1141', 'CAN-999-999-000-999-1032', 'CAN-999-999-000-999-1141', '1', '51', '', '0', '', '0', '', '0', '', '0', '', '0', '', '0', '', '0', '1', '0', '1', '0', '1', '0', '1', '0', '1', '0000-00-00 00:00:00', '', '0000-00-00 00:00:00', '');
INSERT INTO `form_formats` (`id`, `form_id`, `field_id`, `display_column`, `display_order`, `language_heading`, `flag_override_label`, `language_label`, `flag_override_tag`, `language_tag`, `flag_override_help`, `language_help`, `flag_override_type`, `type`, `flag_override_setting`, `setting`, `flag_override_default`, `default`, `flag_add`, `flag_add_readonly`, `flag_edit`, `flag_edit_readonly`, `flag_search`, `flag_search_readonly`, `flag_datagrid`, `flag_datagrid_readonly`, `flag_index`, `flag_detail`, `created`, `created_by`, `modified`, `modified_by`) VALUES ('CAN-999-999-000-999-1032_CAN-999-999-000-999-1142', 'CAN-999-999-000-999-1032', 'CAN-999-999-000-999-1142', '1', '52', '', '0', '', '0', '', '0', '', '0', '', '0', '', '0', '', '0', '1', '0', '1', '0', '1', '0', '1', '0', '1', '0000-00-00 00:00:00', '', '0000-00-00 00:00:00', '');
INSERT INTO `form_formats` (`id`, `form_id`, `field_id`, `display_column`, `display_order`, `language_heading`, `flag_override_label`, `language_label`, `flag_override_tag`, `language_tag`, `flag_override_help`, `language_help`, `flag_override_type`, `type`, `flag_override_setting`, `setting`, `flag_override_default`, `default`, `flag_add`, `flag_add_readonly`, `flag_edit`, `flag_edit_readonly`, `flag_search`, `flag_search_readonly`, `flag_datagrid`, `flag_datagrid_readonly`, `flag_index`, `flag_detail`, `created`, `created_by`, `modified`, `modified_by`) VALUES ('CAN-999-999-000-999-1032_CAN-999-999-000-999-1143', 'CAN-999-999-000-999-1032', 'CAN-999-999-000-999-1143', '1', '53', '', '0', '', '0', '', '0', '', '0', '', '0', '', '0', '', '0', '1', '0', '1', '0', '1', '0', '1', '0', '1', '0000-00-00 00:00:00', '', '0000-00-00 00:00:00', '');
INSERT INTO `form_formats` (`id`, `form_id`, `field_id`, `display_column`, `display_order`, `language_heading`, `flag_override_label`, `language_label`, `flag_override_tag`, `language_tag`, `flag_override_help`, `language_help`, `flag_override_type`, `type`, `flag_override_setting`, `setting`, `flag_override_default`, `default`, `flag_add`, `flag_add_readonly`, `flag_edit`, `flag_edit_readonly`, `flag_search`, `flag_search_readonly`, `flag_datagrid`, `flag_datagrid_readonly`, `flag_index`, `flag_detail`, `created`, `created_by`, `modified`, `modified_by`) VALUES ('CAN-999-999-000-999-1032_CAN-999-999-000-999-1130', 'CAN-999-999-000-999-1032', 'CAN-999-999-000-999-1130', '1', '40', '', '0', '', '0', '', '0', '', '0', '', '0', '', '0', '', '0', '1', '0', '1', '0', '1', '0', '1', '1', '1', '0000-00-00 00:00:00', '', '0000-00-00 00:00:00', '');
INSERT INTO `form_formats` (`id`, `form_id`, `field_id`, `display_column`, `display_order`, `language_heading`, `flag_override_label`, `language_label`, `flag_override_tag`, `language_tag`, `flag_override_help`, `language_help`, `flag_override_type`, `type`, `flag_override_setting`, `setting`, `flag_override_default`, `default`, `flag_add`, `flag_add_readonly`, `flag_edit`, `flag_edit_readonly`, `flag_search`, `flag_search_readonly`, `flag_datagrid`, `flag_datagrid_readonly`, `flag_index`, `flag_detail`, `created`, `created_by`, `modified`, `modified_by`) VALUES ('CAN-999-999-000-999-1032_CAN-999-999-000-999-1131', 'CAN-999-999-000-999-1032', 'CAN-999-999-000-999-1131', '1', '41', '', '0', '', '0', '', '0', '', '0', '', '0', '', '0', '', '0', '1', '0', '1', '0', '1', '0', '1', '1', '1', '0000-00-00 00:00:00', '', '0000-00-00 00:00:00', '');
INSERT INTO `form_formats` (`id`, `form_id`, `field_id`, `display_column`, `display_order`, `language_heading`, `flag_override_label`, `language_label`, `flag_override_tag`, `language_tag`, `flag_override_help`, `language_help`, `flag_override_type`, `type`, `flag_override_setting`, `setting`, `flag_override_default`, `default`, `flag_add`, `flag_add_readonly`, `flag_edit`, `flag_edit_readonly`, `flag_search`, `flag_search_readonly`, `flag_datagrid`, `flag_datagrid_readonly`, `flag_index`, `flag_detail`, `created`, `created_by`, `modified`, `modified_by`) VALUES ('CAN-999-999-000-999-1032_CAN-999-999-000-999-1132', 'CAN-999-999-000-999-1032', 'CAN-999-999-000-999-1132', '1', '42', '', '0', '', '0', '', '0', '', '0', '', '0', '', '0', '', '1', '0', '1', '0', '0', '0', '1', '0', '1', '1', '0000-00-00 00:00:00', '', '0000-00-00 00:00:00', '');
INSERT INTO `form_formats` (`id`, `form_id`, `field_id`, `display_column`, `display_order`, `language_heading`, `flag_override_label`, `language_label`, `flag_override_tag`, `language_tag`, `flag_override_help`, `language_help`, `flag_override_type`, `type`, `flag_override_setting`, `setting`, `flag_override_default`, `default`, `flag_add`, `flag_add_readonly`, `flag_edit`, `flag_edit_readonly`, `flag_search`, `flag_search_readonly`, `flag_datagrid`, `flag_datagrid_readonly`, `flag_index`, `flag_detail`, `created`, `created_by`, `modified`, `modified_by`) VALUES ('CAN-999-999-000-999-1032_CAN-999-999-000-999-1133', 'CAN-999-999-000-999-1032', 'CAN-999-999-000-999-1133', '1', '43', '', '0', '', '0', '', '0', '', '0', '', '0', '', '0', '', '1', '1', '1', '1', '0', '1', '1', '1', '1', '1', '0000-00-00 00:00:00', '', '0000-00-00 00:00:00', '');
INSERT INTO `form_formats` (`id`, `form_id`, `field_id`, `display_column`, `display_order`, `language_heading`, `flag_override_label`, `language_label`, `flag_override_tag`, `language_tag`, `flag_override_help`, `language_help`, `flag_override_type`, `type`, `flag_override_setting`, `setting`, `flag_override_default`, `default`, `flag_add`, `flag_add_readonly`, `flag_edit`, `flag_edit_readonly`, `flag_search`, `flag_search_readonly`, `flag_datagrid`, `flag_datagrid_readonly`, `flag_index`, `flag_detail`, `created`, `created_by`, `modified`, `modified_by`) VALUES ('CAN-999-999-000-999-1032_CAN-999-999-000-999-1120', 'CAN-999-999-000-999-1032', 'CAN-999-999-000-999-1120', '1', '30', '', '0', '', '0', '', '0', '', '0', '', '0', '', '0', '', '1', '0', '1', '0', '0', '0', '1', '0', '1', '1', '0000-00-00 00:00:00', '', '0000-00-00 00:00:00', '');

-- ------------------------------------------------------------------------
-- alias = ad_der_tubes_incl_ml_vol_and_conc
-- ------------------------------------------------------------------------

DELETE FROM `forms` WHERE `alias` = 'ad_der_tubes_incl_ml_vol_and_conc';
INSERT INTO `forms` (`id`, `alias`, `language_title`, `language_help`, `flag_add_columns`, `flag_edit_columns`, `flag_search_columns`, `flag_detail_columns`, `created`, `created_by`, `modified`, `modified_by`) VALUES ('CAN-999-999-000-999-1033', 'ad_der_tubes_incl_ml_vol_and_conc', '', '', '0', '0', '0', '1', '0000-00-00 00:00:00', '', '0000-00-00 00:00:00', '');

DELETE FROM `form_fields` WHERE `id` = 'CAN-999-999-000-999-1145';
INSERT INTO `form_fields` (`id`, `model`, `field`, `language_label`, `language_tag`, `type`, `setting`, `default`, `language_help`, `created`, `created_by`, `modified`, `modified_by`) VALUES ('CAN-999-999-000-999-1145', 'AliquotDetail', 'concentration', 'aliquot concentration', '', 'input', 'size=10', '', '', '0000-00-00 00:00:00', '', '0000-00-00 00:00:00', '');
DELETE FROM `form_fields` WHERE `id` = 'CAN-999-999-000-999-1146';
INSERT INTO `form_fields` (`id`, `model`, `field`, `language_label`, `language_tag`, `type`, `setting`, `default`, `language_help`, `created`, `created_by`, `modified`, `modified_by`) VALUES ('CAN-999-999-000-999-1146', 'AliquotDetail', 'concentration_unit', '', '', 'select', '', '', '', '0000-00-00 00:00:00', '', '0000-00-00 00:00:00', '');

DELETE FROM `form_validations` WHERE `form_field_id` = 'CAN-999-999-000-999-1145';
INSERT INTO `form_validations` (`id`, `form_field_id`, `expression`, `message`, `created`, `created_by`, `modified`, `modifed_by`) VALUES (NULL, 'CAN-999-999-000-999-1145', '/^\\d*([\\.]\\d*)?$/', 'concentration should be a positif decimal', '0000-00-00 00:00:00', '', '0000-00-00 00:00:00', '');

DELETE FROM `global_lookups` WHERE `alias` IN ('concentration_unit');
INSERT INTO `global_lookups` (`id`, `alias`, `section`, `subsection`, `value`, `language_choice`, `display_order`, `active`, `created`, `created_by`, `modified`, `modified_by`) VALUES 
(NULL, 'concentration_unit', NULL, NULL, 'ug/ul', 'ug/ul', 1, 'yes', NULL, NULL, NULL, NULL),
(NULL, 'concentration_unit', NULL, NULL, 'ng/ul', 'ng/ul', 2, 'yes', NULL, NULL, NULL, NULL),
(NULL, 'concentration_unit', NULL, NULL, 'pg/ul', 'pg/ul', 3, 'yes', NULL, NULL, NULL, NULL);

DELETE FROM `form_fields_global_lookups` WHERE `field_id` IN ('CAN-999-999-000-999-1146');
INSERT INTO `form_fields_global_lookups` ( `field_id` , `lookup_id`)
VALUES 
('CAN-999-999-000-999-1146', (SELECT `id` FROM `global_lookups` WHERE `alias` LIKE 'concentration_unit' AND `value` like 'ug/ul')), 
('CAN-999-999-000-999-1146', (SELECT `id` FROM `global_lookups` WHERE `alias` LIKE 'concentration_unit' AND `value` like 'ng/ul')), 
('CAN-999-999-000-999-1146', (SELECT `id` FROM `global_lookups` WHERE `alias` LIKE 'concentration_unit' AND `value` like 'pg/ul'));

DELETE FROM `form_formats` WHERE `form_id` = 'CAN-999-999-000-999-1033';
INSERT INTO `form_formats` (`id`, `form_id`, `field_id`, `display_column`, `display_order`, `language_heading`, `flag_override_label`, `language_label`, `flag_override_tag`, `language_tag`, `flag_override_help`, `language_help`, `flag_override_type`, `type`, `flag_override_setting`, `setting`, `flag_override_default`, `default`, `flag_add`, `flag_add_readonly`, `flag_edit`, `flag_edit_readonly`, `flag_search`, `flag_search_readonly`, `flag_datagrid`, `flag_datagrid_readonly`, `flag_index`, `flag_detail`, `created`, `created_by`, `modified`, `modified_by`) VALUES ('CAN-999-999-000-999-1033_CAN-999-999-000-999-1119', 'CAN-999-999-000-999-1033', 'CAN-999-999-000-999-1119', '0', '1', '', '0', '', '0', '', '0', '', '0', '', '0', '', '0', '', '0', '0', '0', '0', '0', '0', '1', '0', '0', '0', '0000-00-00 00:00:00', '', '0000-00-00 00:00:00', '');
INSERT INTO `form_formats` (`id`, `form_id`, `field_id`, `display_column`, `display_order`, `language_heading`, `flag_override_label`, `language_label`, `flag_override_tag`, `language_tag`, `flag_override_help`, `language_help`, `flag_override_type`, `type`, `flag_override_setting`, `setting`, `flag_override_default`, `default`, `flag_add`, `flag_add_readonly`, `flag_edit`, `flag_edit_readonly`, `flag_search`, `flag_search_readonly`, `flag_datagrid`, `flag_datagrid_readonly`, `flag_index`, `flag_detail`, `created`, `created_by`, `modified`, `modified_by`) VALUES ('CAN-999-999-000-999-1033_CAN-999-999-000-999-1115', 'CAN-999-999-000-999-1033', 'CAN-999-999-000-999-1115', '0', '0', '', '0', '', '0', '', '0', '', '0', '', '0', '', '0', '', '0', '0', '0', '0', '0', '0', '1', '0', '0', '0', '0000-00-00 00:00:00', '', '0000-00-00 00:00:00', '');
INSERT INTO `form_formats` (`id`, `form_id`, `field_id`, `display_column`, `display_order`, `language_heading`, `flag_override_label`, `language_label`, `flag_override_tag`, `language_tag`, `flag_override_help`, `language_help`, `flag_override_type`, `type`, `flag_override_setting`, `setting`, `flag_override_default`, `default`, `flag_add`, `flag_add_readonly`, `flag_edit`, `flag_edit_readonly`, `flag_search`, `flag_search_readonly`, `flag_datagrid`, `flag_datagrid_readonly`, `flag_index`, `flag_detail`, `created`, `created_by`, `modified`, `modified_by`) VALUES ('CAN-999-999-000-999-1033_CAN-999-999-000-999-1116', 'CAN-999-999-000-999-1033', 'CAN-999-999-000-999-1116', '0', '0', '', '0', '', '0', '', '0', '', '0', '', '0', '', '0', '', '0', '0', '0', '0', '0', '0', '1', '0', '0', '0', '0000-00-00 00:00:00', '', '0000-00-00 00:00:00', '');
INSERT INTO `form_formats` (`id`, `form_id`, `field_id`, `display_column`, `display_order`, `language_heading`, `flag_override_label`, `language_label`, `flag_override_tag`, `language_tag`, `flag_override_help`, `language_help`, `flag_override_type`, `type`, `flag_override_setting`, `setting`, `flag_override_default`, `default`, `flag_add`, `flag_add_readonly`, `flag_edit`, `flag_edit_readonly`, `flag_search`, `flag_search_readonly`, `flag_datagrid`, `flag_datagrid_readonly`, `flag_index`, `flag_detail`, `created`, `created_by`, `modified`, `modified_by`) VALUES ('CAN-999-999-000-999-1033_CAN-999-999-000-999-1113', 'CAN-999-999-000-999-1033', 'CAN-999-999-000-999-1113', '0', '0', '', '0', '', '0', '', '0', '', '0', '', '0', '', '0', '', '0', '0', '0', '0', '0', '0', '1', '0', '0', '0', '0000-00-00 00:00:00', '', '0000-00-00 00:00:00', '');
INSERT INTO `form_formats` (`id`, `form_id`, `field_id`, `display_column`, `display_order`, `language_heading`, `flag_override_label`, `language_label`, `flag_override_tag`, `language_tag`, `flag_override_help`, `language_help`, `flag_override_type`, `type`, `flag_override_setting`, `setting`, `flag_override_default`, `default`, `flag_add`, `flag_add_readonly`, `flag_edit`, `flag_edit_readonly`, `flag_search`, `flag_search_readonly`, `flag_datagrid`, `flag_datagrid_readonly`, `flag_index`, `flag_detail`, `created`, `created_by`, `modified`, `modified_by`) VALUES ('CAN-999-999-000-999-1033_CAN-999-999-000-999-1114', 'CAN-999-999-000-999-1033', 'CAN-999-999-000-999-1114', '0', '0', '', '0', '', '0', '', '0', '', '0', '', '0', '', '0', '', '0', '0', '0', '0', '0', '0', '1', '0', '0', '0', '0000-00-00 00:00:00', '', '0000-00-00 00:00:00', '');
INSERT INTO `form_formats` (`id`, `form_id`, `field_id`, `display_column`, `display_order`, `language_heading`, `flag_override_label`, `language_label`, `flag_override_tag`, `language_tag`, `flag_override_help`, `language_help`, `flag_override_type`, `type`, `flag_override_setting`, `setting`, `flag_override_default`, `default`, `flag_add`, `flag_add_readonly`, `flag_edit`, `flag_edit_readonly`, `flag_search`, `flag_search_readonly`, `flag_datagrid`, `flag_datagrid_readonly`, `flag_index`, `flag_detail`, `created`, `created_by`, `modified`, `modified_by`) VALUES ('CAN-999-999-000-999-1033_CAN-999-999-000-999-1100', 'CAN-999-999-000-999-1033', 'CAN-999-999-000-999-1100', '0', '2', '', '0', '', '0', '', '0', '', '0', '', '0', '', '0', '', '1', '0', '0', '0', '0', '0', '1', '0', '0', '0', '0000-00-00 00:00:00', '', '0000-00-00 00:00:00', '');
INSERT INTO `form_formats` (`id`, `form_id`, `field_id`, `display_column`, `display_order`, `language_heading`, `flag_override_label`, `language_label`, `flag_override_tag`, `language_tag`, `flag_override_help`, `language_help`, `flag_override_type`, `type`, `flag_override_setting`, `setting`, `flag_override_default`, `default`, `flag_add`, `flag_add_readonly`, `flag_edit`, `flag_edit_readonly`, `flag_search`, `flag_search_readonly`, `flag_datagrid`, `flag_datagrid_readonly`, `flag_index`, `flag_detail`, `created`, `created_by`, `modified`, `modified_by`) VALUES ('CAN-999-999-000-999-1033_CAN-999-999-000-999-1101', 'CAN-999-999-000-999-1033', 'CAN-999-999-000-999-1101', '0', '2', '', '0', '', '0', '', '0', '', '0', '', '0', '', '0', '', '0', '1', '1', '1', '1', '1', '0', '1', '1', '1', '0000-00-00 00:00:00', '', '0000-00-00 00:00:00', '');
INSERT INTO `form_formats` (`id`, `form_id`, `field_id`, `display_column`, `display_order`, `language_heading`, `flag_override_label`, `language_label`, `flag_override_tag`, `language_tag`, `flag_override_help`, `language_help`, `flag_override_type`, `type`, `flag_override_setting`, `setting`, `flag_override_default`, `default`, `flag_add`, `flag_add_readonly`, `flag_edit`, `flag_edit_readonly`, `flag_search`, `flag_search_readonly`, `flag_datagrid`, `flag_datagrid_readonly`, `flag_index`, `flag_detail`, `created`, `created_by`, `modified`, `modified_by`) VALUES ('CAN-999-999-000-999-1033_CAN-999-999-000-999-1118', 'CAN-999-999-000-999-1033', 'CAN-999-999-000-999-1118', '0', '2', '', '0', '', '0', '', '0', '', '0', '', '0', '', '0', '', '1', '0', '1', '0', '0', '0', '1', '0', '1', '1', '0000-00-00 00:00:00', '', '0000-00-00 00:00:00', '');
INSERT INTO `form_formats` (`id`, `form_id`, `field_id`, `display_column`, `display_order`, `language_heading`, `flag_override_label`, `language_label`, `flag_override_tag`, `language_tag`, `flag_override_help`, `language_help`, `flag_override_type`, `type`, `flag_override_setting`, `setting`, `flag_override_default`, `default`, `flag_add`, `flag_add_readonly`, `flag_edit`, `flag_edit_readonly`, `flag_search`, `flag_search_readonly`, `flag_datagrid`, `flag_datagrid_readonly`, `flag_index`, `flag_detail`, `created`, `created_by`, `modified`, `modified_by`) VALUES ('CAN-999-999-000-999-1033_CAN-999-999-000-999-1102', 'CAN-999-999-000-999-1033', 'CAN-999-999-000-999-1102', '0', '5', '', '0', '', '0', '', '0', '', '0', '', '0', '', '0', '', '1', '1', '1', '1', '0', '1', '1', '1', '1', '1', '0000-00-00 00:00:00', '', '0000-00-00 00:00:00', '');
INSERT INTO `form_formats` (`id`, `form_id`, `field_id`, `display_column`, `display_order`, `language_heading`, `flag_override_label`, `language_label`, `flag_override_tag`, `language_tag`, `flag_override_help`, `language_help`, `flag_override_type`, `type`, `flag_override_setting`, `setting`, `flag_override_default`, `default`, `flag_add`, `flag_add_readonly`, `flag_edit`, `flag_edit_readonly`, `flag_search`, `flag_search_readonly`, `flag_datagrid`, `flag_datagrid_readonly`, `flag_index`, `flag_detail`, `created`, `created_by`, `modified`, `modified_by`) VALUES ('CAN-999-999-000-999-1033_CAN-999-999-000-999-1103', 'CAN-999-999-000-999-1033', 'CAN-999-999-000-999-1103', '0', '6', '', '0', '', '0', '', '0', '', '0', '', '0', '', '0', '', '1', '0', '1', '0', '0', '0', '1', '0', '1', '1', '0000-00-00 00:00:00', '', '0000-00-00 00:00:00', '');
INSERT INTO `form_formats` (`id`, `form_id`, `field_id`, `display_column`, `display_order`, `language_heading`, `flag_override_label`, `language_label`, `flag_override_tag`, `language_tag`, `flag_override_help`, `language_help`, `flag_override_type`, `type`, `flag_override_setting`, `setting`, `flag_override_default`, `default`, `flag_add`, `flag_add_readonly`, `flag_edit`, `flag_edit_readonly`, `flag_search`, `flag_search_readonly`, `flag_datagrid`, `flag_datagrid_readonly`, `flag_index`, `flag_detail`, `created`, `created_by`, `modified`, `modified_by`) VALUES ('CAN-999-999-000-999-1033_CAN-999-999-000-999-1104', 'CAN-999-999-000-999-1033', 'CAN-999-999-000-999-1104', '0', '7', '', '0', '', '0', '', '0', '', '0', '', '0', '', '0', '', '1', '0', '1', '0', '0', '0', '1', '0', '1', '1', '0000-00-00 00:00:00', '', '0000-00-00 00:00:00', '');
INSERT INTO `form_formats` (`id`, `form_id`, `field_id`, `display_column`, `display_order`, `language_heading`, `flag_override_label`, `language_label`, `flag_override_tag`, `language_tag`, `flag_override_help`, `language_help`, `flag_override_type`, `type`, `flag_override_setting`, `setting`, `flag_override_default`, `default`, `flag_add`, `flag_add_readonly`, `flag_edit`, `flag_edit_readonly`, `flag_search`, `flag_search_readonly`, `flag_datagrid`, `flag_datagrid_readonly`, `flag_index`, `flag_detail`, `created`, `created_by`, `modified`, `modified_by`) VALUES ('CAN-999-999-000-999-1033_CAN-999-999-000-999-1259', 'CAN-999-999-000-999-1033', 'CAN-999-999-000-999-1259', '0', '7', '', '0', '', '0', '', '0', '', '0', '', '0', '', '0', '', '1', '0', '1', '0', '0', '0', '1', '0', '1', '1', '0000-00-00 00:00:00', '', '0000-00-00 00:00:00', '');
INSERT INTO `form_formats` (`id`, `form_id`, `field_id`, `display_column`, `display_order`, `language_heading`, `flag_override_label`, `language_label`, `flag_override_tag`, `language_tag`, `flag_override_help`, `language_help`, `flag_override_type`, `type`, `flag_override_setting`, `setting`, `flag_override_default`, `default`, `flag_add`, `flag_add_readonly`, `flag_edit`, `flag_edit_readonly`, `flag_search`, `flag_search_readonly`, `flag_datagrid`, `flag_datagrid_readonly`, `flag_index`, `flag_detail`, `created`, `created_by`, `modified`, `modified_by`) VALUES ('CAN-999-999-000-999-1033_CAN-999-999-000-999-1105', 'CAN-999-999-000-999-1033', 'CAN-999-999-000-999-1105', '0', '8', '', '0', '', '0', '', '0', '', '0', '', '0', '', '0', '', '0', '1', '0', '1', '0', '1', '0', '1', '1', '1', '0000-00-00 00:00:00', '', '0000-00-00 00:00:00', '');
INSERT INTO `form_formats` (`id`, `form_id`, `field_id`, `display_column`, `display_order`, `language_heading`, `flag_override_label`, `language_label`, `flag_override_tag`, `language_tag`, `flag_override_help`, `language_help`, `flag_override_type`, `type`, `flag_override_setting`, `setting`, `flag_override_default`, `default`, `flag_add`, `flag_add_readonly`, `flag_edit`, `flag_edit_readonly`, `flag_search`, `flag_search_readonly`, `flag_datagrid`, `flag_datagrid_readonly`, `flag_index`, `flag_detail`, `created`, `created_by`, `modified`, `modified_by`) VALUES ('CAN-999-999-000-999-1033_CAN-999-999-000-999-1216', 'CAN-999-999-000-999-1033', 'CAN-999-999-000-999-1216', '0', '9', '', '0', '', '0', '', '0', '', '0', '', '0', '', '0', '', '1', '0', '1', '0', '0', '0', '1', '0', '0', '0', '0000-00-00 00:00:00', '', '0000-00-00 00:00:00', '');
INSERT INTO `form_formats` (`id`, `form_id`, `field_id`, `display_column`, `display_order`, `language_heading`, `flag_override_label`, `language_label`, `flag_override_tag`, `language_tag`, `flag_override_help`, `language_help`, `flag_override_type`, `type`, `flag_override_setting`, `setting`, `flag_override_default`, `default`, `flag_add`, `flag_add_readonly`, `flag_edit`, `flag_edit_readonly`, `flag_search`, `flag_search_readonly`, `flag_datagrid`, `flag_datagrid_readonly`, `flag_index`, `flag_detail`, `created`, `created_by`, `modified`, `modified_by`) VALUES ('CAN-999-999-000-999-1033_CAN-999-999-000-999-1106', 'CAN-999-999-000-999-1033', 'CAN-999-999-000-999-1106', '0', '10', '', '0', '', '0', '', '0', '', '0', '', '0', '', '0', '', '1', '0', '1', '0', '0', '0', '1', '0', '0', '0', '0000-00-00 00:00:00', '', '0000-00-00 00:00:00', '');
INSERT INTO `form_formats` (`id`, `form_id`, `field_id`, `display_column`, `display_order`, `language_heading`, `flag_override_label`, `language_label`, `flag_override_tag`, `language_tag`, `flag_override_help`, `language_help`, `flag_override_type`, `type`, `flag_override_setting`, `setting`, `flag_override_default`, `default`, `flag_add`, `flag_add_readonly`, `flag_edit`, `flag_edit_readonly`, `flag_search`, `flag_search_readonly`, `flag_datagrid`, `flag_datagrid_readonly`, `flag_index`, `flag_detail`, `created`, `created_by`, `modified`, `modified_by`) VALUES ('CAN-999-999-000-999-1033_CAN-999-999-000-999-1217', 'CAN-999-999-000-999-1033', 'CAN-999-999-000-999-1217', '0', '10', '', '0', '', '0', '', '0', '', '0', '', '0', '', '0', '', '0', '0', '0', '0', '0', '0', '0', '0', '1', '1', '0000-00-00 00:00:00', '', '0000-00-00 00:00:00', '');
INSERT INTO `form_formats` (`id`, `form_id`, `field_id`, `display_column`, `display_order`, `language_heading`, `flag_override_label`, `language_label`, `flag_override_tag`, `language_tag`, `flag_override_help`, `language_help`, `flag_override_type`, `type`, `flag_override_setting`, `setting`, `flag_override_default`, `default`, `flag_add`, `flag_add_readonly`, `flag_edit`, `flag_edit_readonly`, `flag_search`, `flag_search_readonly`, `flag_datagrid`, `flag_datagrid_readonly`, `flag_index`, `flag_detail`, `created`, `created_by`, `modified`, `modified_by`) VALUES ('CAN-999-999-000-999-1033_CAN-999-999-000-999-1117', 'CAN-999-999-000-999-1033', 'CAN-999-999-000-999-1117', '0', '11', '', '0', '', '0', '', '0', '', '0', '', '0', '', '0', '', '0', '0', '0', '0', '0', '0', '0', '0', '1', '1', '0000-00-00 00:00:00', '', '0000-00-00 00:00:00', '');
INSERT INTO `form_formats` (`id`, `form_id`, `field_id`, `display_column`, `display_order`, `language_heading`, `flag_override_label`, `language_label`, `flag_override_tag`, `language_tag`, `flag_override_help`, `language_help`, `flag_override_type`, `type`, `flag_override_setting`, `setting`, `flag_override_default`, `default`, `flag_add`, `flag_add_readonly`, `flag_edit`, `flag_edit_readonly`, `flag_search`, `flag_search_readonly`, `flag_datagrid`, `flag_datagrid_readonly`, `flag_index`, `flag_detail`, `created`, `created_by`, `modified`, `modified_by`) VALUES ('CAN-999-999-000-999-1033_CAN-999-999-000-999-1107', 'CAN-999-999-000-999-1033', 'CAN-999-999-000-999-1107', '0', '12', '', '0', '', '0', '', '0', '', '0', '', '0', '', '0', '', '1', '0', '1', '0', '0', '0', '1', '0', '1', '1', '0000-00-00 00:00:00', '', '0000-00-00 00:00:00', '');
INSERT INTO `form_formats` (`id`, `form_id`, `field_id`, `display_column`, `display_order`, `language_heading`, `flag_override_label`, `language_label`, `flag_override_tag`, `language_tag`, `flag_override_help`, `language_help`, `flag_override_type`, `type`, `flag_override_setting`, `setting`, `flag_override_default`, `default`, `flag_add`, `flag_add_readonly`, `flag_edit`, `flag_edit_readonly`, `flag_search`, `flag_search_readonly`, `flag_datagrid`, `flag_datagrid_readonly`, `flag_index`, `flag_detail`, `created`, `created_by`, `modified`, `modified_by`) VALUES ('CAN-999-999-000-999-1033_CAN-999-999-000-999-1108', 'CAN-999-999-000-999-1033', 'CAN-999-999-000-999-1108', '0', '14', '', '0', '', '0', '', '0', '', '0', '', '0', '', '0', '', '1', '0', '1', '0', '0', '0', '1', '0', '1', '1', '0000-00-00 00:00:00', '', '0000-00-00 00:00:00', '');
INSERT INTO `form_formats` (`id`, `form_id`, `field_id`, `display_column`, `display_order`, `language_heading`, `flag_override_label`, `language_label`, `flag_override_tag`, `language_tag`, `flag_override_help`, `language_help`, `flag_override_type`, `type`, `flag_override_setting`, `setting`, `flag_override_default`, `default`, `flag_add`, `flag_add_readonly`, `flag_edit`, `flag_edit_readonly`, `flag_search`, `flag_search_readonly`, `flag_datagrid`, `flag_datagrid_readonly`, `flag_index`, `flag_detail`, `created`, `created_by`, `modified`, `modified_by`) VALUES ('CAN-999-999-000-999-1033_CAN-999-999-000-999-1110', 'CAN-999-999-000-999-1033', 'CAN-999-999-000-999-1110', '0', '16', '', '0', '', '0', '', '0', '', '0', '', '0', '', '0', '', '0', '0', '0', '0', '0', '0', '0', '0', '1', '1', '0000-00-00 00:00:00', '', '0000-00-00 00:00:00', '');
INSERT INTO `form_formats` (`id`, `form_id`, `field_id`, `display_column`, `display_order`, `language_heading`, `flag_override_label`, `language_label`, `flag_override_tag`, `language_tag`, `flag_override_help`, `language_help`, `flag_override_type`, `type`, `flag_override_setting`, `setting`, `flag_override_default`, `default`, `flag_add`, `flag_add_readonly`, `flag_edit`, `flag_edit_readonly`, `flag_search`, `flag_search_readonly`, `flag_datagrid`, `flag_datagrid_readonly`, `flag_index`, `flag_detail`, `created`, `created_by`, `modified`, `modified_by`) VALUES ('CAN-999-999-000-999-1033_CAN-999-999-000-999-1194', 'CAN-999-999-000-999-1033', 'CAN-999-999-000-999-1194', '0', '17', '', '0', '', '0', '', '0', '', '0', '', '0', '', '0', '', '0', '0', '0', '0', '0', '0', '0', '0', '1', '1', '0000-00-00 00:00:00', '', '0000-00-00 00:00:00', '');
INSERT INTO `form_formats` (`id`, `form_id`, `field_id`, `display_column`, `display_order`, `language_heading`, `flag_override_label`, `language_label`, `flag_override_tag`, `language_tag`, `flag_override_help`, `language_help`, `flag_override_type`, `type`, `flag_override_setting`, `setting`, `flag_override_default`, `default`, `flag_add`, `flag_add_readonly`, `flag_edit`, `flag_edit_readonly`, `flag_search`, `flag_search_readonly`, `flag_datagrid`, `flag_datagrid_readonly`, `flag_index`, `flag_detail`, `created`, `created_by`, `modified`, `modified_by`) VALUES ('CAN-999-999-000-999-1033_CAN-999-999-000-999-1109', 'CAN-999-999-000-999-1033', 'CAN-999-999-000-999-1109', '0', '15', '', '0', '', '0', '', '0', '', '0', '', '0', '', '0', '', '1', '0', '1', '0', '0', '0', '1', '0', '1', '1', '0000-00-00 00:00:00', '', '0000-00-00 00:00:00', '');
INSERT INTO `form_formats` (`id`, `form_id`, `field_id`, `display_column`, `display_order`, `language_heading`, `flag_override_label`, `language_label`, `flag_override_tag`, `language_tag`, `flag_override_help`, `language_help`, `flag_override_type`, `type`, `flag_override_setting`, `setting`, `flag_override_default`, `default`, `flag_add`, `flag_add_readonly`, `flag_edit`, `flag_edit_readonly`, `flag_search`, `flag_search_readonly`, `flag_datagrid`, `flag_datagrid_readonly`, `flag_index`, `flag_detail`, `created`, `created_by`, `modified`, `modified_by`) VALUES ('CAN-999-999-000-999-1033_CAN-999-999-000-999-1165', 'CAN-999-999-000-999-1033', 'CAN-999-999-000-999-1165', '0', '19', '', '0', '', '0', '', '0', '', '0', '', '0', '', '0', '', '1', '0', '1', '0', '0', '0', '0', '0', '0', '1', '0000-00-00 00:00:00', '', '0000-00-00 00:00:00', '');
INSERT INTO `form_formats` (`id`, `form_id`, `field_id`, `display_column`, `display_order`, `language_heading`, `flag_override_label`, `language_label`, `flag_override_tag`, `language_tag`, `flag_override_help`, `language_help`, `flag_override_type`, `type`, `flag_override_setting`, `setting`, `flag_override_default`, `default`, `flag_add`, `flag_add_readonly`, `flag_edit`, `flag_edit_readonly`, `flag_search`, `flag_search_readonly`, `flag_datagrid`, `flag_datagrid_readonly`, `flag_index`, `flag_detail`, `created`, `created_by`, `modified`, `modified_by`) VALUES ('CAN-999-999-000-999-1033_CAN-999-999-000-999-1112', 'CAN-999-999-000-999-1033', 'CAN-999-999-000-999-1112', '0', '20', '', '0', '', '0', '', '0', '', '0', '', '0', '', '0', '', '1', '0', '1', '0', '0', '0', '0', '0', '1', '1', '0000-00-00 00:00:00', '', '0000-00-00 00:00:00', '');
INSERT INTO `form_formats` (`id`, `form_id`, `field_id`, `display_column`, `display_order`, `language_heading`, `flag_override_label`, `language_label`, `flag_override_tag`, `language_tag`, `flag_override_help`, `language_help`, `flag_override_type`, `type`, `flag_override_setting`, `setting`, `flag_override_default`, `default`, `flag_add`, `flag_add_readonly`, `flag_edit`, `flag_edit_readonly`, `flag_search`, `flag_search_readonly`, `flag_datagrid`, `flag_datagrid_readonly`, `flag_index`, `flag_detail`, `created`, `created_by`, `modified`, `modified_by`) VALUES ('CAN-999-999-000-999-1033_CAN-999-999-000-999-1140', 'CAN-999-999-000-999-1033', 'CAN-999-999-000-999-1140', '1', '50', '', '0', '', '0', '', '0', '', '0', '', '0', '', '0', '', '0', '1', '0', '1', '0', '1', '0', '1', '0', '1', '0000-00-00 00:00:00', '', '0000-00-00 00:00:00', '');
INSERT INTO `form_formats` (`id`, `form_id`, `field_id`, `display_column`, `display_order`, `language_heading`, `flag_override_label`, `language_label`, `flag_override_tag`, `language_tag`, `flag_override_help`, `language_help`, `flag_override_type`, `type`, `flag_override_setting`, `setting`, `flag_override_default`, `default`, `flag_add`, `flag_add_readonly`, `flag_edit`, `flag_edit_readonly`, `flag_search`, `flag_search_readonly`, `flag_datagrid`, `flag_datagrid_readonly`, `flag_index`, `flag_detail`, `created`, `created_by`, `modified`, `modified_by`) VALUES ('CAN-999-999-000-999-1033_CAN-999-999-000-999-1141', 'CAN-999-999-000-999-1033', 'CAN-999-999-000-999-1141', '1', '51', '', '0', '', '0', '', '0', '', '0', '', '0', '', '0', '', '0', '1', '0', '1', '0', '1', '0', '1', '0', '1', '0000-00-00 00:00:00', '', '0000-00-00 00:00:00', '');
INSERT INTO `form_formats` (`id`, `form_id`, `field_id`, `display_column`, `display_order`, `language_heading`, `flag_override_label`, `language_label`, `flag_override_tag`, `language_tag`, `flag_override_help`, `language_help`, `flag_override_type`, `type`, `flag_override_setting`, `setting`, `flag_override_default`, `default`, `flag_add`, `flag_add_readonly`, `flag_edit`, `flag_edit_readonly`, `flag_search`, `flag_search_readonly`, `flag_datagrid`, `flag_datagrid_readonly`, `flag_index`, `flag_detail`, `created`, `created_by`, `modified`, `modified_by`) VALUES ('CAN-999-999-000-999-1033_CAN-999-999-000-999-1142', 'CAN-999-999-000-999-1033', 'CAN-999-999-000-999-1142', '1', '52', '', '0', '', '0', '', '0', '', '0', '', '0', '', '0', '', '0', '1', '0', '1', '0', '1', '0', '1', '0', '1', '0000-00-00 00:00:00', '', '0000-00-00 00:00:00', '');
INSERT INTO `form_formats` (`id`, `form_id`, `field_id`, `display_column`, `display_order`, `language_heading`, `flag_override_label`, `language_label`, `flag_override_tag`, `language_tag`, `flag_override_help`, `language_help`, `flag_override_type`, `type`, `flag_override_setting`, `setting`, `flag_override_default`, `default`, `flag_add`, `flag_add_readonly`, `flag_edit`, `flag_edit_readonly`, `flag_search`, `flag_search_readonly`, `flag_datagrid`, `flag_datagrid_readonly`, `flag_index`, `flag_detail`, `created`, `created_by`, `modified`, `modified_by`) VALUES ('CAN-999-999-000-999-1033_CAN-999-999-000-999-1143', 'CAN-999-999-000-999-1033', 'CAN-999-999-000-999-1143', '1', '53', '', '0', '', '0', '', '0', '', '0', '', '0', '', '0', '', '0', '1', '0', '1', '0', '1', '0', '1', '0', '1', '0000-00-00 00:00:00', '', '0000-00-00 00:00:00', '');
INSERT INTO `form_formats` (`id`, `form_id`, `field_id`, `display_column`, `display_order`, `language_heading`, `flag_override_label`, `language_label`, `flag_override_tag`, `language_tag`, `flag_override_help`, `language_help`, `flag_override_type`, `type`, `flag_override_setting`, `setting`, `flag_override_default`, `default`, `flag_add`, `flag_add_readonly`, `flag_edit`, `flag_edit_readonly`, `flag_search`, `flag_search_readonly`, `flag_datagrid`, `flag_datagrid_readonly`, `flag_index`, `flag_detail`, `created`, `created_by`, `modified`, `modified_by`) VALUES ('CAN-999-999-000-999-1033_CAN-999-999-000-999-1130', 'CAN-999-999-000-999-1033', 'CAN-999-999-000-999-1130', '1', '40', '', '0', '', '0', '', '0', '', '0', '', '0', '', '0', '', '0', '1', '0', '1', '0', '1', '0', '1', '1', '1', '0000-00-00 00:00:00', '', '0000-00-00 00:00:00', '');
INSERT INTO `form_formats` (`id`, `form_id`, `field_id`, `display_column`, `display_order`, `language_heading`, `flag_override_label`, `language_label`, `flag_override_tag`, `language_tag`, `flag_override_help`, `language_help`, `flag_override_type`, `type`, `flag_override_setting`, `setting`, `flag_override_default`, `default`, `flag_add`, `flag_add_readonly`, `flag_edit`, `flag_edit_readonly`, `flag_search`, `flag_search_readonly`, `flag_datagrid`, `flag_datagrid_readonly`, `flag_index`, `flag_detail`, `created`, `created_by`, `modified`, `modified_by`) VALUES ('CAN-999-999-000-999-1033_CAN-999-999-000-999-1131', 'CAN-999-999-000-999-1033', 'CAN-999-999-000-999-1131', '1', '41', '', '0', '', '0', '', '0', '', '0', '', '0', '', '0', '', '0', '1', '0', '1', '0', '1', '0', '1', '1', '1', '0000-00-00 00:00:00', '', '0000-00-00 00:00:00', '');
INSERT INTO `form_formats` (`id`, `form_id`, `field_id`, `display_column`, `display_order`, `language_heading`, `flag_override_label`, `language_label`, `flag_override_tag`, `language_tag`, `flag_override_help`, `language_help`, `flag_override_type`, `type`, `flag_override_setting`, `setting`, `flag_override_default`, `default`, `flag_add`, `flag_add_readonly`, `flag_edit`, `flag_edit_readonly`, `flag_search`, `flag_search_readonly`, `flag_datagrid`, `flag_datagrid_readonly`, `flag_index`, `flag_detail`, `created`, `created_by`, `modified`, `modified_by`) VALUES ('CAN-999-999-000-999-1033_CAN-999-999-000-999-1132', 'CAN-999-999-000-999-1033', 'CAN-999-999-000-999-1132', '1', '42', '', '0', '', '0', '', '0', '', '0', '', '0', '', '0', '', '1', '0', '1', '0', '0', '0', '1', '0', '1', '1', '0000-00-00 00:00:00', '', '0000-00-00 00:00:00', '');
INSERT INTO `form_formats` (`id`, `form_id`, `field_id`, `display_column`, `display_order`, `language_heading`, `flag_override_label`, `language_label`, `flag_override_tag`, `language_tag`, `flag_override_help`, `language_help`, `flag_override_type`, `type`, `flag_override_setting`, `setting`, `flag_override_default`, `default`, `flag_add`, `flag_add_readonly`, `flag_edit`, `flag_edit_readonly`, `flag_search`, `flag_search_readonly`, `flag_datagrid`, `flag_datagrid_readonly`, `flag_index`, `flag_detail`, `created`, `created_by`, `modified`, `modified_by`) VALUES ('CAN-999-999-000-999-1033_CAN-999-999-000-999-1133', 'CAN-999-999-000-999-1033', 'CAN-999-999-000-999-1133', '1', '43', '', '0', '', '0', '', '0', '', '0', '', '0', '', '0', '', '1', '1', '1', '1', '0', '1', '1', '1', '1', '1', '0000-00-00 00:00:00', '', '0000-00-00 00:00:00', '');
INSERT INTO `form_formats` (`id`, `form_id`, `field_id`, `display_column`, `display_order`, `language_heading`, `flag_override_label`, `language_label`, `flag_override_tag`, `language_tag`, `flag_override_help`, `language_help`, `flag_override_type`, `type`, `flag_override_setting`, `setting`, `flag_override_default`, `default`, `flag_add`, `flag_add_readonly`, `flag_edit`, `flag_edit_readonly`, `flag_search`, `flag_search_readonly`, `flag_datagrid`, `flag_datagrid_readonly`, `flag_index`, `flag_detail`, `created`, `created_by`, `modified`, `modified_by`) VALUES ('CAN-999-999-000-999-1033_CAN-999-999-000-999-1145', 'CAN-999-999-000-999-1033', 'CAN-999-999-000-999-1145', '1', '35', '', '0', '', '0', '', '0', '', '0', '', '0', '', '0', '', '1', '0', '1', '0', '0', '0', '1', '0', '1', '1', '0000-00-00 00:00:00', '', '0000-00-00 00:00:00', '');
INSERT INTO `form_formats` (`id`, `form_id`, `field_id`, `display_column`, `display_order`, `language_heading`, `flag_override_label`, `language_label`, `flag_override_tag`, `language_tag`, `flag_override_help`, `language_help`, `flag_override_type`, `type`, `flag_override_setting`, `setting`, `flag_override_default`, `default`, `flag_add`, `flag_add_readonly`, `flag_edit`, `flag_edit_readonly`, `flag_search`, `flag_search_readonly`, `flag_datagrid`, `flag_datagrid_readonly`, `flag_index`, `flag_detail`, `created`, `created_by`, `modified`, `modified_by`) VALUES ('CAN-999-999-000-999-1033_CAN-999-999-000-999-1146', 'CAN-999-999-000-999-1033', 'CAN-999-999-000-999-1146', '1', '36', '', '0', '', '0', '', '0', '', '0', '', '0', '', '0', '', '1', '0', '1', '0', '0', '0', '1', '0', '1', '1', '0000-00-00 00:00:00', '', '0000-00-00 00:00:00', '');
INSERT INTO `form_formats` (`id`, `form_id`, `field_id`, `display_column`, `display_order`, `language_heading`, `flag_override_label`, `language_label`, `flag_override_tag`, `language_tag`, `flag_override_help`, `language_help`, `flag_override_type`, `type`, `flag_override_setting`, `setting`, `flag_override_default`, `default`, `flag_add`, `flag_add_readonly`, `flag_edit`, `flag_edit_readonly`, `flag_search`, `flag_search_readonly`, `flag_datagrid`, `flag_datagrid_readonly`, `flag_index`, `flag_detail`, `created`, `created_by`, `modified`, `modified_by`) VALUES ('CAN-999-999-000-999-1033_CAN-999-999-000-999-1120', 'CAN-999-999-000-999-1033', 'CAN-999-999-000-999-1120', '1', '30', '', '0', '', '0', '', '0', '', '0', '', '0', '', '0', '', '1', '0', '1', '0', '0', '0', '1', '0', '1', '1', '0000-00-00 00:00:00', '', '0000-00-00 00:00:00', '');

-- ------------------------------------------------------------------------
-- alias = ad_der_tubes_incl_ul_vol_and_conc
-- ------------------------------------------------------------------------

DELETE FROM `forms` WHERE `alias` = 'ad_der_tubes_incl_ul_vol_and_conc';
INSERT INTO `forms` (`id`, `alias`, `language_title`, `language_help`, `flag_add_columns`, `flag_edit_columns`, `flag_search_columns`, `flag_detail_columns`, `created`, `created_by`, `modified`, `modified_by`) VALUES ('CAN-999-999-000-999-1054', 'ad_der_tubes_incl_ul_vol_and_conc', '', '', '0', '0', '0', '1', '0000-00-00 00:00:00', '', '0000-00-00 00:00:00', '');

DELETE FROM `form_formats` WHERE `form_id` = 'CAN-999-999-000-999-1054';
INSERT INTO `form_formats` (`id`, `form_id`, `field_id`, `display_column`, `display_order`, `language_heading`, `flag_override_label`, `language_label`, `flag_override_tag`, `language_tag`, `flag_override_help`, `language_help`, `flag_override_type`, `type`, `flag_override_setting`, `setting`, `flag_override_default`, `default`, `flag_add`, `flag_add_readonly`, `flag_edit`, `flag_edit_readonly`, `flag_search`, `flag_search_readonly`, `flag_datagrid`, `flag_datagrid_readonly`, `flag_index`, `flag_detail`, `created`, `created_by`, `modified`, `modified_by`) VALUES ('CAN-999-999-000-999-1054_CAN-999-999-000-999-1119', 'CAN-999-999-000-999-1054', 'CAN-999-999-000-999-1119', '0', '1', '', '0', '', '0', '', '0', '', '0', '', '0', '', '0', '', '0', '0', '0', '0', '0', '0', '1', '0', '0', '0', '0000-00-00 00:00:00', '', '0000-00-00 00:00:00', '');
INSERT INTO `form_formats` (`id`, `form_id`, `field_id`, `display_column`, `display_order`, `language_heading`, `flag_override_label`, `language_label`, `flag_override_tag`, `language_tag`, `flag_override_help`, `language_help`, `flag_override_type`, `type`, `flag_override_setting`, `setting`, `flag_override_default`, `default`, `flag_add`, `flag_add_readonly`, `flag_edit`, `flag_edit_readonly`, `flag_search`, `flag_search_readonly`, `flag_datagrid`, `flag_datagrid_readonly`, `flag_index`, `flag_detail`, `created`, `created_by`, `modified`, `modified_by`) VALUES ('CAN-999-999-000-999-1054_CAN-999-999-000-999-1115', 'CAN-999-999-000-999-1054', 'CAN-999-999-000-999-1115', '0', '0', '', '0', '', '0', '', '0', '', '0', '', '0', '', '0', '', '0', '0', '0', '0', '0', '0', '1', '0', '0', '0', '0000-00-00 00:00:00', '', '0000-00-00 00:00:00', '');
INSERT INTO `form_formats` (`id`, `form_id`, `field_id`, `display_column`, `display_order`, `language_heading`, `flag_override_label`, `language_label`, `flag_override_tag`, `language_tag`, `flag_override_help`, `language_help`, `flag_override_type`, `type`, `flag_override_setting`, `setting`, `flag_override_default`, `default`, `flag_add`, `flag_add_readonly`, `flag_edit`, `flag_edit_readonly`, `flag_search`, `flag_search_readonly`, `flag_datagrid`, `flag_datagrid_readonly`, `flag_index`, `flag_detail`, `created`, `created_by`, `modified`, `modified_by`) VALUES ('CAN-999-999-000-999-1054_CAN-999-999-000-999-1116', 'CAN-999-999-000-999-1054', 'CAN-999-999-000-999-1116', '0', '0', '', '0', '', '0', '', '0', '', '0', '', '0', '', '0', '', '0', '0', '0', '0', '0', '0', '1', '0', '0', '0', '0000-00-00 00:00:00', '', '0000-00-00 00:00:00', '');
INSERT INTO `form_formats` (`id`, `form_id`, `field_id`, `display_column`, `display_order`, `language_heading`, `flag_override_label`, `language_label`, `flag_override_tag`, `language_tag`, `flag_override_help`, `language_help`, `flag_override_type`, `type`, `flag_override_setting`, `setting`, `flag_override_default`, `default`, `flag_add`, `flag_add_readonly`, `flag_edit`, `flag_edit_readonly`, `flag_search`, `flag_search_readonly`, `flag_datagrid`, `flag_datagrid_readonly`, `flag_index`, `flag_detail`, `created`, `created_by`, `modified`, `modified_by`) VALUES ('CAN-999-999-000-999-1054_CAN-999-999-000-999-1113', 'CAN-999-999-000-999-1054', 'CAN-999-999-000-999-1113', '0', '0', '', '0', '', '0', '', '0', '', '0', '', '0', '', '0', '', '0', '0', '0', '0', '0', '0', '1', '0', '0', '0', '0000-00-00 00:00:00', '', '0000-00-00 00:00:00', '');
INSERT INTO `form_formats` (`id`, `form_id`, `field_id`, `display_column`, `display_order`, `language_heading`, `flag_override_label`, `language_label`, `flag_override_tag`, `language_tag`, `flag_override_help`, `language_help`, `flag_override_type`, `type`, `flag_override_setting`, `setting`, `flag_override_default`, `default`, `flag_add`, `flag_add_readonly`, `flag_edit`, `flag_edit_readonly`, `flag_search`, `flag_search_readonly`, `flag_datagrid`, `flag_datagrid_readonly`, `flag_index`, `flag_detail`, `created`, `created_by`, `modified`, `modified_by`) VALUES ('CAN-999-999-000-999-1054_CAN-999-999-000-999-1114', 'CAN-999-999-000-999-1054', 'CAN-999-999-000-999-1114', '0', '0', '', '0', '', '0', '', '0', '', '0', '', '0', '', '0', '', '0', '0', '0', '0', '0', '0', '1', '0', '0', '0', '0000-00-00 00:00:00', '', '0000-00-00 00:00:00', '');
INSERT INTO `form_formats` (`id`, `form_id`, `field_id`, `display_column`, `display_order`, `language_heading`, `flag_override_label`, `language_label`, `flag_override_tag`, `language_tag`, `flag_override_help`, `language_help`, `flag_override_type`, `type`, `flag_override_setting`, `setting`, `flag_override_default`, `default`, `flag_add`, `flag_add_readonly`, `flag_edit`, `flag_edit_readonly`, `flag_search`, `flag_search_readonly`, `flag_datagrid`, `flag_datagrid_readonly`, `flag_index`, `flag_detail`, `created`, `created_by`, `modified`, `modified_by`) VALUES ('CAN-999-999-000-999-1054_CAN-999-999-000-999-1100', 'CAN-999-999-000-999-1054', 'CAN-999-999-000-999-1100', '0', '2', '', '0', '', '0', '', '0', '', '0', '', '0', '', '0', '', '1', '0', '0', '0', '0', '0', '1', '0', '0', '0', '0000-00-00 00:00:00', '', '0000-00-00 00:00:00', '');
INSERT INTO `form_formats` (`id`, `form_id`, `field_id`, `display_column`, `display_order`, `language_heading`, `flag_override_label`, `language_label`, `flag_override_tag`, `language_tag`, `flag_override_help`, `language_help`, `flag_override_type`, `type`, `flag_override_setting`, `setting`, `flag_override_default`, `default`, `flag_add`, `flag_add_readonly`, `flag_edit`, `flag_edit_readonly`, `flag_search`, `flag_search_readonly`, `flag_datagrid`, `flag_datagrid_readonly`, `flag_index`, `flag_detail`, `created`, `created_by`, `modified`, `modified_by`) VALUES ('CAN-999-999-000-999-1054_CAN-999-999-000-999-1101', 'CAN-999-999-000-999-1054', 'CAN-999-999-000-999-1101', '0', '2', '', '0', '', '0', '', '0', '', '0', '', '0', '', '0', '', '0', '1', '1', '1', '1', '1', '0', '1', '1', '1', '0000-00-00 00:00:00', '', '0000-00-00 00:00:00', '');
INSERT INTO `form_formats` (`id`, `form_id`, `field_id`, `display_column`, `display_order`, `language_heading`, `flag_override_label`, `language_label`, `flag_override_tag`, `language_tag`, `flag_override_help`, `language_help`, `flag_override_type`, `type`, `flag_override_setting`, `setting`, `flag_override_default`, `default`, `flag_add`, `flag_add_readonly`, `flag_edit`, `flag_edit_readonly`, `flag_search`, `flag_search_readonly`, `flag_datagrid`, `flag_datagrid_readonly`, `flag_index`, `flag_detail`, `created`, `created_by`, `modified`, `modified_by`) VALUES ('CAN-999-999-000-999-1054_CAN-999-999-000-999-1118', 'CAN-999-999-000-999-1054', 'CAN-999-999-000-999-1118', '0', '2', '', '0', '', '0', '', '0', '', '0', '', '0', '', '0', '', '1', '0', '1', '0', '0', '0', '1', '0', '1', '1', '0000-00-00 00:00:00', '', '0000-00-00 00:00:00', '');
INSERT INTO `form_formats` (`id`, `form_id`, `field_id`, `display_column`, `display_order`, `language_heading`, `flag_override_label`, `language_label`, `flag_override_tag`, `language_tag`, `flag_override_help`, `language_help`, `flag_override_type`, `type`, `flag_override_setting`, `setting`, `flag_override_default`, `default`, `flag_add`, `flag_add_readonly`, `flag_edit`, `flag_edit_readonly`, `flag_search`, `flag_search_readonly`, `flag_datagrid`, `flag_datagrid_readonly`, `flag_index`, `flag_detail`, `created`, `created_by`, `modified`, `modified_by`) VALUES ('CAN-999-999-000-999-1054_CAN-999-999-000-999-1102', 'CAN-999-999-000-999-1054', 'CAN-999-999-000-999-1102', '0', '5', '', '0', '', '0', '', '0', '', '0', '', '0', '', '0', '', '1', '1', '1', '1', '0', '1', '1', '1', '1', '1', '0000-00-00 00:00:00', '', '0000-00-00 00:00:00', '');
INSERT INTO `form_formats` (`id`, `form_id`, `field_id`, `display_column`, `display_order`, `language_heading`, `flag_override_label`, `language_label`, `flag_override_tag`, `language_tag`, `flag_override_help`, `language_help`, `flag_override_type`, `type`, `flag_override_setting`, `setting`, `flag_override_default`, `default`, `flag_add`, `flag_add_readonly`, `flag_edit`, `flag_edit_readonly`, `flag_search`, `flag_search_readonly`, `flag_datagrid`, `flag_datagrid_readonly`, `flag_index`, `flag_detail`, `created`, `created_by`, `modified`, `modified_by`) VALUES ('CAN-999-999-000-999-1054_CAN-999-999-000-999-1103', 'CAN-999-999-000-999-1054', 'CAN-999-999-000-999-1103', '0', '6', '', '0', '', '0', '', '0', '', '0', '', '0', '', '0', '', '1', '0', '1', '0', '0', '0', '1', '0', '1', '1', '0000-00-00 00:00:00', '', '0000-00-00 00:00:00', '');
INSERT INTO `form_formats` (`id`, `form_id`, `field_id`, `display_column`, `display_order`, `language_heading`, `flag_override_label`, `language_label`, `flag_override_tag`, `language_tag`, `flag_override_help`, `language_help`, `flag_override_type`, `type`, `flag_override_setting`, `setting`, `flag_override_default`, `default`, `flag_add`, `flag_add_readonly`, `flag_edit`, `flag_edit_readonly`, `flag_search`, `flag_search_readonly`, `flag_datagrid`, `flag_datagrid_readonly`, `flag_index`, `flag_detail`, `created`, `created_by`, `modified`, `modified_by`) VALUES ('CAN-999-999-000-999-1054_CAN-999-999-000-999-1104', 'CAN-999-999-000-999-1054', 'CAN-999-999-000-999-1104', '0', '7', '', '0', '', '0', '', '0', '', '0', '', '0', '', '0', '', '1', '0', '1', '0', '0', '0', '1', '0', '1', '1', '0000-00-00 00:00:00', '', '0000-00-00 00:00:00', '');
INSERT INTO `form_formats` (`id`, `form_id`, `field_id`, `display_column`, `display_order`, `language_heading`, `flag_override_label`, `language_label`, `flag_override_tag`, `language_tag`, `flag_override_help`, `language_help`, `flag_override_type`, `type`, `flag_override_setting`, `setting`, `flag_override_default`, `default`, `flag_add`, `flag_add_readonly`, `flag_edit`, `flag_edit_readonly`, `flag_search`, `flag_search_readonly`, `flag_datagrid`, `flag_datagrid_readonly`, `flag_index`, `flag_detail`, `created`, `created_by`, `modified`, `modified_by`) VALUES ('CAN-999-999-000-999-1054_CAN-999-999-000-999-1259', 'CAN-999-999-000-999-1054', 'CAN-999-999-000-999-1259', '0', '7', '', '0', '', '0', '', '0', '', '0', '', '0', '', '0', '', '1', '0', '1', '0', '0', '0', '1', '0', '1', '1', '0000-00-00 00:00:00', '', '0000-00-00 00:00:00', '');
INSERT INTO `form_formats` (`id`, `form_id`, `field_id`, `display_column`, `display_order`, `language_heading`, `flag_override_label`, `language_label`, `flag_override_tag`, `language_tag`, `flag_override_help`, `language_help`, `flag_override_type`, `type`, `flag_override_setting`, `setting`, `flag_override_default`, `default`, `flag_add`, `flag_add_readonly`, `flag_edit`, `flag_edit_readonly`, `flag_search`, `flag_search_readonly`, `flag_datagrid`, `flag_datagrid_readonly`, `flag_index`, `flag_detail`, `created`, `created_by`, `modified`, `modified_by`) VALUES ('CAN-999-999-000-999-1054_CAN-999-999-000-999-1105', 'CAN-999-999-000-999-1054', 'CAN-999-999-000-999-1105', '0', '8', '', '0', '', '0', '', '0', '', '0', '', '0', '', '0', '', '0', '1', '0', '1', '0', '1', '0', '1', '1', '1', '0000-00-00 00:00:00', '', '0000-00-00 00:00:00', '');
INSERT INTO `form_formats` (`id`, `form_id`, `field_id`, `display_column`, `display_order`, `language_heading`, `flag_override_label`, `language_label`, `flag_override_tag`, `language_tag`, `flag_override_help`, `language_help`, `flag_override_type`, `type`, `flag_override_setting`, `setting`, `flag_override_default`, `default`, `flag_add`, `flag_add_readonly`, `flag_edit`, `flag_edit_readonly`, `flag_search`, `flag_search_readonly`, `flag_datagrid`, `flag_datagrid_readonly`, `flag_index`, `flag_detail`, `created`, `created_by`, `modified`, `modified_by`) VALUES ('CAN-999-999-000-999-1054_CAN-999-999-000-999-1216', 'CAN-999-999-000-999-1054', 'CAN-999-999-000-999-1216', '0', '9', '', '0', '', '0', '', '0', '', '0', '', '0', '', '0', '', '1', '0', '1', '0', '0', '0', '1', '0', '0', '0', '0000-00-00 00:00:00', '', '0000-00-00 00:00:00', '');
INSERT INTO `form_formats` (`id`, `form_id`, `field_id`, `display_column`, `display_order`, `language_heading`, `flag_override_label`, `language_label`, `flag_override_tag`, `language_tag`, `flag_override_help`, `language_help`, `flag_override_type`, `type`, `flag_override_setting`, `setting`, `flag_override_default`, `default`, `flag_add`, `flag_add_readonly`, `flag_edit`, `flag_edit_readonly`, `flag_search`, `flag_search_readonly`, `flag_datagrid`, `flag_datagrid_readonly`, `flag_index`, `flag_detail`, `created`, `created_by`, `modified`, `modified_by`) VALUES ('CAN-999-999-000-999-1054_CAN-999-999-000-999-1106', 'CAN-999-999-000-999-1054', 'CAN-999-999-000-999-1106', '0', '10', '', '0', '', '0', '', '0', '', '0', '', '0', '', '0', '', '1', '0', '1', '0', '0', '0', '1', '0', '0', '0', '0000-00-00 00:00:00', '', '0000-00-00 00:00:00', '');
INSERT INTO `form_formats` (`id`, `form_id`, `field_id`, `display_column`, `display_order`, `language_heading`, `flag_override_label`, `language_label`, `flag_override_tag`, `language_tag`, `flag_override_help`, `language_help`, `flag_override_type`, `type`, `flag_override_setting`, `setting`, `flag_override_default`, `default`, `flag_add`, `flag_add_readonly`, `flag_edit`, `flag_edit_readonly`, `flag_search`, `flag_search_readonly`, `flag_datagrid`, `flag_datagrid_readonly`, `flag_index`, `flag_detail`, `created`, `created_by`, `modified`, `modified_by`) VALUES ('CAN-999-999-000-999-1054_CAN-999-999-000-999-1217', 'CAN-999-999-000-999-1054', 'CAN-999-999-000-999-1217', '0', '10', '', '0', '', '0', '', '0', '', '0', '', '0', '', '0', '', '0', '0', '0', '0', '0', '0', '0', '0', '1', '1', '0000-00-00 00:00:00', '', '0000-00-00 00:00:00', '');
INSERT INTO `form_formats` (`id`, `form_id`, `field_id`, `display_column`, `display_order`, `language_heading`, `flag_override_label`, `language_label`, `flag_override_tag`, `language_tag`, `flag_override_help`, `language_help`, `flag_override_type`, `type`, `flag_override_setting`, `setting`, `flag_override_default`, `default`, `flag_add`, `flag_add_readonly`, `flag_edit`, `flag_edit_readonly`, `flag_search`, `flag_search_readonly`, `flag_datagrid`, `flag_datagrid_readonly`, `flag_index`, `flag_detail`, `created`, `created_by`, `modified`, `modified_by`) VALUES ('CAN-999-999-000-999-1054_CAN-999-999-000-999-1117', 'CAN-999-999-000-999-1054', 'CAN-999-999-000-999-1117', '0', '11', '', '0', '', '0', '', '0', '', '0', '', '0', '', '0', '', '0', '0', '0', '0', '0', '0', '0', '0', '1', '1', '0000-00-00 00:00:00', '', '0000-00-00 00:00:00', '');
INSERT INTO `form_formats` (`id`, `form_id`, `field_id`, `display_column`, `display_order`, `language_heading`, `flag_override_label`, `language_label`, `flag_override_tag`, `language_tag`, `flag_override_help`, `language_help`, `flag_override_type`, `type`, `flag_override_setting`, `setting`, `flag_override_default`, `default`, `flag_add`, `flag_add_readonly`, `flag_edit`, `flag_edit_readonly`, `flag_search`, `flag_search_readonly`, `flag_datagrid`, `flag_datagrid_readonly`, `flag_index`, `flag_detail`, `created`, `created_by`, `modified`, `modified_by`) VALUES ('CAN-999-999-000-999-1054_CAN-999-999-000-999-1107', 'CAN-999-999-000-999-1054', 'CAN-999-999-000-999-1107', '0', '12', '', '0', '', '0', '', '0', '', '0', '', '0', '', '0', '', '1', '0', '1', '0', '0', '0', '1', '0', '1', '1', '0000-00-00 00:00:00', '', '0000-00-00 00:00:00', '');
INSERT INTO `form_formats` (`id`, `form_id`, `field_id`, `display_column`, `display_order`, `language_heading`, `flag_override_label`, `language_label`, `flag_override_tag`, `language_tag`, `flag_override_help`, `language_help`, `flag_override_type`, `type`, `flag_override_setting`, `setting`, `flag_override_default`, `default`, `flag_add`, `flag_add_readonly`, `flag_edit`, `flag_edit_readonly`, `flag_search`, `flag_search_readonly`, `flag_datagrid`, `flag_datagrid_readonly`, `flag_index`, `flag_detail`, `created`, `created_by`, `modified`, `modified_by`) VALUES ('CAN-999-999-000-999-1054_CAN-999-999-000-999-1108', 'CAN-999-999-000-999-1054', 'CAN-999-999-000-999-1108', '0', '14', '', '0', '', '0', '', '0', '', '0', '', '0', '', '0', '', '1', '0', '1', '0', '0', '0', '1', '0', '1', '1', '0000-00-00 00:00:00', '', '0000-00-00 00:00:00', '');
INSERT INTO `form_formats` (`id`, `form_id`, `field_id`, `display_column`, `display_order`, `language_heading`, `flag_override_label`, `language_label`, `flag_override_tag`, `language_tag`, `flag_override_help`, `language_help`, `flag_override_type`, `type`, `flag_override_setting`, `setting`, `flag_override_default`, `default`, `flag_add`, `flag_add_readonly`, `flag_edit`, `flag_edit_readonly`, `flag_search`, `flag_search_readonly`, `flag_datagrid`, `flag_datagrid_readonly`, `flag_index`, `flag_detail`, `created`, `created_by`, `modified`, `modified_by`) VALUES ('CAN-999-999-000-999-1054_CAN-999-999-000-999-1110', 'CAN-999-999-000-999-1054', 'CAN-999-999-000-999-1110', '0', '16', '', '0', '', '0', '', '0', '', '0', '', '0', '', '0', '', '0', '0', '0', '0', '0', '0', '0', '0', '1', '1', '0000-00-00 00:00:00', '', '0000-00-00 00:00:00', '');
INSERT INTO `form_formats` (`id`, `form_id`, `field_id`, `display_column`, `display_order`, `language_heading`, `flag_override_label`, `language_label`, `flag_override_tag`, `language_tag`, `flag_override_help`, `language_help`, `flag_override_type`, `type`, `flag_override_setting`, `setting`, `flag_override_default`, `default`, `flag_add`, `flag_add_readonly`, `flag_edit`, `flag_edit_readonly`, `flag_search`, `flag_search_readonly`, `flag_datagrid`, `flag_datagrid_readonly`, `flag_index`, `flag_detail`, `created`, `created_by`, `modified`, `modified_by`) VALUES ('CAN-999-999-000-999-1054_CAN-999-999-000-999-1194', 'CAN-999-999-000-999-1054', 'CAN-999-999-000-999-1194', '0', '17', '', '0', '', '0', '', '0', '', '0', '', '0', '', '0', '', '0', '0', '0', '0', '0', '0', '0', '0', '1', '1', '0000-00-00 00:00:00', '', '0000-00-00 00:00:00', '');
INSERT INTO `form_formats` (`id`, `form_id`, `field_id`, `display_column`, `display_order`, `language_heading`, `flag_override_label`, `language_label`, `flag_override_tag`, `language_tag`, `flag_override_help`, `language_help`, `flag_override_type`, `type`, `flag_override_setting`, `setting`, `flag_override_default`, `default`, `flag_add`, `flag_add_readonly`, `flag_edit`, `flag_edit_readonly`, `flag_search`, `flag_search_readonly`, `flag_datagrid`, `flag_datagrid_readonly`, `flag_index`, `flag_detail`, `created`, `created_by`, `modified`, `modified_by`) VALUES ('CAN-999-999-000-999-1054_CAN-999-999-000-999-1109', 'CAN-999-999-000-999-1054', 'CAN-999-999-000-999-1109', '0', '15', '', '0', '', '0', '', '0', '', '0', '', '0', '', '0', '', '1', '0', '1', '0', '0', '0', '1', '0', '1', '1', '0000-00-00 00:00:00', '', '0000-00-00 00:00:00', '');
INSERT INTO `form_formats` (`id`, `form_id`, `field_id`, `display_column`, `display_order`, `language_heading`, `flag_override_label`, `language_label`, `flag_override_tag`, `language_tag`, `flag_override_help`, `language_help`, `flag_override_type`, `type`, `flag_override_setting`, `setting`, `flag_override_default`, `default`, `flag_add`, `flag_add_readonly`, `flag_edit`, `flag_edit_readonly`, `flag_search`, `flag_search_readonly`, `flag_datagrid`, `flag_datagrid_readonly`, `flag_index`, `flag_detail`, `created`, `created_by`, `modified`, `modified_by`) VALUES ('CAN-999-999-000-999-1054_CAN-999-999-000-999-1165', 'CAN-999-999-000-999-1054', 'CAN-999-999-000-999-1165', '0', '19', '', '0', '', '0', '', '0', '', '0', '', '0', '', '0', '', '1', '0', '1', '0', '0', '0', '0', '0', '0', '1', '0000-00-00 00:00:00', '', '0000-00-00 00:00:00', '');
INSERT INTO `form_formats` (`id`, `form_id`, `field_id`, `display_column`, `display_order`, `language_heading`, `flag_override_label`, `language_label`, `flag_override_tag`, `language_tag`, `flag_override_help`, `language_help`, `flag_override_type`, `type`, `flag_override_setting`, `setting`, `flag_override_default`, `default`, `flag_add`, `flag_add_readonly`, `flag_edit`, `flag_edit_readonly`, `flag_search`, `flag_search_readonly`, `flag_datagrid`, `flag_datagrid_readonly`, `flag_index`, `flag_detail`, `created`, `created_by`, `modified`, `modified_by`) VALUES ('CAN-999-999-000-999-1054_CAN-999-999-000-999-1112', 'CAN-999-999-000-999-1054', 'CAN-999-999-000-999-1112', '0', '20', '', '0', '', '0', '', '0', '', '0', '', '0', '', '0', '', '1', '0', '1', '0', '0', '0', '0', '0', '1', '1', '0000-00-00 00:00:00', '', '0000-00-00 00:00:00', '');
INSERT INTO `form_formats` (`id`, `form_id`, `field_id`, `display_column`, `display_order`, `language_heading`, `flag_override_label`, `language_label`, `flag_override_tag`, `language_tag`, `flag_override_help`, `language_help`, `flag_override_type`, `type`, `flag_override_setting`, `setting`, `flag_override_default`, `default`, `flag_add`, `flag_add_readonly`, `flag_edit`, `flag_edit_readonly`, `flag_search`, `flag_search_readonly`, `flag_datagrid`, `flag_datagrid_readonly`, `flag_index`, `flag_detail`, `created`, `created_by`, `modified`, `modified_by`) VALUES ('CAN-999-999-000-999-1054_CAN-999-999-000-999-1140', 'CAN-999-999-000-999-1054', 'CAN-999-999-000-999-1140', '1', '50', '', '0', '', '0', '', '0', '', '0', '', '0', '', '0', '', '0', '1', '0', '1', '0', '1', '0', '1', '0', '1', '0000-00-00 00:00:00', '', '0000-00-00 00:00:00', '');
INSERT INTO `form_formats` (`id`, `form_id`, `field_id`, `display_column`, `display_order`, `language_heading`, `flag_override_label`, `language_label`, `flag_override_tag`, `language_tag`, `flag_override_help`, `language_help`, `flag_override_type`, `type`, `flag_override_setting`, `setting`, `flag_override_default`, `default`, `flag_add`, `flag_add_readonly`, `flag_edit`, `flag_edit_readonly`, `flag_search`, `flag_search_readonly`, `flag_datagrid`, `flag_datagrid_readonly`, `flag_index`, `flag_detail`, `created`, `created_by`, `modified`, `modified_by`) VALUES ('CAN-999-999-000-999-1054_CAN-999-999-000-999-1141', 'CAN-999-999-000-999-1054', 'CAN-999-999-000-999-1141', '1', '51', '', '0', '', '0', '', '0', '', '0', '', '0', '', '0', '', '0', '1', '0', '1', '0', '1', '0', '1', '0', '1', '0000-00-00 00:00:00', '', '0000-00-00 00:00:00', '');
INSERT INTO `form_formats` (`id`, `form_id`, `field_id`, `display_column`, `display_order`, `language_heading`, `flag_override_label`, `language_label`, `flag_override_tag`, `language_tag`, `flag_override_help`, `language_help`, `flag_override_type`, `type`, `flag_override_setting`, `setting`, `flag_override_default`, `default`, `flag_add`, `flag_add_readonly`, `flag_edit`, `flag_edit_readonly`, `flag_search`, `flag_search_readonly`, `flag_datagrid`, `flag_datagrid_readonly`, `flag_index`, `flag_detail`, `created`, `created_by`, `modified`, `modified_by`) VALUES ('CAN-999-999-000-999-1054_CAN-999-999-000-999-1142', 'CAN-999-999-000-999-1054', 'CAN-999-999-000-999-1142', '1', '52', '', '0', '', '0', '', '0', '', '0', '', '0', '', '0', '', '0', '1', '0', '1', '0', '1', '0', '1', '0', '1', '0000-00-00 00:00:00', '', '0000-00-00 00:00:00', '');
INSERT INTO `form_formats` (`id`, `form_id`, `field_id`, `display_column`, `display_order`, `language_heading`, `flag_override_label`, `language_label`, `flag_override_tag`, `language_tag`, `flag_override_help`, `language_help`, `flag_override_type`, `type`, `flag_override_setting`, `setting`, `flag_override_default`, `default`, `flag_add`, `flag_add_readonly`, `flag_edit`, `flag_edit_readonly`, `flag_search`, `flag_search_readonly`, `flag_datagrid`, `flag_datagrid_readonly`, `flag_index`, `flag_detail`, `created`, `created_by`, `modified`, `modified_by`) VALUES ('CAN-999-999-000-999-1054_CAN-999-999-000-999-1143', 'CAN-999-999-000-999-1054', 'CAN-999-999-000-999-1143', '1', '53', '', '0', '', '0', '', '0', '', '0', '', '0', '', '0', '', '0', '1', '0', '1', '0', '1', '0', '1', '0', '1', '0000-00-00 00:00:00', '', '0000-00-00 00:00:00', '');
INSERT INTO `form_formats` (`id`, `form_id`, `field_id`, `display_column`, `display_order`, `language_heading`, `flag_override_label`, `language_label`, `flag_override_tag`, `language_tag`, `flag_override_help`, `language_help`, `flag_override_type`, `type`, `flag_override_setting`, `setting`, `flag_override_default`, `default`, `flag_add`, `flag_add_readonly`, `flag_edit`, `flag_edit_readonly`, `flag_search`, `flag_search_readonly`, `flag_datagrid`, `flag_datagrid_readonly`, `flag_index`, `flag_detail`, `created`, `created_by`, `modified`, `modified_by`) VALUES ('CAN-999-999-000-999-1054_CAN-999-999-000-999-1130', 'CAN-999-999-000-999-1054', 'CAN-999-999-000-999-1130', '1', '40', '', '0', '', '0', '', '0', '', '0', '', '0', '', '0', '', '0', '1', '0', '1', '0', '1', '0', '1', '1', '1', '0000-00-00 00:00:00', '', '0000-00-00 00:00:00', '');
INSERT INTO `form_formats` (`id`, `form_id`, `field_id`, `display_column`, `display_order`, `language_heading`, `flag_override_label`, `language_label`, `flag_override_tag`, `language_tag`, `flag_override_help`, `language_help`, `flag_override_type`, `type`, `flag_override_setting`, `setting`, `flag_override_default`, `default`, `flag_add`, `flag_add_readonly`, `flag_edit`, `flag_edit_readonly`, `flag_search`, `flag_search_readonly`, `flag_datagrid`, `flag_datagrid_readonly`, `flag_index`, `flag_detail`, `created`, `created_by`, `modified`, `modified_by`) VALUES ('CAN-999-999-000-999-1054_CAN-999-999-000-999-1131', 'CAN-999-999-000-999-1054', 'CAN-999-999-000-999-1131', '1', '41', '', '0', '', '0', '', '0', '', '0', '', '0', '', '0', '', '0', '1', '0', '1', '0', '1', '0', '1', '1', '1', '0000-00-00 00:00:00', '', '0000-00-00 00:00:00', '');
INSERT INTO `form_formats` (`id`, `form_id`, `field_id`, `display_column`, `display_order`, `language_heading`, `flag_override_label`, `language_label`, `flag_override_tag`, `language_tag`, `flag_override_help`, `language_help`, `flag_override_type`, `type`, `flag_override_setting`, `setting`, `flag_override_default`, `default`, `flag_add`, `flag_add_readonly`, `flag_edit`, `flag_edit_readonly`, `flag_search`, `flag_search_readonly`, `flag_datagrid`, `flag_datagrid_readonly`, `flag_index`, `flag_detail`, `created`, `created_by`, `modified`, `modified_by`) VALUES ('CAN-999-999-000-999-1054_CAN-999-999-000-999-1132', 'CAN-999-999-000-999-1054', 'CAN-999-999-000-999-1132', '1', '42', '', '0', '', '0', '', '0', '', '0', '', '0', '', '0', '', '1', '0', '1', '0', '0', '0', '1', '0', '1', '1', '0000-00-00 00:00:00', '', '0000-00-00 00:00:00', '');
INSERT INTO `form_formats` (`id`, `form_id`, `field_id`, `display_column`, `display_order`, `language_heading`, `flag_override_label`, `language_label`, `flag_override_tag`, `language_tag`, `flag_override_help`, `language_help`, `flag_override_type`, `type`, `flag_override_setting`, `setting`, `flag_override_default`, `default`, `flag_add`, `flag_add_readonly`, `flag_edit`, `flag_edit_readonly`, `flag_search`, `flag_search_readonly`, `flag_datagrid`, `flag_datagrid_readonly`, `flag_index`, `flag_detail`, `created`, `created_by`, `modified`, `modified_by`) VALUES ('CAN-999-999-000-999-1054_CAN-999-999-000-999-1133', 'CAN-999-999-000-999-1054', 'CAN-999-999-000-999-1133', '1', '43', '', '0', '', '0', '', '0', '', '0', '', '0', '', '0', '', '1', '1', '1', '1', '0', '1', '1', '1', '1', '1', '0000-00-00 00:00:00', '', '0000-00-00 00:00:00', '');
INSERT INTO `form_formats` (`id`, `form_id`, `field_id`, `display_column`, `display_order`, `language_heading`, `flag_override_label`, `language_label`, `flag_override_tag`, `language_tag`, `flag_override_help`, `language_help`, `flag_override_type`, `type`, `flag_override_setting`, `setting`, `flag_override_default`, `default`, `flag_add`, `flag_add_readonly`, `flag_edit`, `flag_edit_readonly`, `flag_search`, `flag_search_readonly`, `flag_datagrid`, `flag_datagrid_readonly`, `flag_index`, `flag_detail`, `created`, `created_by`, `modified`, `modified_by`) VALUES ('CAN-999-999-000-999-1054_CAN-999-999-000-999-1145', 'CAN-999-999-000-999-1054', 'CAN-999-999-000-999-1145', '1', '35', '', '0', '', '0', '', '0', '', '0', '', '0', '', '0', '', '1', '0', '1', '0', '0', '0', '1', '0', '1', '1', '0000-00-00 00:00:00', '', '0000-00-00 00:00:00', '');
INSERT INTO `form_formats` (`id`, `form_id`, `field_id`, `display_column`, `display_order`, `language_heading`, `flag_override_label`, `language_label`, `flag_override_tag`, `language_tag`, `flag_override_help`, `language_help`, `flag_override_type`, `type`, `flag_override_setting`, `setting`, `flag_override_default`, `default`, `flag_add`, `flag_add_readonly`, `flag_edit`, `flag_edit_readonly`, `flag_search`, `flag_search_readonly`, `flag_datagrid`, `flag_datagrid_readonly`, `flag_index`, `flag_detail`, `created`, `created_by`, `modified`, `modified_by`) VALUES ('CAN-999-999-000-999-1054_CAN-999-999-000-999-1146', 'CAN-999-999-000-999-1054', 'CAN-999-999-000-999-1146', '1', '36', '', '0', '', '0', '', '0', '', '0', '', '0', '', '0', '', '1', '0', '1', '0', '0', '0', '1', '0', '1', '1', '0000-00-00 00:00:00', '', '0000-00-00 00:00:00', '');
INSERT INTO `form_formats` (`id`, `form_id`, `field_id`, `display_column`, `display_order`, `language_heading`, `flag_override_label`, `language_label`, `flag_override_tag`, `language_tag`, `flag_override_help`, `language_help`, `flag_override_type`, `type`, `flag_override_setting`, `setting`, `flag_override_default`, `default`, `flag_add`, `flag_add_readonly`, `flag_edit`, `flag_edit_readonly`, `flag_search`, `flag_search_readonly`, `flag_datagrid`, `flag_datagrid_readonly`, `flag_index`, `flag_detail`, `created`, `created_by`, `modified`, `modified_by`) VALUES ('CAN-999-999-000-999-1054_CAN-999-999-000-999-1120', 'CAN-999-999-000-999-1054', 'CAN-999-999-000-999-1120', '1', '30', '', '0', '', '0', '', '0', '', '0', '', '0', '', '0', '', '1', '0', '1', '0', '0', '0', '1', '0', '1', '1', '0000-00-00 00:00:00', '', '0000-00-00 00:00:00', '');

-- ------------------------------------------------------------------------
-- alias = ad_der_cell_slides
-- ------------------------------------------------------------------------

DELETE FROM `forms` WHERE `alias` = 'ad_der_cell_slides';
INSERT INTO `forms` (`id`, `alias`, `language_title`, `language_help`, `flag_add_columns`, `flag_edit_columns`, `flag_search_columns`, `flag_detail_columns`, `created`, `created_by`, `modified`, `modified_by`) VALUES ('CAN-999-999-000-999-1034', 'ad_der_cell_slides', '', '', '0', '0', '0', '1', '0000-00-00 00:00:00', '', '0000-00-00 00:00:00', '');

DELETE FROM `form_formats` WHERE `form_id` = 'CAN-999-999-000-999-1034';
INSERT INTO `form_formats` (`id`, `form_id`, `field_id`, `display_column`, `display_order`, `language_heading`, `flag_override_label`, `language_label`, `flag_override_tag`, `language_tag`, `flag_override_help`, `language_help`, `flag_override_type`, `type`, `flag_override_setting`, `setting`, `flag_override_default`, `default`, `flag_add`, `flag_add_readonly`, `flag_edit`, `flag_edit_readonly`, `flag_search`, `flag_search_readonly`, `flag_datagrid`, `flag_datagrid_readonly`, `flag_index`, `flag_detail`, `created`, `created_by`, `modified`, `modified_by`) VALUES ('CAN-999-999-000-999-1034_CAN-999-999-000-999-1119', 'CAN-999-999-000-999-1034', 'CAN-999-999-000-999-1119', '0', '1', '', '0', '', '0', '', '0', '', '0', '', '0', '', '0', '', '0', '0', '0', '0', '0', '0', '1', '0', '0', '0', '0000-00-00 00:00:00', '', '0000-00-00 00:00:00', '');
INSERT INTO `form_formats` (`id`, `form_id`, `field_id`, `display_column`, `display_order`, `language_heading`, `flag_override_label`, `language_label`, `flag_override_tag`, `language_tag`, `flag_override_help`, `language_help`, `flag_override_type`, `type`, `flag_override_setting`, `setting`, `flag_override_default`, `default`, `flag_add`, `flag_add_readonly`, `flag_edit`, `flag_edit_readonly`, `flag_search`, `flag_search_readonly`, `flag_datagrid`, `flag_datagrid_readonly`, `flag_index`, `flag_detail`, `created`, `created_by`, `modified`, `modified_by`) VALUES ('CAN-999-999-000-999-1034_CAN-999-999-000-999-1115', 'CAN-999-999-000-999-1034', 'CAN-999-999-000-999-1115', '0', '0', '', '0', '', '0', '', '0', '', '0', '', '0', '', '0', '', '0', '0', '0', '0', '0', '0', '1', '0', '0', '0', '0000-00-00 00:00:00', '', '0000-00-00 00:00:00', '');
INSERT INTO `form_formats` (`id`, `form_id`, `field_id`, `display_column`, `display_order`, `language_heading`, `flag_override_label`, `language_label`, `flag_override_tag`, `language_tag`, `flag_override_help`, `language_help`, `flag_override_type`, `type`, `flag_override_setting`, `setting`, `flag_override_default`, `default`, `flag_add`, `flag_add_readonly`, `flag_edit`, `flag_edit_readonly`, `flag_search`, `flag_search_readonly`, `flag_datagrid`, `flag_datagrid_readonly`, `flag_index`, `flag_detail`, `created`, `created_by`, `modified`, `modified_by`) VALUES ('CAN-999-999-000-999-1034_CAN-999-999-000-999-1116', 'CAN-999-999-000-999-1034', 'CAN-999-999-000-999-1116', '0', '0', '', '0', '', '0', '', '0', '', '0', '', '0', '', '0', '', '0', '0', '0', '0', '0', '0', '1', '0', '0', '0', '0000-00-00 00:00:00', '', '0000-00-00 00:00:00', '');
INSERT INTO `form_formats` (`id`, `form_id`, `field_id`, `display_column`, `display_order`, `language_heading`, `flag_override_label`, `language_label`, `flag_override_tag`, `language_tag`, `flag_override_help`, `language_help`, `flag_override_type`, `type`, `flag_override_setting`, `setting`, `flag_override_default`, `default`, `flag_add`, `flag_add_readonly`, `flag_edit`, `flag_edit_readonly`, `flag_search`, `flag_search_readonly`, `flag_datagrid`, `flag_datagrid_readonly`, `flag_index`, `flag_detail`, `created`, `created_by`, `modified`, `modified_by`) VALUES ('CAN-999-999-000-999-1034_CAN-999-999-000-999-1113', 'CAN-999-999-000-999-1034', 'CAN-999-999-000-999-1113', '0', '0', '', '0', '', '0', '', '0', '', '0', '', '0', '', '0', '', '0', '0', '0', '0', '0', '0', '1', '0', '0', '0', '0000-00-00 00:00:00', '', '0000-00-00 00:00:00', '');
INSERT INTO `form_formats` (`id`, `form_id`, `field_id`, `display_column`, `display_order`, `language_heading`, `flag_override_label`, `language_label`, `flag_override_tag`, `language_tag`, `flag_override_help`, `language_help`, `flag_override_type`, `type`, `flag_override_setting`, `setting`, `flag_override_default`, `default`, `flag_add`, `flag_add_readonly`, `flag_edit`, `flag_edit_readonly`, `flag_search`, `flag_search_readonly`, `flag_datagrid`, `flag_datagrid_readonly`, `flag_index`, `flag_detail`, `created`, `created_by`, `modified`, `modified_by`) VALUES ('CAN-999-999-000-999-1034_CAN-999-999-000-999-1114', 'CAN-999-999-000-999-1034', 'CAN-999-999-000-999-1114', '0', '0', '', '0', '', '0', '', '0', '', '0', '', '0', '', '0', '', '0', '0', '0', '0', '0', '0', '1', '0', '0', '0', '0000-00-00 00:00:00', '', '0000-00-00 00:00:00', '');
INSERT INTO `form_formats` (`id`, `form_id`, `field_id`, `display_column`, `display_order`, `language_heading`, `flag_override_label`, `language_label`, `flag_override_tag`, `language_tag`, `flag_override_help`, `language_help`, `flag_override_type`, `type`, `flag_override_setting`, `setting`, `flag_override_default`, `default`, `flag_add`, `flag_add_readonly`, `flag_edit`, `flag_edit_readonly`, `flag_search`, `flag_search_readonly`, `flag_datagrid`, `flag_datagrid_readonly`, `flag_index`, `flag_detail`, `created`, `created_by`, `modified`, `modified_by`) VALUES ('CAN-999-999-000-999-1034_CAN-999-999-000-999-1100', 'CAN-999-999-000-999-1034', 'CAN-999-999-000-999-1100', '0', '2', '', '0', '', '0', '', '0', '', '0', '', '0', '', '0', '', '1', '0', '0', '0', '0', '0', '1', '0', '0', '0', '0000-00-00 00:00:00', '', '0000-00-00 00:00:00', '');
INSERT INTO `form_formats` (`id`, `form_id`, `field_id`, `display_column`, `display_order`, `language_heading`, `flag_override_label`, `language_label`, `flag_override_tag`, `language_tag`, `flag_override_help`, `language_help`, `flag_override_type`, `type`, `flag_override_setting`, `setting`, `flag_override_default`, `default`, `flag_add`, `flag_add_readonly`, `flag_edit`, `flag_edit_readonly`, `flag_search`, `flag_search_readonly`, `flag_datagrid`, `flag_datagrid_readonly`, `flag_index`, `flag_detail`, `created`, `created_by`, `modified`, `modified_by`) VALUES ('CAN-999-999-000-999-1034_CAN-999-999-000-999-1101', 'CAN-999-999-000-999-1034', 'CAN-999-999-000-999-1101', '0', '2', '', '0', '', '0', '', '0', '', '0', '', '0', '', '0', '', '0', '1', '1', '1', '1', '1', '0', '1', '1', '1', '0000-00-00 00:00:00', '', '0000-00-00 00:00:00', '');
INSERT INTO `form_formats` (`id`, `form_id`, `field_id`, `display_column`, `display_order`, `language_heading`, `flag_override_label`, `language_label`, `flag_override_tag`, `language_tag`, `flag_override_help`, `language_help`, `flag_override_type`, `type`, `flag_override_setting`, `setting`, `flag_override_default`, `default`, `flag_add`, `flag_add_readonly`, `flag_edit`, `flag_edit_readonly`, `flag_search`, `flag_search_readonly`, `flag_datagrid`, `flag_datagrid_readonly`, `flag_index`, `flag_detail`, `created`, `created_by`, `modified`, `modified_by`) VALUES ('CAN-999-999-000-999-1034_CAN-999-999-000-999-1118', 'CAN-999-999-000-999-1034', 'CAN-999-999-000-999-1118', '0', '2', '', '0', '', '0', '', '0', '', '0', '', '0', '', '0', '', '1', '0', '1', '0', '0', '0', '1', '0', '1', '1', '0000-00-00 00:00:00', '', '0000-00-00 00:00:00', '');
INSERT INTO `form_formats` (`id`, `form_id`, `field_id`, `display_column`, `display_order`, `language_heading`, `flag_override_label`, `language_label`, `flag_override_tag`, `language_tag`, `flag_override_help`, `language_help`, `flag_override_type`, `type`, `flag_override_setting`, `setting`, `flag_override_default`, `default`, `flag_add`, `flag_add_readonly`, `flag_edit`, `flag_edit_readonly`, `flag_search`, `flag_search_readonly`, `flag_datagrid`, `flag_datagrid_readonly`, `flag_index`, `flag_detail`, `created`, `created_by`, `modified`, `modified_by`) VALUES ('CAN-999-999-000-999-1034_CAN-999-999-000-999-1102', 'CAN-999-999-000-999-1034', 'CAN-999-999-000-999-1102', '0', '5', '', '0', '', '0', '', '0', '', '0', '', '0', '', '0', '', '1', '1', '1', '1', '0', '1', '1', '1', '1', '1', '0000-00-00 00:00:00', '', '0000-00-00 00:00:00', '');
INSERT INTO `form_formats` (`id`, `form_id`, `field_id`, `display_column`, `display_order`, `language_heading`, `flag_override_label`, `language_label`, `flag_override_tag`, `language_tag`, `flag_override_help`, `language_help`, `flag_override_type`, `type`, `flag_override_setting`, `setting`, `flag_override_default`, `default`, `flag_add`, `flag_add_readonly`, `flag_edit`, `flag_edit_readonly`, `flag_search`, `flag_search_readonly`, `flag_datagrid`, `flag_datagrid_readonly`, `flag_index`, `flag_detail`, `created`, `created_by`, `modified`, `modified_by`) VALUES ('CAN-999-999-000-999-1034_CAN-999-999-000-999-1103', 'CAN-999-999-000-999-1034', 'CAN-999-999-000-999-1103', '0', '6', '', '0', '', '0', '', '0', '', '0', '', '0', '', '0', '', '1', '0', '1', '0', '0', '0', '1', '0', '1', '1', '0000-00-00 00:00:00', '', '0000-00-00 00:00:00', '');
INSERT INTO `form_formats` (`id`, `form_id`, `field_id`, `display_column`, `display_order`, `language_heading`, `flag_override_label`, `language_label`, `flag_override_tag`, `language_tag`, `flag_override_help`, `language_help`, `flag_override_type`, `type`, `flag_override_setting`, `setting`, `flag_override_default`, `default`, `flag_add`, `flag_add_readonly`, `flag_edit`, `flag_edit_readonly`, `flag_search`, `flag_search_readonly`, `flag_datagrid`, `flag_datagrid_readonly`, `flag_index`, `flag_detail`, `created`, `created_by`, `modified`, `modified_by`) VALUES ('CAN-999-999-000-999-1034_CAN-999-999-000-999-1104', 'CAN-999-999-000-999-1034', 'CAN-999-999-000-999-1104', '0', '7', '', '0', '', '0', '', '0', '', '0', '', '0', '', '0', '', '1', '0', '1', '0', '0', '0', '1', '0', '1', '1', '0000-00-00 00:00:00', '', '0000-00-00 00:00:00', '');
INSERT INTO `form_formats` (`id`, `form_id`, `field_id`, `display_column`, `display_order`, `language_heading`, `flag_override_label`, `language_label`, `flag_override_tag`, `language_tag`, `flag_override_help`, `language_help`, `flag_override_type`, `type`, `flag_override_setting`, `setting`, `flag_override_default`, `default`, `flag_add`, `flag_add_readonly`, `flag_edit`, `flag_edit_readonly`, `flag_search`, `flag_search_readonly`, `flag_datagrid`, `flag_datagrid_readonly`, `flag_index`, `flag_detail`, `created`, `created_by`, `modified`, `modified_by`) VALUES ('CAN-999-999-000-999-1034_CAN-999-999-000-999-1259', 'CAN-999-999-000-999-1034', 'CAN-999-999-000-999-1259', '0', '7', '', '0', '', '0', '', '0', '', '0', '', '0', '', '0', '', '1', '0', '1', '0', '0', '0', '1', '0', '1', '1', '0000-00-00 00:00:00', '', '0000-00-00 00:00:00', '');
INSERT INTO `form_formats` (`id`, `form_id`, `field_id`, `display_column`, `display_order`, `language_heading`, `flag_override_label`, `language_label`, `flag_override_tag`, `language_tag`, `flag_override_help`, `language_help`, `flag_override_type`, `type`, `flag_override_setting`, `setting`, `flag_override_default`, `default`, `flag_add`, `flag_add_readonly`, `flag_edit`, `flag_edit_readonly`, `flag_search`, `flag_search_readonly`, `flag_datagrid`, `flag_datagrid_readonly`, `flag_index`, `flag_detail`, `created`, `created_by`, `modified`, `modified_by`) VALUES ('CAN-999-999-000-999-1034_CAN-999-999-000-999-1105', 'CAN-999-999-000-999-1034', 'CAN-999-999-000-999-1105', '0', '8', '', '0', '', '0', '', '0', '', '0', '', '0', '', '0', '', '0', '1', '0', '1', '0', '1', '0', '1', '1', '1', '0000-00-00 00:00:00', '', '0000-00-00 00:00:00', '');
INSERT INTO `form_formats` (`id`, `form_id`, `field_id`, `display_column`, `display_order`, `language_heading`, `flag_override_label`, `language_label`, `flag_override_tag`, `language_tag`, `flag_override_help`, `language_help`, `flag_override_type`, `type`, `flag_override_setting`, `setting`, `flag_override_default`, `default`, `flag_add`, `flag_add_readonly`, `flag_edit`, `flag_edit_readonly`, `flag_search`, `flag_search_readonly`, `flag_datagrid`, `flag_datagrid_readonly`, `flag_index`, `flag_detail`, `created`, `created_by`, `modified`, `modified_by`) VALUES ('CAN-999-999-000-999-1034_CAN-999-999-000-999-1216', 'CAN-999-999-000-999-1034', 'CAN-999-999-000-999-1216', '0', '9', '', '0', '', '0', '', '0', '', '0', '', '0', '', '0', '', '1', '0', '1', '0', '0', '0', '1', '0', '0', '0', '0000-00-00 00:00:00', '', '0000-00-00 00:00:00', '');
INSERT INTO `form_formats` (`id`, `form_id`, `field_id`, `display_column`, `display_order`, `language_heading`, `flag_override_label`, `language_label`, `flag_override_tag`, `language_tag`, `flag_override_help`, `language_help`, `flag_override_type`, `type`, `flag_override_setting`, `setting`, `flag_override_default`, `default`, `flag_add`, `flag_add_readonly`, `flag_edit`, `flag_edit_readonly`, `flag_search`, `flag_search_readonly`, `flag_datagrid`, `flag_datagrid_readonly`, `flag_index`, `flag_detail`, `created`, `created_by`, `modified`, `modified_by`) VALUES ('CAN-999-999-000-999-1034_CAN-999-999-000-999-1106', 'CAN-999-999-000-999-1034', 'CAN-999-999-000-999-1106', '0', '10', '', '0', '', '0', '', '0', '', '0', '', '0', '', '0', '', '1', '0', '1', '0', '0', '0', '1', '0', '0', '0', '0000-00-00 00:00:00', '', '0000-00-00 00:00:00', '');
INSERT INTO `form_formats` (`id`, `form_id`, `field_id`, `display_column`, `display_order`, `language_heading`, `flag_override_label`, `language_label`, `flag_override_tag`, `language_tag`, `flag_override_help`, `language_help`, `flag_override_type`, `type`, `flag_override_setting`, `setting`, `flag_override_default`, `default`, `flag_add`, `flag_add_readonly`, `flag_edit`, `flag_edit_readonly`, `flag_search`, `flag_search_readonly`, `flag_datagrid`, `flag_datagrid_readonly`, `flag_index`, `flag_detail`, `created`, `created_by`, `modified`, `modified_by`) VALUES ('CAN-999-999-000-999-1034_CAN-999-999-000-999-1217', 'CAN-999-999-000-999-1034', 'CAN-999-999-000-999-1217', '0', '10', '', '0', '', '0', '', '0', '', '0', '', '0', '', '0', '', '0', '0', '0', '0', '0', '0', '0', '0', '1', '1', '0000-00-00 00:00:00', '', '0000-00-00 00:00:00', '');
INSERT INTO `form_formats` (`id`, `form_id`, `field_id`, `display_column`, `display_order`, `language_heading`, `flag_override_label`, `language_label`, `flag_override_tag`, `language_tag`, `flag_override_help`, `language_help`, `flag_override_type`, `type`, `flag_override_setting`, `setting`, `flag_override_default`, `default`, `flag_add`, `flag_add_readonly`, `flag_edit`, `flag_edit_readonly`, `flag_search`, `flag_search_readonly`, `flag_datagrid`, `flag_datagrid_readonly`, `flag_index`, `flag_detail`, `created`, `created_by`, `modified`, `modified_by`) VALUES ('CAN-999-999-000-999-1034_CAN-999-999-000-999-1117', 'CAN-999-999-000-999-1034', 'CAN-999-999-000-999-1117', '0', '11', '', '0', '', '0', '', '0', '', '0', '', '0', '', '0', '', '0', '0', '0', '0', '0', '0', '0', '0', '1', '1', '0000-00-00 00:00:00', '', '0000-00-00 00:00:00', '');
INSERT INTO `form_formats` (`id`, `form_id`, `field_id`, `display_column`, `display_order`, `language_heading`, `flag_override_label`, `language_label`, `flag_override_tag`, `language_tag`, `flag_override_help`, `language_help`, `flag_override_type`, `type`, `flag_override_setting`, `setting`, `flag_override_default`, `default`, `flag_add`, `flag_add_readonly`, `flag_edit`, `flag_edit_readonly`, `flag_search`, `flag_search_readonly`, `flag_datagrid`, `flag_datagrid_readonly`, `flag_index`, `flag_detail`, `created`, `created_by`, `modified`, `modified_by`) VALUES ('CAN-999-999-000-999-1034_CAN-999-999-000-999-1107', 'CAN-999-999-000-999-1034', 'CAN-999-999-000-999-1107', '0', '12', '', '0', '', '0', '', '0', '', '0', '', '0', '', '0', '', '1', '0', '1', '0', '0', '0', '1', '0', '1', '1', '0000-00-00 00:00:00', '', '0000-00-00 00:00:00', '');
INSERT INTO `form_formats` (`id`, `form_id`, `field_id`, `display_column`, `display_order`, `language_heading`, `flag_override_label`, `language_label`, `flag_override_tag`, `language_tag`, `flag_override_help`, `language_help`, `flag_override_type`, `type`, `flag_override_setting`, `setting`, `flag_override_default`, `default`, `flag_add`, `flag_add_readonly`, `flag_edit`, `flag_edit_readonly`, `flag_search`, `flag_search_readonly`, `flag_datagrid`, `flag_datagrid_readonly`, `flag_index`, `flag_detail`, `created`, `created_by`, `modified`, `modified_by`) VALUES ('CAN-999-999-000-999-1034_CAN-999-999-000-999-1108', 'CAN-999-999-000-999-1034', 'CAN-999-999-000-999-1108', '0', '14', '', '0', '', '0', '', '0', '', '0', '', '0', '', '0', '', '1', '0', '1', '0', '0', '0', '1', '0', '1', '1', '0000-00-00 00:00:00', '', '0000-00-00 00:00:00', '');
INSERT INTO `form_formats` (`id`, `form_id`, `field_id`, `display_column`, `display_order`, `language_heading`, `flag_override_label`, `language_label`, `flag_override_tag`, `language_tag`, `flag_override_help`, `language_help`, `flag_override_type`, `type`, `flag_override_setting`, `setting`, `flag_override_default`, `default`, `flag_add`, `flag_add_readonly`, `flag_edit`, `flag_edit_readonly`, `flag_search`, `flag_search_readonly`, `flag_datagrid`, `flag_datagrid_readonly`, `flag_index`, `flag_detail`, `created`, `created_by`, `modified`, `modified_by`) VALUES ('CAN-999-999-000-999-1034_CAN-999-999-000-999-1110', 'CAN-999-999-000-999-1034', 'CAN-999-999-000-999-1110', '0', '16', '', '0', '', '0', '', '0', '', '0', '', '0', '', '0', '', '0', '0', '0', '0', '0', '0', '0', '0', '1', '1', '0000-00-00 00:00:00', '', '0000-00-00 00:00:00', '');
INSERT INTO `form_formats` (`id`, `form_id`, `field_id`, `display_column`, `display_order`, `language_heading`, `flag_override_label`, `language_label`, `flag_override_tag`, `language_tag`, `flag_override_help`, `language_help`, `flag_override_type`, `type`, `flag_override_setting`, `setting`, `flag_override_default`, `default`, `flag_add`, `flag_add_readonly`, `flag_edit`, `flag_edit_readonly`, `flag_search`, `flag_search_readonly`, `flag_datagrid`, `flag_datagrid_readonly`, `flag_index`, `flag_detail`, `created`, `created_by`, `modified`, `modified_by`) VALUES ('CAN-999-999-000-999-1034_CAN-999-999-000-999-1194', 'CAN-999-999-000-999-1034', 'CAN-999-999-000-999-1194', '0', '17', '', '0', '', '0', '', '0', '', '0', '', '0', '', '0', '', '0', '0', '0', '0', '0', '0', '0', '0', '1', '1', '0000-00-00 00:00:00', '', '0000-00-00 00:00:00', '');
INSERT INTO `form_formats` (`id`, `form_id`, `field_id`, `display_column`, `display_order`, `language_heading`, `flag_override_label`, `language_label`, `flag_override_tag`, `language_tag`, `flag_override_help`, `language_help`, `flag_override_type`, `type`, `flag_override_setting`, `setting`, `flag_override_default`, `default`, `flag_add`, `flag_add_readonly`, `flag_edit`, `flag_edit_readonly`, `flag_search`, `flag_search_readonly`, `flag_datagrid`, `flag_datagrid_readonly`, `flag_index`, `flag_detail`, `created`, `created_by`, `modified`, `modified_by`) VALUES ('CAN-999-999-000-999-1034_CAN-999-999-000-999-1109', 'CAN-999-999-000-999-1034', 'CAN-999-999-000-999-1109', '0', '15', '', '0', '', '0', '', '0', '', '0', '', '0', '', '0', '', '1', '0', '1', '0', '0', '0', '1', '0', '1', '1', '0000-00-00 00:00:00', '', '0000-00-00 00:00:00', '');
INSERT INTO `form_formats` (`id`, `form_id`, `field_id`, `display_column`, `display_order`, `language_heading`, `flag_override_label`, `language_label`, `flag_override_tag`, `language_tag`, `flag_override_help`, `language_help`, `flag_override_type`, `type`, `flag_override_setting`, `setting`, `flag_override_default`, `default`, `flag_add`, `flag_add_readonly`, `flag_edit`, `flag_edit_readonly`, `flag_search`, `flag_search_readonly`, `flag_datagrid`, `flag_datagrid_readonly`, `flag_index`, `flag_detail`, `created`, `created_by`, `modified`, `modified_by`) VALUES ('CAN-999-999-000-999-1034_CAN-999-999-000-999-1165', 'CAN-999-999-000-999-1034', 'CAN-999-999-000-999-1165', '0', '19', '', '0', '', '0', '', '0', '', '0', '', '0', '', '0', '', '1', '0', '1', '0', '0', '0', '0', '0', '0', '1', '0000-00-00 00:00:00', '', '0000-00-00 00:00:00', '');
INSERT INTO `form_formats` (`id`, `form_id`, `field_id`, `display_column`, `display_order`, `language_heading`, `flag_override_label`, `language_label`, `flag_override_tag`, `language_tag`, `flag_override_help`, `language_help`, `flag_override_type`, `type`, `flag_override_setting`, `setting`, `flag_override_default`, `default`, `flag_add`, `flag_add_readonly`, `flag_edit`, `flag_edit_readonly`, `flag_search`, `flag_search_readonly`, `flag_datagrid`, `flag_datagrid_readonly`, `flag_index`, `flag_detail`, `created`, `created_by`, `modified`, `modified_by`) VALUES ('CAN-999-999-000-999-1034_CAN-999-999-000-999-1112', 'CAN-999-999-000-999-1034', 'CAN-999-999-000-999-1112', '0', '20', '', '0', '', '0', '', '0', '', '0', '', '0', '', '0', '', '1', '0', '1', '0', '0', '0', '0', '0', '1', '1', '0000-00-00 00:00:00', '', '0000-00-00 00:00:00', '');
INSERT INTO `form_formats` (`id`, `form_id`, `field_id`, `display_column`, `display_order`, `language_heading`, `flag_override_label`, `language_label`, `flag_override_tag`, `language_tag`, `flag_override_help`, `language_help`, `flag_override_type`, `type`, `flag_override_setting`, `setting`, `flag_override_default`, `default`, `flag_add`, `flag_add_readonly`, `flag_edit`, `flag_edit_readonly`, `flag_search`, `flag_search_readonly`, `flag_datagrid`, `flag_datagrid_readonly`, `flag_index`, `flag_detail`, `created`, `created_by`, `modified`, `modified_by`) VALUES ('CAN-999-999-000-999-1034_CAN-999-999-000-999-1140', 'CAN-999-999-000-999-1034', 'CAN-999-999-000-999-1140', '1', '50', '', '0', '', '0', '', '0', '', '0', '', '0', '', '0', '', '0', '1', '0', '1', '0', '1', '0', '1', '0', '1', '0000-00-00 00:00:00', '', '0000-00-00 00:00:00', '');
INSERT INTO `form_formats` (`id`, `form_id`, `field_id`, `display_column`, `display_order`, `language_heading`, `flag_override_label`, `language_label`, `flag_override_tag`, `language_tag`, `flag_override_help`, `language_help`, `flag_override_type`, `type`, `flag_override_setting`, `setting`, `flag_override_default`, `default`, `flag_add`, `flag_add_readonly`, `flag_edit`, `flag_edit_readonly`, `flag_search`, `flag_search_readonly`, `flag_datagrid`, `flag_datagrid_readonly`, `flag_index`, `flag_detail`, `created`, `created_by`, `modified`, `modified_by`) VALUES ('CAN-999-999-000-999-1034_CAN-999-999-000-999-1141', 'CAN-999-999-000-999-1034', 'CAN-999-999-000-999-1141', '1', '51', '', '0', '', '0', '', '0', '', '0', '', '0', '', '0', '', '0', '1', '0', '1', '0', '1', '0', '1', '0', '1', '0000-00-00 00:00:00', '', '0000-00-00 00:00:00', '');
INSERT INTO `form_formats` (`id`, `form_id`, `field_id`, `display_column`, `display_order`, `language_heading`, `flag_override_label`, `language_label`, `flag_override_tag`, `language_tag`, `flag_override_help`, `language_help`, `flag_override_type`, `type`, `flag_override_setting`, `setting`, `flag_override_default`, `default`, `flag_add`, `flag_add_readonly`, `flag_edit`, `flag_edit_readonly`, `flag_search`, `flag_search_readonly`, `flag_datagrid`, `flag_datagrid_readonly`, `flag_index`, `flag_detail`, `created`, `created_by`, `modified`, `modified_by`) VALUES ('CAN-999-999-000-999-1034_CAN-999-999-000-999-1142', 'CAN-999-999-000-999-1034', 'CAN-999-999-000-999-1142', '1', '52', '', '0', '', '0', '', '0', '', '0', '', '0', '', '0', '', '0', '1', '0', '1', '0', '1', '0', '1', '0', '1', '0000-00-00 00:00:00', '', '0000-00-00 00:00:00', '');
INSERT INTO `form_formats` (`id`, `form_id`, `field_id`, `display_column`, `display_order`, `language_heading`, `flag_override_label`, `language_label`, `flag_override_tag`, `language_tag`, `flag_override_help`, `language_help`, `flag_override_type`, `type`, `flag_override_setting`, `setting`, `flag_override_default`, `default`, `flag_add`, `flag_add_readonly`, `flag_edit`, `flag_edit_readonly`, `flag_search`, `flag_search_readonly`, `flag_datagrid`, `flag_datagrid_readonly`, `flag_index`, `flag_detail`, `created`, `created_by`, `modified`, `modified_by`) VALUES ('CAN-999-999-000-999-1034_CAN-999-999-000-999-1143', 'CAN-999-999-000-999-1034', 'CAN-999-999-000-999-1143', '1', '53', '', '0', '', '0', '', '0', '', '0', '', '0', '', '0', '', '0', '1', '0', '1', '0', '1', '0', '1', '0', '1', '0000-00-00 00:00:00', '', '0000-00-00 00:00:00', '');
INSERT INTO `form_formats` (`id`, `form_id`, `field_id`, `display_column`, `display_order`, `language_heading`, `flag_override_label`, `language_label`, `flag_override_tag`, `language_tag`, `flag_override_help`, `language_help`, `flag_override_type`, `type`, `flag_override_setting`, `setting`, `flag_override_default`, `default`, `flag_add`, `flag_add_readonly`, `flag_edit`, `flag_edit_readonly`, `flag_search`, `flag_search_readonly`, `flag_datagrid`, `flag_datagrid_readonly`, `flag_index`, `flag_detail`, `created`, `created_by`, `modified`, `modified_by`) VALUES ('CAN-999-999-000-999-1034_CAN-999-999-000-999-1136', 'CAN-999-999-000-999-1034', 'CAN-999-999-000-999-1136', '1', '31', '', '0', '', '0', '', '0', '', '0', '', '0', '', '0', '', '1', '0', '1', '0', '0', '0', '1', '0', '1', '1', '0000-00-00 00:00:00', '', '0000-00-00 00:00:00', '');

-- ------------------------------------------------------------------------
-- alias = ad_der_cel_gel_matrices
-- ------------------------------------------------------------------------

DELETE FROM `forms` WHERE `alias` = 'ad_der_cel_gel_matrices';
INSERT INTO `forms` (`id`, `alias`, `language_title`, `language_help`, `flag_add_columns`, `flag_edit_columns`, `flag_search_columns`, `flag_detail_columns`, `created`, `created_by`, `modified`, `modified_by`) VALUES ('CAN-999-999-000-999-1063', 'ad_der_cel_gel_matrices', '', '', '0', '0', '0', '1', '0000-00-00 00:00:00', '', '0000-00-00 00:00:00', '');
  
DELETE FROM `form_fields` WHERE `id` = 'CAN-999-999-000-999-1239';
INSERT INTO `form_fields` (`id`, `model`, `field`, `language_label`, `language_tag`, `type`, `setting`, `default`, `language_help`, `created`, `created_by`, `modified`, `modified_by`) VALUES ('CAN-999-999-000-999-1239', 'AliquotDetail', 'cell_count', 'cell count', '', 'input', 'size=10', '', '', '0000-00-00 00:00:00', '', '0000-00-00 00:00:00', '');
DELETE FROM `form_fields` WHERE `id` = 'CAN-999-999-000-999-1240';
INSERT INTO `form_fields` (`id`, `model`, `field`, `language_label`, `language_tag`, `type`, `setting`, `default`, `language_help`, `created`, `created_by`, `modified`, `modified_by`) VALUES ('CAN-999-999-000-999-1240', 'AliquotDetail', 'cell_count_unit', '', '', 'select', '', '', '', '0000-00-00 00:00:00', '', '0000-00-00 00:00:00', '');

DELETE FROM `form_validations` WHERE `form_field_id` = 'CAN-999-999-000-999-1239';
INSERT INTO `form_validations` (`id`, `form_field_id`, `expression`, `message`, `created`, `created_by`, `modified`, `modifed_by`) VALUES (NULL, 'CAN-999-999-000-999-1239', '/^\\d*([\\.]\\d*)?$/', 'cell count should be a positif decimal', '0000-00-00 00:00:00', '', '0000-00-00 00:00:00', '');

DELETE FROM `global_lookups` WHERE `alias` IN ('cell_count_unit');
INSERT INTO `global_lookups` (`id`, `alias`, `section`, `subsection`, `value`, `language_choice`, `display_order`, `active`, `created`, `created_by`, `modified`, `modified_by`) VALUES 
(NULL, 'cell_count_unit', NULL, NULL, '10e6', '10e6', 1, 'yes', NULL, NULL, NULL, NULL),
(NULL, 'cell_count_unit', NULL, NULL, '10e7', '10e7', 2, 'yes', NULL, NULL, NULL, NULL),
(NULL, 'cell_count_unit', NULL, NULL, '10e8', '10e8', 2, 'yes', NULL, NULL, NULL, NULL);

DELETE FROM `form_fields_global_lookups` WHERE `field_id` IN ('CAN-999-999-000-999-1240');
INSERT INTO `form_fields_global_lookups` ( `field_id` , `lookup_id`)
VALUES 
('CAN-999-999-000-999-1240', (SELECT `id` FROM `global_lookups` WHERE `alias` LIKE 'cell_count_unit' AND `value` like '10e6')), 
('CAN-999-999-000-999-1240', (SELECT `id` FROM `global_lookups` WHERE `alias` LIKE 'cell_count_unit' AND `value` like '10e7')), 
('CAN-999-999-000-999-1240', (SELECT `id` FROM `global_lookups` WHERE `alias` LIKE 'cell_count_unit' AND `value` like '10e8'));
  
DELETE FROM `form_formats` WHERE `form_id` = 'CAN-999-999-000-999-1063';
INSERT INTO `form_formats` (`id`, `form_id`, `field_id`, `display_column`, `display_order`, `language_heading`, `flag_override_label`, `language_label`, `flag_override_tag`, `language_tag`, `flag_override_help`, `language_help`, `flag_override_type`, `type`, `flag_override_setting`, `setting`, `flag_override_default`, `default`, `flag_add`, `flag_add_readonly`, `flag_edit`, `flag_edit_readonly`, `flag_search`, `flag_search_readonly`, `flag_datagrid`, `flag_datagrid_readonly`, `flag_index`, `flag_detail`, `created`, `created_by`, `modified`, `modified_by`) VALUES ('CAN-999-999-000-999-1063_CAN-999-999-000-999-1119', 'CAN-999-999-000-999-1063', 'CAN-999-999-000-999-1119', '0', '1', '', '0', '', '0', '', '0', '', '0', '', '0', '', '0', '', '0', '0', '0', '0', '0', '0', '1', '0', '0', '0', '0000-00-00 00:00:00', '', '0000-00-00 00:00:00', '');
INSERT INTO `form_formats` (`id`, `form_id`, `field_id`, `display_column`, `display_order`, `language_heading`, `flag_override_label`, `language_label`, `flag_override_tag`, `language_tag`, `flag_override_help`, `language_help`, `flag_override_type`, `type`, `flag_override_setting`, `setting`, `flag_override_default`, `default`, `flag_add`, `flag_add_readonly`, `flag_edit`, `flag_edit_readonly`, `flag_search`, `flag_search_readonly`, `flag_datagrid`, `flag_datagrid_readonly`, `flag_index`, `flag_detail`, `created`, `created_by`, `modified`, `modified_by`) VALUES ('CAN-999-999-000-999-1063_CAN-999-999-000-999-1115', 'CAN-999-999-000-999-1063', 'CAN-999-999-000-999-1115', '0', '0', '', '0', '', '0', '', '0', '', '0', '', '0', '', '0', '', '0', '0', '0', '0', '0', '0', '1', '0', '0', '0', '0000-00-00 00:00:00', '', '0000-00-00 00:00:00', '');
INSERT INTO `form_formats` (`id`, `form_id`, `field_id`, `display_column`, `display_order`, `language_heading`, `flag_override_label`, `language_label`, `flag_override_tag`, `language_tag`, `flag_override_help`, `language_help`, `flag_override_type`, `type`, `flag_override_setting`, `setting`, `flag_override_default`, `default`, `flag_add`, `flag_add_readonly`, `flag_edit`, `flag_edit_readonly`, `flag_search`, `flag_search_readonly`, `flag_datagrid`, `flag_datagrid_readonly`, `flag_index`, `flag_detail`, `created`, `created_by`, `modified`, `modified_by`) VALUES ('CAN-999-999-000-999-1063_CAN-999-999-000-999-1116', 'CAN-999-999-000-999-1063', 'CAN-999-999-000-999-1116', '0', '0', '', '0', '', '0', '', '0', '', '0', '', '0', '', '0', '', '0', '0', '0', '0', '0', '0', '1', '0', '0', '0', '0000-00-00 00:00:00', '', '0000-00-00 00:00:00', '');
INSERT INTO `form_formats` (`id`, `form_id`, `field_id`, `display_column`, `display_order`, `language_heading`, `flag_override_label`, `language_label`, `flag_override_tag`, `language_tag`, `flag_override_help`, `language_help`, `flag_override_type`, `type`, `flag_override_setting`, `setting`, `flag_override_default`, `default`, `flag_add`, `flag_add_readonly`, `flag_edit`, `flag_edit_readonly`, `flag_search`, `flag_search_readonly`, `flag_datagrid`, `flag_datagrid_readonly`, `flag_index`, `flag_detail`, `created`, `created_by`, `modified`, `modified_by`) VALUES ('CAN-999-999-000-999-1063_CAN-999-999-000-999-1113', 'CAN-999-999-000-999-1063', 'CAN-999-999-000-999-1113', '0', '0', '', '0', '', '0', '', '0', '', '0', '', '0', '', '0', '', '0', '0', '0', '0', '0', '0', '1', '0', '0', '0', '0000-00-00 00:00:00', '', '0000-00-00 00:00:00', '');
INSERT INTO `form_formats` (`id`, `form_id`, `field_id`, `display_column`, `display_order`, `language_heading`, `flag_override_label`, `language_label`, `flag_override_tag`, `language_tag`, `flag_override_help`, `language_help`, `flag_override_type`, `type`, `flag_override_setting`, `setting`, `flag_override_default`, `default`, `flag_add`, `flag_add_readonly`, `flag_edit`, `flag_edit_readonly`, `flag_search`, `flag_search_readonly`, `flag_datagrid`, `flag_datagrid_readonly`, `flag_index`, `flag_detail`, `created`, `created_by`, `modified`, `modified_by`) VALUES ('CAN-999-999-000-999-1063_CAN-999-999-000-999-1114', 'CAN-999-999-000-999-1063', 'CAN-999-999-000-999-1114', '0', '0', '', '0', '', '0', '', '0', '', '0', '', '0', '', '0', '', '0', '0', '0', '0', '0', '0', '1', '0', '0', '0', '0000-00-00 00:00:00', '', '0000-00-00 00:00:00', '');
INSERT INTO `form_formats` (`id`, `form_id`, `field_id`, `display_column`, `display_order`, `language_heading`, `flag_override_label`, `language_label`, `flag_override_tag`, `language_tag`, `flag_override_help`, `language_help`, `flag_override_type`, `type`, `flag_override_setting`, `setting`, `flag_override_default`, `default`, `flag_add`, `flag_add_readonly`, `flag_edit`, `flag_edit_readonly`, `flag_search`, `flag_search_readonly`, `flag_datagrid`, `flag_datagrid_readonly`, `flag_index`, `flag_detail`, `created`, `created_by`, `modified`, `modified_by`) VALUES ('CAN-999-999-000-999-1063_CAN-999-999-000-999-1100', 'CAN-999-999-000-999-1063', 'CAN-999-999-000-999-1100', '0', '2', '', '0', '', '0', '', '0', '', '0', '', '0', '', '0', '', '1', '0', '0', '0', '0', '0', '1', '0', '0', '0', '0000-00-00 00:00:00', '', '0000-00-00 00:00:00', '');
INSERT INTO `form_formats` (`id`, `form_id`, `field_id`, `display_column`, `display_order`, `language_heading`, `flag_override_label`, `language_label`, `flag_override_tag`, `language_tag`, `flag_override_help`, `language_help`, `flag_override_type`, `type`, `flag_override_setting`, `setting`, `flag_override_default`, `default`, `flag_add`, `flag_add_readonly`, `flag_edit`, `flag_edit_readonly`, `flag_search`, `flag_search_readonly`, `flag_datagrid`, `flag_datagrid_readonly`, `flag_index`, `flag_detail`, `created`, `created_by`, `modified`, `modified_by`) VALUES ('CAN-999-999-000-999-1063_CAN-999-999-000-999-1101', 'CAN-999-999-000-999-1063', 'CAN-999-999-000-999-1101', '0', '2', '', '0', '', '0', '', '0', '', '0', '', '0', '', '0', '', '0', '1', '1', '1', '1', '1', '0', '1', '1', '1', '0000-00-00 00:00:00', '', '0000-00-00 00:00:00', '');
INSERT INTO `form_formats` (`id`, `form_id`, `field_id`, `display_column`, `display_order`, `language_heading`, `flag_override_label`, `language_label`, `flag_override_tag`, `language_tag`, `flag_override_help`, `language_help`, `flag_override_type`, `type`, `flag_override_setting`, `setting`, `flag_override_default`, `default`, `flag_add`, `flag_add_readonly`, `flag_edit`, `flag_edit_readonly`, `flag_search`, `flag_search_readonly`, `flag_datagrid`, `flag_datagrid_readonly`, `flag_index`, `flag_detail`, `created`, `created_by`, `modified`, `modified_by`) VALUES ('CAN-999-999-000-999-1063_CAN-999-999-000-999-1118', 'CAN-999-999-000-999-1063', 'CAN-999-999-000-999-1118', '0', '2', '', '0', '', '0', '', '0', '', '0', '', '0', '', '0', '', '1', '0', '1', '0', '0', '0', '1', '0', '1', '1', '0000-00-00 00:00:00', '', '0000-00-00 00:00:00', '');
INSERT INTO `form_formats` (`id`, `form_id`, `field_id`, `display_column`, `display_order`, `language_heading`, `flag_override_label`, `language_label`, `flag_override_tag`, `language_tag`, `flag_override_help`, `language_help`, `flag_override_type`, `type`, `flag_override_setting`, `setting`, `flag_override_default`, `default`, `flag_add`, `flag_add_readonly`, `flag_edit`, `flag_edit_readonly`, `flag_search`, `flag_search_readonly`, `flag_datagrid`, `flag_datagrid_readonly`, `flag_index`, `flag_detail`, `created`, `created_by`, `modified`, `modified_by`) VALUES ('CAN-999-999-000-999-1063_CAN-999-999-000-999-1102', 'CAN-999-999-000-999-1063', 'CAN-999-999-000-999-1102', '0', '5', '', '0', '', '0', '', '0', '', '0', '', '0', '', '0', '', '1', '1', '1', '1', '0', '1', '1', '1', '1', '1', '0000-00-00 00:00:00', '', '0000-00-00 00:00:00', '');
INSERT INTO `form_formats` (`id`, `form_id`, `field_id`, `display_column`, `display_order`, `language_heading`, `flag_override_label`, `language_label`, `flag_override_tag`, `language_tag`, `flag_override_help`, `language_help`, `flag_override_type`, `type`, `flag_override_setting`, `setting`, `flag_override_default`, `default`, `flag_add`, `flag_add_readonly`, `flag_edit`, `flag_edit_readonly`, `flag_search`, `flag_search_readonly`, `flag_datagrid`, `flag_datagrid_readonly`, `flag_index`, `flag_detail`, `created`, `created_by`, `modified`, `modified_by`) VALUES ('CAN-999-999-000-999-1063_CAN-999-999-000-999-1103', 'CAN-999-999-000-999-1063', 'CAN-999-999-000-999-1103', '0', '6', '', '0', '', '0', '', '0', '', '0', '', '0', '', '0', '', '1', '0', '1', '0', '0', '0', '1', '0', '1', '1', '0000-00-00 00:00:00', '', '0000-00-00 00:00:00', '');
INSERT INTO `form_formats` (`id`, `form_id`, `field_id`, `display_column`, `display_order`, `language_heading`, `flag_override_label`, `language_label`, `flag_override_tag`, `language_tag`, `flag_override_help`, `language_help`, `flag_override_type`, `type`, `flag_override_setting`, `setting`, `flag_override_default`, `default`, `flag_add`, `flag_add_readonly`, `flag_edit`, `flag_edit_readonly`, `flag_search`, `flag_search_readonly`, `flag_datagrid`, `flag_datagrid_readonly`, `flag_index`, `flag_detail`, `created`, `created_by`, `modified`, `modified_by`) VALUES ('CAN-999-999-000-999-1063_CAN-999-999-000-999-1104', 'CAN-999-999-000-999-1063', 'CAN-999-999-000-999-1104', '0', '7', '', '0', '', '0', '', '0', '', '0', '', '0', '', '0', '', '1', '0', '1', '0', '0', '0', '1', '0', '1', '1', '0000-00-00 00:00:00', '', '0000-00-00 00:00:00', '');
INSERT INTO `form_formats` (`id`, `form_id`, `field_id`, `display_column`, `display_order`, `language_heading`, `flag_override_label`, `language_label`, `flag_override_tag`, `language_tag`, `flag_override_help`, `language_help`, `flag_override_type`, `type`, `flag_override_setting`, `setting`, `flag_override_default`, `default`, `flag_add`, `flag_add_readonly`, `flag_edit`, `flag_edit_readonly`, `flag_search`, `flag_search_readonly`, `flag_datagrid`, `flag_datagrid_readonly`, `flag_index`, `flag_detail`, `created`, `created_by`, `modified`, `modified_by`) VALUES ('CAN-999-999-000-999-1063_CAN-999-999-000-999-1259', 'CAN-999-999-000-999-1063', 'CAN-999-999-000-999-1259', '0', '7', '', '0', '', '0', '', '0', '', '0', '', '0', '', '0', '', '1', '0', '1', '0', '0', '0', '1', '0', '1', '1', '0000-00-00 00:00:00', '', '0000-00-00 00:00:00', '');
INSERT INTO `form_formats` (`id`, `form_id`, `field_id`, `display_column`, `display_order`, `language_heading`, `flag_override_label`, `language_label`, `flag_override_tag`, `language_tag`, `flag_override_help`, `language_help`, `flag_override_type`, `type`, `flag_override_setting`, `setting`, `flag_override_default`, `default`, `flag_add`, `flag_add_readonly`, `flag_edit`, `flag_edit_readonly`, `flag_search`, `flag_search_readonly`, `flag_datagrid`, `flag_datagrid_readonly`, `flag_index`, `flag_detail`, `created`, `created_by`, `modified`, `modified_by`) VALUES ('CAN-999-999-000-999-1063_CAN-999-999-000-999-1105', 'CAN-999-999-000-999-1063', 'CAN-999-999-000-999-1105', '0', '8', '', '0', '', '0', '', '0', '', '0', '', '0', '', '0', '', '0', '1', '0', '1', '0', '1', '0', '1', '1', '1', '0000-00-00 00:00:00', '', '0000-00-00 00:00:00', '');
INSERT INTO `form_formats` (`id`, `form_id`, `field_id`, `display_column`, `display_order`, `language_heading`, `flag_override_label`, `language_label`, `flag_override_tag`, `language_tag`, `flag_override_help`, `language_help`, `flag_override_type`, `type`, `flag_override_setting`, `setting`, `flag_override_default`, `default`, `flag_add`, `flag_add_readonly`, `flag_edit`, `flag_edit_readonly`, `flag_search`, `flag_search_readonly`, `flag_datagrid`, `flag_datagrid_readonly`, `flag_index`, `flag_detail`, `created`, `created_by`, `modified`, `modified_by`) VALUES ('CAN-999-999-000-999-1063_CAN-999-999-000-999-1216', 'CAN-999-999-000-999-1063', 'CAN-999-999-000-999-1216', '0', '9', '', '0', '', '0', '', '0', '', '0', '', '0', '', '0', '', '1', '0', '1', '0', '0', '0', '1', '0', '0', '0', '0000-00-00 00:00:00', '', '0000-00-00 00:00:00', '');
INSERT INTO `form_formats` (`id`, `form_id`, `field_id`, `display_column`, `display_order`, `language_heading`, `flag_override_label`, `language_label`, `flag_override_tag`, `language_tag`, `flag_override_help`, `language_help`, `flag_override_type`, `type`, `flag_override_setting`, `setting`, `flag_override_default`, `default`, `flag_add`, `flag_add_readonly`, `flag_edit`, `flag_edit_readonly`, `flag_search`, `flag_search_readonly`, `flag_datagrid`, `flag_datagrid_readonly`, `flag_index`, `flag_detail`, `created`, `created_by`, `modified`, `modified_by`) VALUES ('CAN-999-999-000-999-1063_CAN-999-999-000-999-1106', 'CAN-999-999-000-999-1063', 'CAN-999-999-000-999-1106', '0', '10', '', '0', '', '0', '', '0', '', '0', '', '0', '', '0', '', '1', '0', '1', '0', '0', '0', '1', '0', '0', '0', '0000-00-00 00:00:00', '', '0000-00-00 00:00:00', '');
INSERT INTO `form_formats` (`id`, `form_id`, `field_id`, `display_column`, `display_order`, `language_heading`, `flag_override_label`, `language_label`, `flag_override_tag`, `language_tag`, `flag_override_help`, `language_help`, `flag_override_type`, `type`, `flag_override_setting`, `setting`, `flag_override_default`, `default`, `flag_add`, `flag_add_readonly`, `flag_edit`, `flag_edit_readonly`, `flag_search`, `flag_search_readonly`, `flag_datagrid`, `flag_datagrid_readonly`, `flag_index`, `flag_detail`, `created`, `created_by`, `modified`, `modified_by`) VALUES ('CAN-999-999-000-999-1063_CAN-999-999-000-999-1217', 'CAN-999-999-000-999-1063', 'CAN-999-999-000-999-1217', '0', '10', '', '0', '', '0', '', '0', '', '0', '', '0', '', '0', '', '0', '0', '0', '0', '0', '0', '0', '0', '1', '1', '0000-00-00 00:00:00', '', '0000-00-00 00:00:00', '');
INSERT INTO `form_formats` (`id`, `form_id`, `field_id`, `display_column`, `display_order`, `language_heading`, `flag_override_label`, `language_label`, `flag_override_tag`, `language_tag`, `flag_override_help`, `language_help`, `flag_override_type`, `type`, `flag_override_setting`, `setting`, `flag_override_default`, `default`, `flag_add`, `flag_add_readonly`, `flag_edit`, `flag_edit_readonly`, `flag_search`, `flag_search_readonly`, `flag_datagrid`, `flag_datagrid_readonly`, `flag_index`, `flag_detail`, `created`, `created_by`, `modified`, `modified_by`) VALUES ('CAN-999-999-000-999-1063_CAN-999-999-000-999-1117', 'CAN-999-999-000-999-1063', 'CAN-999-999-000-999-1117', '0', '11', '', '0', '', '0', '', '0', '', '0', '', '0', '', '0', '', '0', '0', '0', '0', '0', '0', '0', '0', '1', '1', '0000-00-00 00:00:00', '', '0000-00-00 00:00:00', '');
INSERT INTO `form_formats` (`id`, `form_id`, `field_id`, `display_column`, `display_order`, `language_heading`, `flag_override_label`, `language_label`, `flag_override_tag`, `language_tag`, `flag_override_help`, `language_help`, `flag_override_type`, `type`, `flag_override_setting`, `setting`, `flag_override_default`, `default`, `flag_add`, `flag_add_readonly`, `flag_edit`, `flag_edit_readonly`, `flag_search`, `flag_search_readonly`, `flag_datagrid`, `flag_datagrid_readonly`, `flag_index`, `flag_detail`, `created`, `created_by`, `modified`, `modified_by`) VALUES ('CAN-999-999-000-999-1063_CAN-999-999-000-999-1107', 'CAN-999-999-000-999-1063', 'CAN-999-999-000-999-1107', '0', '12', '', '0', '', '0', '', '0', '', '0', '', '0', '', '0', '', '1', '0', '1', '0', '0', '0', '1', '0', '1', '1', '0000-00-00 00:00:00', '', '0000-00-00 00:00:00', '');
INSERT INTO `form_formats` (`id`, `form_id`, `field_id`, `display_column`, `display_order`, `language_heading`, `flag_override_label`, `language_label`, `flag_override_tag`, `language_tag`, `flag_override_help`, `language_help`, `flag_override_type`, `type`, `flag_override_setting`, `setting`, `flag_override_default`, `default`, `flag_add`, `flag_add_readonly`, `flag_edit`, `flag_edit_readonly`, `flag_search`, `flag_search_readonly`, `flag_datagrid`, `flag_datagrid_readonly`, `flag_index`, `flag_detail`, `created`, `created_by`, `modified`, `modified_by`) VALUES ('CAN-999-999-000-999-1063_CAN-999-999-000-999-1108', 'CAN-999-999-000-999-1063', 'CAN-999-999-000-999-1108', '0', '14', '', '0', '', '0', '', '0', '', '0', '', '0', '', '0', '', '1', '0', '1', '0', '0', '0', '1', '0', '1', '1', '0000-00-00 00:00:00', '', '0000-00-00 00:00:00', '');
INSERT INTO `form_formats` (`id`, `form_id`, `field_id`, `display_column`, `display_order`, `language_heading`, `flag_override_label`, `language_label`, `flag_override_tag`, `language_tag`, `flag_override_help`, `language_help`, `flag_override_type`, `type`, `flag_override_setting`, `setting`, `flag_override_default`, `default`, `flag_add`, `flag_add_readonly`, `flag_edit`, `flag_edit_readonly`, `flag_search`, `flag_search_readonly`, `flag_datagrid`, `flag_datagrid_readonly`, `flag_index`, `flag_detail`, `created`, `created_by`, `modified`, `modified_by`) VALUES ('CAN-999-999-000-999-1063_CAN-999-999-000-999-1110', 'CAN-999-999-000-999-1063', 'CAN-999-999-000-999-1110', '0', '16', '', '0', '', '0', '', '0', '', '0', '', '0', '', '0', '', '0', '0', '0', '0', '0', '0', '0', '0', '1', '1', '0000-00-00 00:00:00', '', '0000-00-00 00:00:00', '');
INSERT INTO `form_formats` (`id`, `form_id`, `field_id`, `display_column`, `display_order`, `language_heading`, `flag_override_label`, `language_label`, `flag_override_tag`, `language_tag`, `flag_override_help`, `language_help`, `flag_override_type`, `type`, `flag_override_setting`, `setting`, `flag_override_default`, `default`, `flag_add`, `flag_add_readonly`, `flag_edit`, `flag_edit_readonly`, `flag_search`, `flag_search_readonly`, `flag_datagrid`, `flag_datagrid_readonly`, `flag_index`, `flag_detail`, `created`, `created_by`, `modified`, `modified_by`) VALUES ('CAN-999-999-000-999-1063_CAN-999-999-000-999-1194', 'CAN-999-999-000-999-1063', 'CAN-999-999-000-999-1194', '0', '17', '', '0', '', '0', '', '0', '', '0', '', '0', '', '0', '', '0', '0', '0', '0', '0', '0', '0', '0', '1', '1', '0000-00-00 00:00:00', '', '0000-00-00 00:00:00', '');
INSERT INTO `form_formats` (`id`, `form_id`, `field_id`, `display_column`, `display_order`, `language_heading`, `flag_override_label`, `language_label`, `flag_override_tag`, `language_tag`, `flag_override_help`, `language_help`, `flag_override_type`, `type`, `flag_override_setting`, `setting`, `flag_override_default`, `default`, `flag_add`, `flag_add_readonly`, `flag_edit`, `flag_edit_readonly`, `flag_search`, `flag_search_readonly`, `flag_datagrid`, `flag_datagrid_readonly`, `flag_index`, `flag_detail`, `created`, `created_by`, `modified`, `modified_by`) VALUES ('CAN-999-999-000-999-1063_CAN-999-999-000-999-1109', 'CAN-999-999-000-999-1063', 'CAN-999-999-000-999-1109', '0', '15', '', '0', '', '0', '', '0', '', '0', '', '0', '', '0', '', '1', '0', '1', '0', '0', '0', '1', '0', '1', '1', '0000-00-00 00:00:00', '', '0000-00-00 00:00:00', '');
INSERT INTO `form_formats` (`id`, `form_id`, `field_id`, `display_column`, `display_order`, `language_heading`, `flag_override_label`, `language_label`, `flag_override_tag`, `language_tag`, `flag_override_help`, `language_help`, `flag_override_type`, `type`, `flag_override_setting`, `setting`, `flag_override_default`, `default`, `flag_add`, `flag_add_readonly`, `flag_edit`, `flag_edit_readonly`, `flag_search`, `flag_search_readonly`, `flag_datagrid`, `flag_datagrid_readonly`, `flag_index`, `flag_detail`, `created`, `created_by`, `modified`, `modified_by`) VALUES ('CAN-999-999-000-999-1063_CAN-999-999-000-999-1165', 'CAN-999-999-000-999-1063', 'CAN-999-999-000-999-1165', '0', '19', '', '0', '', '0', '', '0', '', '0', '', '0', '', '0', '', '1', '0', '1', '0', '0', '0', '0', '0', '0', '1', '0000-00-00 00:00:00', '', '0000-00-00 00:00:00', '');
INSERT INTO `form_formats` (`id`, `form_id`, `field_id`, `display_column`, `display_order`, `language_heading`, `flag_override_label`, `language_label`, `flag_override_tag`, `language_tag`, `flag_override_help`, `language_help`, `flag_override_type`, `type`, `flag_override_setting`, `setting`, `flag_override_default`, `default`, `flag_add`, `flag_add_readonly`, `flag_edit`, `flag_edit_readonly`, `flag_search`, `flag_search_readonly`, `flag_datagrid`, `flag_datagrid_readonly`, `flag_index`, `flag_detail`, `created`, `created_by`, `modified`, `modified_by`) VALUES ('CAN-999-999-000-999-1063_CAN-999-999-000-999-1112', 'CAN-999-999-000-999-1063', 'CAN-999-999-000-999-1112', '0', '20', '', '0', '', '0', '', '0', '', '0', '', '0', '', '0', '', '1', '0', '1', '0', '0', '0', '0', '0', '1', '1', '0000-00-00 00:00:00', '', '0000-00-00 00:00:00', '');
INSERT INTO `form_formats` (`id`, `form_id`, `field_id`, `display_column`, `display_order`, `language_heading`, `flag_override_label`, `language_label`, `flag_override_tag`, `language_tag`, `flag_override_help`, `language_help`, `flag_override_type`, `type`, `flag_override_setting`, `setting`, `flag_override_default`, `default`, `flag_add`, `flag_add_readonly`, `flag_edit`, `flag_edit_readonly`, `flag_search`, `flag_search_readonly`, `flag_datagrid`, `flag_datagrid_readonly`, `flag_index`, `flag_detail`, `created`, `created_by`, `modified`, `modified_by`) VALUES ('CAN-999-999-000-999-1063_CAN-999-999-000-999-1140', 'CAN-999-999-000-999-1063', 'CAN-999-999-000-999-1140', '1', '50', '', '0', '', '0', '', '0', '', '0', '', '0', '', '0', '', '0', '1', '0', '1', '0', '1', '0', '1', '0', '1', '0000-00-00 00:00:00', '', '0000-00-00 00:00:00', '');
INSERT INTO `form_formats` (`id`, `form_id`, `field_id`, `display_column`, `display_order`, `language_heading`, `flag_override_label`, `language_label`, `flag_override_tag`, `language_tag`, `flag_override_help`, `language_help`, `flag_override_type`, `type`, `flag_override_setting`, `setting`, `flag_override_default`, `default`, `flag_add`, `flag_add_readonly`, `flag_edit`, `flag_edit_readonly`, `flag_search`, `flag_search_readonly`, `flag_datagrid`, `flag_datagrid_readonly`, `flag_index`, `flag_detail`, `created`, `created_by`, `modified`, `modified_by`) VALUES ('CAN-999-999-000-999-1063_CAN-999-999-000-999-1141', 'CAN-999-999-000-999-1063', 'CAN-999-999-000-999-1141', '1', '51', '', '0', '', '0', '', '0', '', '0', '', '0', '', '0', '', '0', '1', '0', '1', '0', '1', '0', '1', '0', '1', '0000-00-00 00:00:00', '', '0000-00-00 00:00:00', '');
INSERT INTO `form_formats` (`id`, `form_id`, `field_id`, `display_column`, `display_order`, `language_heading`, `flag_override_label`, `language_label`, `flag_override_tag`, `language_tag`, `flag_override_help`, `language_help`, `flag_override_type`, `type`, `flag_override_setting`, `setting`, `flag_override_default`, `default`, `flag_add`, `flag_add_readonly`, `flag_edit`, `flag_edit_readonly`, `flag_search`, `flag_search_readonly`, `flag_datagrid`, `flag_datagrid_readonly`, `flag_index`, `flag_detail`, `created`, `created_by`, `modified`, `modified_by`) VALUES ('CAN-999-999-000-999-1063_CAN-999-999-000-999-1142', 'CAN-999-999-000-999-1063', 'CAN-999-999-000-999-1142', '1', '52', '', '0', '', '0', '', '0', '', '0', '', '0', '', '0', '', '0', '1', '0', '1', '0', '1', '0', '1', '0', '1', '0000-00-00 00:00:00', '', '0000-00-00 00:00:00', '');
INSERT INTO `form_formats` (`id`, `form_id`, `field_id`, `display_column`, `display_order`, `language_heading`, `flag_override_label`, `language_label`, `flag_override_tag`, `language_tag`, `flag_override_help`, `language_help`, `flag_override_type`, `type`, `flag_override_setting`, `setting`, `flag_override_default`, `default`, `flag_add`, `flag_add_readonly`, `flag_edit`, `flag_edit_readonly`, `flag_search`, `flag_search_readonly`, `flag_datagrid`, `flag_datagrid_readonly`, `flag_index`, `flag_detail`, `created`, `created_by`, `modified`, `modified_by`) VALUES ('CAN-999-999-000-999-1063_CAN-999-999-000-999-1143', 'CAN-999-999-000-999-1063', 'CAN-999-999-000-999-1143', '1', '53', '', '0', '', '0', '', '0', '', '0', '', '0', '', '0', '', '0', '1', '0', '1', '0', '1', '0', '1', '0', '1', '0000-00-00 00:00:00', '', '0000-00-00 00:00:00', '');
INSERT INTO `form_formats` (`id`, `form_id`, `field_id`, `display_column`, `display_order`, `language_heading`, `flag_override_label`, `language_label`, `flag_override_tag`, `language_tag`, `flag_override_help`, `language_help`, `flag_override_type`, `type`, `flag_override_setting`, `setting`, `flag_override_default`, `default`, `flag_add`, `flag_add_readonly`, `flag_edit`, `flag_edit_readonly`, `flag_search`, `flag_search_readonly`, `flag_datagrid`, `flag_datagrid_readonly`, `flag_index`, `flag_detail`, `created`, `created_by`, `modified`, `modified_by`) VALUES ('CAN-999-999-000-999-1063_CAN-999-999-000-999-1239', 'CAN-999-999-000-999-1063', 'CAN-999-999-000-999-1239', '1', '30', '', '0', '', '0', '', '0', '', '0', '', '0', '', '0', '', '1', '0', '1', '0', '0', '0', '1', '0', '1', '1', '0000-00-00 00:00:00', '', '0000-00-00 00:00:00', '');
INSERT INTO `form_formats` (`id`, `form_id`, `field_id`, `display_column`, `display_order`, `language_heading`, `flag_override_label`, `language_label`, `flag_override_tag`, `language_tag`, `flag_override_help`, `language_help`, `flag_override_type`, `type`, `flag_override_setting`, `setting`, `flag_override_default`, `default`, `flag_add`, `flag_add_readonly`, `flag_edit`, `flag_edit_readonly`, `flag_search`, `flag_search_readonly`, `flag_datagrid`, `flag_datagrid_readonly`, `flag_index`, `flag_detail`, `created`, `created_by`, `modified`, `modified_by`) VALUES ('CAN-999-999-000-999-1063_CAN-999-999-000-999-1240', 'CAN-999-999-000-999-1063', 'CAN-999-999-000-999-1240', '1', '31', '', '0', '', '0', '', '0', '', '0', '', '0', '', '0', '', '1', '0', '1', '0', '0', '0', '1', '0', '1', '1', '0000-00-00 00:00:00', '', '0000-00-00 00:00:00', '');

-- ------------------------------------------------------------------------
-- alias = ad_der_cell_cores
-- ------------------------------------------------------------------------

DELETE FROM `forms` WHERE `alias` = 'ad_der_cell_cores';
INSERT INTO `forms` (`id`, `alias`, `language_title`, `language_help`, `flag_add_columns`, `flag_edit_columns`, `flag_search_columns`, `flag_detail_columns`, `created`, `created_by`, `modified`, `modified_by`) VALUES ('CAN-999-999-000-999-1064', 'ad_der_cell_cores', '', '', '0', '0', '0', '1', '0000-00-00 00:00:00', '', '0000-00-00 00:00:00', '');
 
DELETE FROM `form_fields` WHERE `id` = 'CAN-999-999-000-999-1243';
INSERT INTO `form_fields` (`id`, `model`, `field`, `language_label`, `language_tag`, `type`, `setting`, `default`, `language_help`, `created`, `created_by`, `modified`, `modified_by`) VALUES ('CAN-999-999-000-999-1243', 'AliquotDetail', 'ad_gel_matrix_id', 'source gel matrix', '', 'select', '', '', '', '0000-00-00 00:00:00', '', '0000-00-00 00:00:00', '');

DELETE FROM `form_formats` WHERE `form_id` = 'CAN-999-999-000-999-1064';
INSERT INTO `form_formats` (`id`, `form_id`, `field_id`, `display_column`, `display_order`, `language_heading`, `flag_override_label`, `language_label`, `flag_override_tag`, `language_tag`, `flag_override_help`, `language_help`, `flag_override_type`, `type`, `flag_override_setting`, `setting`, `flag_override_default`, `default`, `flag_add`, `flag_add_readonly`, `flag_edit`, `flag_edit_readonly`, `flag_search`, `flag_search_readonly`, `flag_datagrid`, `flag_datagrid_readonly`, `flag_index`, `flag_detail`, `created`, `created_by`, `modified`, `modified_by`) VALUES ('CAN-999-999-000-999-1064_CAN-999-999-000-999-1119', 'CAN-999-999-000-999-1064', 'CAN-999-999-000-999-1119', '0', '1', '', '0', '', '0', '', '0', '', '0', '', '0', '', '0', '', '0', '0', '0', '0', '0', '0', '1', '0', '0', '0', '0000-00-00 00:00:00', '', '0000-00-00 00:00:00', '');
INSERT INTO `form_formats` (`id`, `form_id`, `field_id`, `display_column`, `display_order`, `language_heading`, `flag_override_label`, `language_label`, `flag_override_tag`, `language_tag`, `flag_override_help`, `language_help`, `flag_override_type`, `type`, `flag_override_setting`, `setting`, `flag_override_default`, `default`, `flag_add`, `flag_add_readonly`, `flag_edit`, `flag_edit_readonly`, `flag_search`, `flag_search_readonly`, `flag_datagrid`, `flag_datagrid_readonly`, `flag_index`, `flag_detail`, `created`, `created_by`, `modified`, `modified_by`) VALUES ('CAN-999-999-000-999-1064_CAN-999-999-000-999-1115', 'CAN-999-999-000-999-1064', 'CAN-999-999-000-999-1115', '0', '0', '', '0', '', '0', '', '0', '', '0', '', '0', '', '0', '', '0', '0', '0', '0', '0', '0', '1', '0', '0', '0', '0000-00-00 00:00:00', '', '0000-00-00 00:00:00', '');
INSERT INTO `form_formats` (`id`, `form_id`, `field_id`, `display_column`, `display_order`, `language_heading`, `flag_override_label`, `language_label`, `flag_override_tag`, `language_tag`, `flag_override_help`, `language_help`, `flag_override_type`, `type`, `flag_override_setting`, `setting`, `flag_override_default`, `default`, `flag_add`, `flag_add_readonly`, `flag_edit`, `flag_edit_readonly`, `flag_search`, `flag_search_readonly`, `flag_datagrid`, `flag_datagrid_readonly`, `flag_index`, `flag_detail`, `created`, `created_by`, `modified`, `modified_by`) VALUES ('CAN-999-999-000-999-1064_CAN-999-999-000-999-1116', 'CAN-999-999-000-999-1064', 'CAN-999-999-000-999-1116', '0', '0', '', '0', '', '0', '', '0', '', '0', '', '0', '', '0', '', '0', '0', '0', '0', '0', '0', '1', '0', '0', '0', '0000-00-00 00:00:00', '', '0000-00-00 00:00:00', '');
INSERT INTO `form_formats` (`id`, `form_id`, `field_id`, `display_column`, `display_order`, `language_heading`, `flag_override_label`, `language_label`, `flag_override_tag`, `language_tag`, `flag_override_help`, `language_help`, `flag_override_type`, `type`, `flag_override_setting`, `setting`, `flag_override_default`, `default`, `flag_add`, `flag_add_readonly`, `flag_edit`, `flag_edit_readonly`, `flag_search`, `flag_search_readonly`, `flag_datagrid`, `flag_datagrid_readonly`, `flag_index`, `flag_detail`, `created`, `created_by`, `modified`, `modified_by`) VALUES ('CAN-999-999-000-999-1064_CAN-999-999-000-999-1113', 'CAN-999-999-000-999-1064', 'CAN-999-999-000-999-1113', '0', '0', '', '0', '', '0', '', '0', '', '0', '', '0', '', '0', '', '0', '0', '0', '0', '0', '0', '1', '0', '0', '0', '0000-00-00 00:00:00', '', '0000-00-00 00:00:00', '');
INSERT INTO `form_formats` (`id`, `form_id`, `field_id`, `display_column`, `display_order`, `language_heading`, `flag_override_label`, `language_label`, `flag_override_tag`, `language_tag`, `flag_override_help`, `language_help`, `flag_override_type`, `type`, `flag_override_setting`, `setting`, `flag_override_default`, `default`, `flag_add`, `flag_add_readonly`, `flag_edit`, `flag_edit_readonly`, `flag_search`, `flag_search_readonly`, `flag_datagrid`, `flag_datagrid_readonly`, `flag_index`, `flag_detail`, `created`, `created_by`, `modified`, `modified_by`) VALUES ('CAN-999-999-000-999-1064_CAN-999-999-000-999-1114', 'CAN-999-999-000-999-1064', 'CAN-999-999-000-999-1114', '0', '0', '', '0', '', '0', '', '0', '', '0', '', '0', '', '0', '', '0', '0', '0', '0', '0', '0', '1', '0', '0', '0', '0000-00-00 00:00:00', '', '0000-00-00 00:00:00', '');
INSERT INTO `form_formats` (`id`, `form_id`, `field_id`, `display_column`, `display_order`, `language_heading`, `flag_override_label`, `language_label`, `flag_override_tag`, `language_tag`, `flag_override_help`, `language_help`, `flag_override_type`, `type`, `flag_override_setting`, `setting`, `flag_override_default`, `default`, `flag_add`, `flag_add_readonly`, `flag_edit`, `flag_edit_readonly`, `flag_search`, `flag_search_readonly`, `flag_datagrid`, `flag_datagrid_readonly`, `flag_index`, `flag_detail`, `created`, `created_by`, `modified`, `modified_by`) VALUES ('CAN-999-999-000-999-1064_CAN-999-999-000-999-1100', 'CAN-999-999-000-999-1064', 'CAN-999-999-000-999-1100', '0', '2', '', '0', '', '0', '', '0', '', '0', '', '0', '', '0', '', '1', '0', '0', '0', '0', '0', '1', '0', '0', '0', '0000-00-00 00:00:00', '', '0000-00-00 00:00:00', '');
INSERT INTO `form_formats` (`id`, `form_id`, `field_id`, `display_column`, `display_order`, `language_heading`, `flag_override_label`, `language_label`, `flag_override_tag`, `language_tag`, `flag_override_help`, `language_help`, `flag_override_type`, `type`, `flag_override_setting`, `setting`, `flag_override_default`, `default`, `flag_add`, `flag_add_readonly`, `flag_edit`, `flag_edit_readonly`, `flag_search`, `flag_search_readonly`, `flag_datagrid`, `flag_datagrid_readonly`, `flag_index`, `flag_detail`, `created`, `created_by`, `modified`, `modified_by`) VALUES ('CAN-999-999-000-999-1064_CAN-999-999-000-999-1101', 'CAN-999-999-000-999-1064', 'CAN-999-999-000-999-1101', '0', '2', '', '0', '', '0', '', '0', '', '0', '', '0', '', '0', '', '0', '1', '1', '1', '1', '1', '0', '1', '1', '1', '0000-00-00 00:00:00', '', '0000-00-00 00:00:00', '');
INSERT INTO `form_formats` (`id`, `form_id`, `field_id`, `display_column`, `display_order`, `language_heading`, `flag_override_label`, `language_label`, `flag_override_tag`, `language_tag`, `flag_override_help`, `language_help`, `flag_override_type`, `type`, `flag_override_setting`, `setting`, `flag_override_default`, `default`, `flag_add`, `flag_add_readonly`, `flag_edit`, `flag_edit_readonly`, `flag_search`, `flag_search_readonly`, `flag_datagrid`, `flag_datagrid_readonly`, `flag_index`, `flag_detail`, `created`, `created_by`, `modified`, `modified_by`) VALUES ('CAN-999-999-000-999-1064_CAN-999-999-000-999-1118', 'CAN-999-999-000-999-1064', 'CAN-999-999-000-999-1118', '0', '2', '', '0', '', '0', '', '0', '', '0', '', '0', '', '0', '', '1', '0', '1', '0', '0', '0', '1', '0', '1', '1', '0000-00-00 00:00:00', '', '0000-00-00 00:00:00', '');
INSERT INTO `form_formats` (`id`, `form_id`, `field_id`, `display_column`, `display_order`, `language_heading`, `flag_override_label`, `language_label`, `flag_override_tag`, `language_tag`, `flag_override_help`, `language_help`, `flag_override_type`, `type`, `flag_override_setting`, `setting`, `flag_override_default`, `default`, `flag_add`, `flag_add_readonly`, `flag_edit`, `flag_edit_readonly`, `flag_search`, `flag_search_readonly`, `flag_datagrid`, `flag_datagrid_readonly`, `flag_index`, `flag_detail`, `created`, `created_by`, `modified`, `modified_by`) VALUES ('CAN-999-999-000-999-1064_CAN-999-999-000-999-1102', 'CAN-999-999-000-999-1064', 'CAN-999-999-000-999-1102', '0', '5', '', '0', '', '0', '', '0', '', '0', '', '0', '', '0', '', '1', '1', '1', '1', '0', '1', '1', '1', '1', '1', '0000-00-00 00:00:00', '', '0000-00-00 00:00:00', '');
INSERT INTO `form_formats` (`id`, `form_id`, `field_id`, `display_column`, `display_order`, `language_heading`, `flag_override_label`, `language_label`, `flag_override_tag`, `language_tag`, `flag_override_help`, `language_help`, `flag_override_type`, `type`, `flag_override_setting`, `setting`, `flag_override_default`, `default`, `flag_add`, `flag_add_readonly`, `flag_edit`, `flag_edit_readonly`, `flag_search`, `flag_search_readonly`, `flag_datagrid`, `flag_datagrid_readonly`, `flag_index`, `flag_detail`, `created`, `created_by`, `modified`, `modified_by`) VALUES ('CAN-999-999-000-999-1064_CAN-999-999-000-999-1103', 'CAN-999-999-000-999-1064', 'CAN-999-999-000-999-1103', '0', '6', '', '0', '', '0', '', '0', '', '0', '', '0', '', '0', '', '1', '0', '1', '0', '0', '0', '1', '0', '1', '1', '0000-00-00 00:00:00', '', '0000-00-00 00:00:00', '');
INSERT INTO `form_formats` (`id`, `form_id`, `field_id`, `display_column`, `display_order`, `language_heading`, `flag_override_label`, `language_label`, `flag_override_tag`, `language_tag`, `flag_override_help`, `language_help`, `flag_override_type`, `type`, `flag_override_setting`, `setting`, `flag_override_default`, `default`, `flag_add`, `flag_add_readonly`, `flag_edit`, `flag_edit_readonly`, `flag_search`, `flag_search_readonly`, `flag_datagrid`, `flag_datagrid_readonly`, `flag_index`, `flag_detail`, `created`, `created_by`, `modified`, `modified_by`) VALUES ('CAN-999-999-000-999-1064_CAN-999-999-000-999-1104', 'CAN-999-999-000-999-1064', 'CAN-999-999-000-999-1104', '0', '7', '', '0', '', '0', '', '0', '', '0', '', '0', '', '0', '', '1', '0', '1', '0', '0', '0', '1', '0', '1', '1', '0000-00-00 00:00:00', '', '0000-00-00 00:00:00', '');
INSERT INTO `form_formats` (`id`, `form_id`, `field_id`, `display_column`, `display_order`, `language_heading`, `flag_override_label`, `language_label`, `flag_override_tag`, `language_tag`, `flag_override_help`, `language_help`, `flag_override_type`, `type`, `flag_override_setting`, `setting`, `flag_override_default`, `default`, `flag_add`, `flag_add_readonly`, `flag_edit`, `flag_edit_readonly`, `flag_search`, `flag_search_readonly`, `flag_datagrid`, `flag_datagrid_readonly`, `flag_index`, `flag_detail`, `created`, `created_by`, `modified`, `modified_by`) VALUES ('CAN-999-999-000-999-1064_CAN-999-999-000-999-1259', 'CAN-999-999-000-999-1064', 'CAN-999-999-000-999-1259', '0', '7', '', '0', '', '0', '', '0', '', '0', '', '0', '', '0', '', '1', '0', '1', '0', '0', '0', '1', '0', '1', '1', '0000-00-00 00:00:00', '', '0000-00-00 00:00:00', '');
INSERT INTO `form_formats` (`id`, `form_id`, `field_id`, `display_column`, `display_order`, `language_heading`, `flag_override_label`, `language_label`, `flag_override_tag`, `language_tag`, `flag_override_help`, `language_help`, `flag_override_type`, `type`, `flag_override_setting`, `setting`, `flag_override_default`, `default`, `flag_add`, `flag_add_readonly`, `flag_edit`, `flag_edit_readonly`, `flag_search`, `flag_search_readonly`, `flag_datagrid`, `flag_datagrid_readonly`, `flag_index`, `flag_detail`, `created`, `created_by`, `modified`, `modified_by`) VALUES ('CAN-999-999-000-999-1064_CAN-999-999-000-999-1105', 'CAN-999-999-000-999-1064', 'CAN-999-999-000-999-1105', '0', '8', '', '0', '', '0', '', '0', '', '0', '', '0', '', '0', '', '0', '1', '0', '1', '0', '1', '0', '1', '1', '1', '0000-00-00 00:00:00', '', '0000-00-00 00:00:00', '');
INSERT INTO `form_formats` (`id`, `form_id`, `field_id`, `display_column`, `display_order`, `language_heading`, `flag_override_label`, `language_label`, `flag_override_tag`, `language_tag`, `flag_override_help`, `language_help`, `flag_override_type`, `type`, `flag_override_setting`, `setting`, `flag_override_default`, `default`, `flag_add`, `flag_add_readonly`, `flag_edit`, `flag_edit_readonly`, `flag_search`, `flag_search_readonly`, `flag_datagrid`, `flag_datagrid_readonly`, `flag_index`, `flag_detail`, `created`, `created_by`, `modified`, `modified_by`) VALUES ('CAN-999-999-000-999-1064_CAN-999-999-000-999-1216', 'CAN-999-999-000-999-1064', 'CAN-999-999-000-999-1216', '0', '9', '', '0', '', '0', '', '0', '', '0', '', '0', '', '0', '', '1', '0', '1', '0', '0', '0', '1', '0', '0', '0', '0000-00-00 00:00:00', '', '0000-00-00 00:00:00', '');
INSERT INTO `form_formats` (`id`, `form_id`, `field_id`, `display_column`, `display_order`, `language_heading`, `flag_override_label`, `language_label`, `flag_override_tag`, `language_tag`, `flag_override_help`, `language_help`, `flag_override_type`, `type`, `flag_override_setting`, `setting`, `flag_override_default`, `default`, `flag_add`, `flag_add_readonly`, `flag_edit`, `flag_edit_readonly`, `flag_search`, `flag_search_readonly`, `flag_datagrid`, `flag_datagrid_readonly`, `flag_index`, `flag_detail`, `created`, `created_by`, `modified`, `modified_by`) VALUES ('CAN-999-999-000-999-1064_CAN-999-999-000-999-1106', 'CAN-999-999-000-999-1064', 'CAN-999-999-000-999-1106', '0', '10', '', '0', '', '0', '', '0', '', '0', '', '0', '', '0', '', '1', '0', '1', '0', '0', '0', '1', '0', '0', '0', '0000-00-00 00:00:00', '', '0000-00-00 00:00:00', '');
INSERT INTO `form_formats` (`id`, `form_id`, `field_id`, `display_column`, `display_order`, `language_heading`, `flag_override_label`, `language_label`, `flag_override_tag`, `language_tag`, `flag_override_help`, `language_help`, `flag_override_type`, `type`, `flag_override_setting`, `setting`, `flag_override_default`, `default`, `flag_add`, `flag_add_readonly`, `flag_edit`, `flag_edit_readonly`, `flag_search`, `flag_search_readonly`, `flag_datagrid`, `flag_datagrid_readonly`, `flag_index`, `flag_detail`, `created`, `created_by`, `modified`, `modified_by`) VALUES ('CAN-999-999-000-999-1064_CAN-999-999-000-999-1217', 'CAN-999-999-000-999-1064', 'CAN-999-999-000-999-1217', '0', '10', '', '0', '', '0', '', '0', '', '0', '', '0', '', '0', '', '0', '0', '0', '0', '0', '0', '0', '0', '1', '1', '0000-00-00 00:00:00', '', '0000-00-00 00:00:00', '');
INSERT INTO `form_formats` (`id`, `form_id`, `field_id`, `display_column`, `display_order`, `language_heading`, `flag_override_label`, `language_label`, `flag_override_tag`, `language_tag`, `flag_override_help`, `language_help`, `flag_override_type`, `type`, `flag_override_setting`, `setting`, `flag_override_default`, `default`, `flag_add`, `flag_add_readonly`, `flag_edit`, `flag_edit_readonly`, `flag_search`, `flag_search_readonly`, `flag_datagrid`, `flag_datagrid_readonly`, `flag_index`, `flag_detail`, `created`, `created_by`, `modified`, `modified_by`) VALUES ('CAN-999-999-000-999-1064_CAN-999-999-000-999-1117', 'CAN-999-999-000-999-1064', 'CAN-999-999-000-999-1117', '0', '11', '', '0', '', '0', '', '0', '', '0', '', '0', '', '0', '', '0', '0', '0', '0', '0', '0', '0', '0', '1', '1', '0000-00-00 00:00:00', '', '0000-00-00 00:00:00', '');
INSERT INTO `form_formats` (`id`, `form_id`, `field_id`, `display_column`, `display_order`, `language_heading`, `flag_override_label`, `language_label`, `flag_override_tag`, `language_tag`, `flag_override_help`, `language_help`, `flag_override_type`, `type`, `flag_override_setting`, `setting`, `flag_override_default`, `default`, `flag_add`, `flag_add_readonly`, `flag_edit`, `flag_edit_readonly`, `flag_search`, `flag_search_readonly`, `flag_datagrid`, `flag_datagrid_readonly`, `flag_index`, `flag_detail`, `created`, `created_by`, `modified`, `modified_by`) VALUES ('CAN-999-999-000-999-1064_CAN-999-999-000-999-1107', 'CAN-999-999-000-999-1064', 'CAN-999-999-000-999-1107', '0', '12', '', '0', '', '0', '', '0', '', '0', '', '0', '', '0', '', '1', '0', '1', '0', '0', '0', '1', '0', '1', '1', '0000-00-00 00:00:00', '', '0000-00-00 00:00:00', '');
INSERT INTO `form_formats` (`id`, `form_id`, `field_id`, `display_column`, `display_order`, `language_heading`, `flag_override_label`, `language_label`, `flag_override_tag`, `language_tag`, `flag_override_help`, `language_help`, `flag_override_type`, `type`, `flag_override_setting`, `setting`, `flag_override_default`, `default`, `flag_add`, `flag_add_readonly`, `flag_edit`, `flag_edit_readonly`, `flag_search`, `flag_search_readonly`, `flag_datagrid`, `flag_datagrid_readonly`, `flag_index`, `flag_detail`, `created`, `created_by`, `modified`, `modified_by`) VALUES ('CAN-999-999-000-999-1064_CAN-999-999-000-999-1108', 'CAN-999-999-000-999-1064', 'CAN-999-999-000-999-1108', '0', '14', '', '0', '', '0', '', '0', '', '0', '', '0', '', '0', '', '1', '0', '1', '0', '0', '0', '1', '0', '1', '1', '0000-00-00 00:00:00', '', '0000-00-00 00:00:00', '');
INSERT INTO `form_formats` (`id`, `form_id`, `field_id`, `display_column`, `display_order`, `language_heading`, `flag_override_label`, `language_label`, `flag_override_tag`, `language_tag`, `flag_override_help`, `language_help`, `flag_override_type`, `type`, `flag_override_setting`, `setting`, `flag_override_default`, `default`, `flag_add`, `flag_add_readonly`, `flag_edit`, `flag_edit_readonly`, `flag_search`, `flag_search_readonly`, `flag_datagrid`, `flag_datagrid_readonly`, `flag_index`, `flag_detail`, `created`, `created_by`, `modified`, `modified_by`) VALUES ('CAN-999-999-000-999-1064_CAN-999-999-000-999-1110', 'CAN-999-999-000-999-1064', 'CAN-999-999-000-999-1110', '0', '16', '', '0', '', '0', '', '0', '', '0', '', '0', '', '0', '', '0', '0', '0', '0', '0', '0', '0', '0', '1', '1', '0000-00-00 00:00:00', '', '0000-00-00 00:00:00', '');
INSERT INTO `form_formats` (`id`, `form_id`, `field_id`, `display_column`, `display_order`, `language_heading`, `flag_override_label`, `language_label`, `flag_override_tag`, `language_tag`, `flag_override_help`, `language_help`, `flag_override_type`, `type`, `flag_override_setting`, `setting`, `flag_override_default`, `default`, `flag_add`, `flag_add_readonly`, `flag_edit`, `flag_edit_readonly`, `flag_search`, `flag_search_readonly`, `flag_datagrid`, `flag_datagrid_readonly`, `flag_index`, `flag_detail`, `created`, `created_by`, `modified`, `modified_by`) VALUES ('CAN-999-999-000-999-1064_CAN-999-999-000-999-1194', 'CAN-999-999-000-999-1064', 'CAN-999-999-000-999-1194', '0', '17', '', '0', '', '0', '', '0', '', '0', '', '0', '', '0', '', '0', '0', '0', '0', '0', '0', '0', '0', '1', '1', '0000-00-00 00:00:00', '', '0000-00-00 00:00:00', '');
INSERT INTO `form_formats` (`id`, `form_id`, `field_id`, `display_column`, `display_order`, `language_heading`, `flag_override_label`, `language_label`, `flag_override_tag`, `language_tag`, `flag_override_help`, `language_help`, `flag_override_type`, `type`, `flag_override_setting`, `setting`, `flag_override_default`, `default`, `flag_add`, `flag_add_readonly`, `flag_edit`, `flag_edit_readonly`, `flag_search`, `flag_search_readonly`, `flag_datagrid`, `flag_datagrid_readonly`, `flag_index`, `flag_detail`, `created`, `created_by`, `modified`, `modified_by`) VALUES ('CAN-999-999-000-999-1064_CAN-999-999-000-999-1109', 'CAN-999-999-000-999-1064', 'CAN-999-999-000-999-1109', '0', '15', '', '0', '', '0', '', '0', '', '0', '', '0', '', '0', '', '1', '0', '1', '0', '0', '0', '1', '0', '1', '1', '0000-00-00 00:00:00', '', '0000-00-00 00:00:00', '');
INSERT INTO `form_formats` (`id`, `form_id`, `field_id`, `display_column`, `display_order`, `language_heading`, `flag_override_label`, `language_label`, `flag_override_tag`, `language_tag`, `flag_override_help`, `language_help`, `flag_override_type`, `type`, `flag_override_setting`, `setting`, `flag_override_default`, `default`, `flag_add`, `flag_add_readonly`, `flag_edit`, `flag_edit_readonly`, `flag_search`, `flag_search_readonly`, `flag_datagrid`, `flag_datagrid_readonly`, `flag_index`, `flag_detail`, `created`, `created_by`, `modified`, `modified_by`) VALUES ('CAN-999-999-000-999-1064_CAN-999-999-000-999-1165', 'CAN-999-999-000-999-1064', 'CAN-999-999-000-999-1165', '0', '19', '', '0', '', '0', '', '0', '', '0', '', '0', '', '0', '', '1', '0', '1', '0', '0', '0', '0', '0', '0', '1', '0000-00-00 00:00:00', '', '0000-00-00 00:00:00', '');
INSERT INTO `form_formats` (`id`, `form_id`, `field_id`, `display_column`, `display_order`, `language_heading`, `flag_override_label`, `language_label`, `flag_override_tag`, `language_tag`, `flag_override_help`, `language_help`, `flag_override_type`, `type`, `flag_override_setting`, `setting`, `flag_override_default`, `default`, `flag_add`, `flag_add_readonly`, `flag_edit`, `flag_edit_readonly`, `flag_search`, `flag_search_readonly`, `flag_datagrid`, `flag_datagrid_readonly`, `flag_index`, `flag_detail`, `created`, `created_by`, `modified`, `modified_by`) VALUES ('CAN-999-999-000-999-1064_CAN-999-999-000-999-1112', 'CAN-999-999-000-999-1064', 'CAN-999-999-000-999-1112', '0', '20', '', '0', '', '0', '', '0', '', '0', '', '0', '', '0', '', '1', '0', '1', '0', '0', '0', '0', '0', '1', '1', '0000-00-00 00:00:00', '', '0000-00-00 00:00:00', '');
INSERT INTO `form_formats` (`id`, `form_id`, `field_id`, `display_column`, `display_order`, `language_heading`, `flag_override_label`, `language_label`, `flag_override_tag`, `language_tag`, `flag_override_help`, `language_help`, `flag_override_type`, `type`, `flag_override_setting`, `setting`, `flag_override_default`, `default`, `flag_add`, `flag_add_readonly`, `flag_edit`, `flag_edit_readonly`, `flag_search`, `flag_search_readonly`, `flag_datagrid`, `flag_datagrid_readonly`, `flag_index`, `flag_detail`, `created`, `created_by`, `modified`, `modified_by`) VALUES ('CAN-999-999-000-999-1064_CAN-999-999-000-999-1140', 'CAN-999-999-000-999-1064', 'CAN-999-999-000-999-1140', '1', '50', '', '0', '', '0', '', '0', '', '0', '', '0', '', '0', '', '0', '1', '0', '1', '0', '1', '0', '1', '0', '1', '0000-00-00 00:00:00', '', '0000-00-00 00:00:00', '');
INSERT INTO `form_formats` (`id`, `form_id`, `field_id`, `display_column`, `display_order`, `language_heading`, `flag_override_label`, `language_label`, `flag_override_tag`, `language_tag`, `flag_override_help`, `language_help`, `flag_override_type`, `type`, `flag_override_setting`, `setting`, `flag_override_default`, `default`, `flag_add`, `flag_add_readonly`, `flag_edit`, `flag_edit_readonly`, `flag_search`, `flag_search_readonly`, `flag_datagrid`, `flag_datagrid_readonly`, `flag_index`, `flag_detail`, `created`, `created_by`, `modified`, `modified_by`) VALUES ('CAN-999-999-000-999-1064_CAN-999-999-000-999-1141', 'CAN-999-999-000-999-1064', 'CAN-999-999-000-999-1141', '1', '51', '', '0', '', '0', '', '0', '', '0', '', '0', '', '0', '', '0', '1', '0', '1', '0', '1', '0', '1', '0', '1', '0000-00-00 00:00:00', '', '0000-00-00 00:00:00', '');
INSERT INTO `form_formats` (`id`, `form_id`, `field_id`, `display_column`, `display_order`, `language_heading`, `flag_override_label`, `language_label`, `flag_override_tag`, `language_tag`, `flag_override_help`, `language_help`, `flag_override_type`, `type`, `flag_override_setting`, `setting`, `flag_override_default`, `default`, `flag_add`, `flag_add_readonly`, `flag_edit`, `flag_edit_readonly`, `flag_search`, `flag_search_readonly`, `flag_datagrid`, `flag_datagrid_readonly`, `flag_index`, `flag_detail`, `created`, `created_by`, `modified`, `modified_by`) VALUES ('CAN-999-999-000-999-1064_CAN-999-999-000-999-1142', 'CAN-999-999-000-999-1064', 'CAN-999-999-000-999-1142', '1', '52', '', '0', '', '0', '', '0', '', '0', '', '0', '', '0', '', '0', '1', '0', '1', '0', '1', '0', '1', '0', '1', '0000-00-00 00:00:00', '', '0000-00-00 00:00:00', '');
INSERT INTO `form_formats` (`id`, `form_id`, `field_id`, `display_column`, `display_order`, `language_heading`, `flag_override_label`, `language_label`, `flag_override_tag`, `language_tag`, `flag_override_help`, `language_help`, `flag_override_type`, `type`, `flag_override_setting`, `setting`, `flag_override_default`, `default`, `flag_add`, `flag_add_readonly`, `flag_edit`, `flag_edit_readonly`, `flag_search`, `flag_search_readonly`, `flag_datagrid`, `flag_datagrid_readonly`, `flag_index`, `flag_detail`, `created`, `created_by`, `modified`, `modified_by`) VALUES ('CAN-999-999-000-999-1064_CAN-999-999-000-999-1143', 'CAN-999-999-000-999-1064', 'CAN-999-999-000-999-1143', '1', '53', '', '0', '', '0', '', '0', '', '0', '', '0', '', '0', '', '0', '1', '0', '1', '0', '1', '0', '1', '0', '1', '0000-00-00 00:00:00', '', '0000-00-00 00:00:00', '');
INSERT INTO `form_formats` (`id`, `form_id`, `field_id`, `display_column`, `display_order`, `language_heading`, `flag_override_label`, `language_label`, `flag_override_tag`, `language_tag`, `flag_override_help`, `language_help`, `flag_override_type`, `type`, `flag_override_setting`, `setting`, `flag_override_default`, `default`, `flag_add`, `flag_add_readonly`, `flag_edit`, `flag_edit_readonly`, `flag_search`, `flag_search_readonly`, `flag_datagrid`, `flag_datagrid_readonly`, `flag_index`, `flag_detail`, `created`, `created_by`, `modified`, `modified_by`) VALUES ('CAN-999-999-000-999-1064_CAN-999-999-000-999-1243', 'CAN-999-999-000-999-1064', 'CAN-999-999-000-999-1243', '1', '30', '', '0', '', '0', '', '0', '', '0', '', '0', '', '0', '', '1', '0', '1', '0', '0', '0', '1', '0', '1', '1', '0000-00-00 00:00:00', '', '0000-00-00 00:00:00', '');

-- ------------------------------------------------------------------------
-- alias = ad_der_cell_tubes_incl_ml_vol
-- ------------------------------------------------------------------------

DELETE FROM `forms` WHERE `alias` = 'ad_der_cell_tubes_incl_ml_vol';
INSERT INTO `forms` (`id`, `alias`, `language_title`, `language_help`, `flag_add_columns`, `flag_edit_columns`, `flag_search_columns`, `flag_detail_columns`, `created`, `created_by`, `modified`, `modified_by`) VALUES ('CAN-999-999-000-999-1065', 'ad_der_cell_tubes_incl_ml_vol', '', '', '0', '0', '0', '1', '0000-00-00 00:00:00', '', '0000-00-00 00:00:00', '');

DELETE FROM `form_fields` WHERE `id` = 'CAN-999-999-000-999-1241';
INSERT INTO `form_fields` (`id`, `model`, `field`, `language_label`, `language_tag`, `type`, `setting`, `default`, `language_help`, `created`, `created_by`, `modified`, `modified_by`) VALUES ('CAN-999-999-000-999-1241', 'AliquotDetail', 'concentration', 'aliquot concentration', '', 'input', 'size=10', '', '', '0000-00-00 00:00:00', '', '0000-00-00 00:00:00', '');
DELETE FROM `form_fields` WHERE `id` = 'CAN-999-999-000-999-1242';
INSERT INTO `form_fields` (`id`, `model`, `field`, `language_label`, `language_tag`, `type`, `setting`, `default`, `language_help`, `created`, `created_by`, `modified`, `modified_by`) VALUES ('CAN-999-999-000-999-1242', 'AliquotDetail', 'concentration_unit', '', '', 'select', '', '', '', '0000-00-00 00:00:00', '', '0000-00-00 00:00:00', '');

DELETE FROM `form_validations` WHERE `form_field_id` = 'CAN-999-999-000-999-1241';
INSERT INTO `form_validations` (`id`, `form_field_id`, `expression`, `message`, `created`, `created_by`, `modified`, `modifed_by`) VALUES (NULL, 'CAN-999-999-000-999-1241', '/^\\d*([\\.]\\d*)?$/', 'concentration should be a positif decimal', '0000-00-00 00:00:00', '', '0000-00-00 00:00:00', '');

DELETE FROM `global_lookups` WHERE `alias` IN ('cell_concentration_unit');
INSERT INTO `global_lookups` (`id`, `alias`, `section`, `subsection`, `value`, `language_choice`, `display_order`, `active`, `created`, `created_by`, `modified`, `modified_by`) VALUES 
(NULL, 'cell_concentration_unit', NULL, NULL, 'million(s)/ml', 'million(s)/ml', 4, 'yes', NULL, NULL, NULL, NULL);

DELETE FROM `form_fields_global_lookups` WHERE `field_id` IN ('CAN-999-999-000-999-1242');
INSERT INTO `form_fields_global_lookups` ( `field_id` , `lookup_id`)
VALUES 
('CAN-999-999-000-999-1242', (SELECT `id` FROM `global_lookups` WHERE `alias` LIKE 'cell_concentration_unit' AND `value` like 'million(s)/ml'));

DELETE FROM `form_formats` WHERE `form_id` = 'CAN-999-999-000-999-1065';
INSERT INTO `form_formats` (`id`, `form_id`, `field_id`, `display_column`, `display_order`, `language_heading`, `flag_override_label`, `language_label`, `flag_override_tag`, `language_tag`, `flag_override_help`, `language_help`, `flag_override_type`, `type`, `flag_override_setting`, `setting`, `flag_override_default`, `default`, `flag_add`, `flag_add_readonly`, `flag_edit`, `flag_edit_readonly`, `flag_search`, `flag_search_readonly`, `flag_datagrid`, `flag_datagrid_readonly`, `flag_index`, `flag_detail`, `created`, `created_by`, `modified`, `modified_by`) VALUES ('CAN-999-999-000-999-1065_CAN-999-999-000-999-1119', 'CAN-999-999-000-999-1065', 'CAN-999-999-000-999-1119', '0', '1', '', '0', '', '0', '', '0', '', '0', '', '0', '', '0', '', '0', '0', '0', '0', '0', '0', '1', '0', '0', '0', '0000-00-00 00:00:00', '', '0000-00-00 00:00:00', '');
INSERT INTO `form_formats` (`id`, `form_id`, `field_id`, `display_column`, `display_order`, `language_heading`, `flag_override_label`, `language_label`, `flag_override_tag`, `language_tag`, `flag_override_help`, `language_help`, `flag_override_type`, `type`, `flag_override_setting`, `setting`, `flag_override_default`, `default`, `flag_add`, `flag_add_readonly`, `flag_edit`, `flag_edit_readonly`, `flag_search`, `flag_search_readonly`, `flag_datagrid`, `flag_datagrid_readonly`, `flag_index`, `flag_detail`, `created`, `created_by`, `modified`, `modified_by`) VALUES ('CAN-999-999-000-999-1065_CAN-999-999-000-999-1115', 'CAN-999-999-000-999-1065', 'CAN-999-999-000-999-1115', '0', '0', '', '0', '', '0', '', '0', '', '0', '', '0', '', '0', '', '0', '0', '0', '0', '0', '0', '1', '0', '0', '0', '0000-00-00 00:00:00', '', '0000-00-00 00:00:00', '');
INSERT INTO `form_formats` (`id`, `form_id`, `field_id`, `display_column`, `display_order`, `language_heading`, `flag_override_label`, `language_label`, `flag_override_tag`, `language_tag`, `flag_override_help`, `language_help`, `flag_override_type`, `type`, `flag_override_setting`, `setting`, `flag_override_default`, `default`, `flag_add`, `flag_add_readonly`, `flag_edit`, `flag_edit_readonly`, `flag_search`, `flag_search_readonly`, `flag_datagrid`, `flag_datagrid_readonly`, `flag_index`, `flag_detail`, `created`, `created_by`, `modified`, `modified_by`) VALUES ('CAN-999-999-000-999-1065_CAN-999-999-000-999-1116', 'CAN-999-999-000-999-1065', 'CAN-999-999-000-999-1116', '0', '0', '', '0', '', '0', '', '0', '', '0', '', '0', '', '0', '', '0', '0', '0', '0', '0', '0', '1', '0', '0', '0', '0000-00-00 00:00:00', '', '0000-00-00 00:00:00', '');
INSERT INTO `form_formats` (`id`, `form_id`, `field_id`, `display_column`, `display_order`, `language_heading`, `flag_override_label`, `language_label`, `flag_override_tag`, `language_tag`, `flag_override_help`, `language_help`, `flag_override_type`, `type`, `flag_override_setting`, `setting`, `flag_override_default`, `default`, `flag_add`, `flag_add_readonly`, `flag_edit`, `flag_edit_readonly`, `flag_search`, `flag_search_readonly`, `flag_datagrid`, `flag_datagrid_readonly`, `flag_index`, `flag_detail`, `created`, `created_by`, `modified`, `modified_by`) VALUES ('CAN-999-999-000-999-1065_CAN-999-999-000-999-1113', 'CAN-999-999-000-999-1065', 'CAN-999-999-000-999-1113', '0', '0', '', '0', '', '0', '', '0', '', '0', '', '0', '', '0', '', '0', '0', '0', '0', '0', '0', '1', '0', '0', '0', '0000-00-00 00:00:00', '', '0000-00-00 00:00:00', '');
INSERT INTO `form_formats` (`id`, `form_id`, `field_id`, `display_column`, `display_order`, `language_heading`, `flag_override_label`, `language_label`, `flag_override_tag`, `language_tag`, `flag_override_help`, `language_help`, `flag_override_type`, `type`, `flag_override_setting`, `setting`, `flag_override_default`, `default`, `flag_add`, `flag_add_readonly`, `flag_edit`, `flag_edit_readonly`, `flag_search`, `flag_search_readonly`, `flag_datagrid`, `flag_datagrid_readonly`, `flag_index`, `flag_detail`, `created`, `created_by`, `modified`, `modified_by`) VALUES ('CAN-999-999-000-999-1065_CAN-999-999-000-999-1114', 'CAN-999-999-000-999-1065', 'CAN-999-999-000-999-1114', '0', '0', '', '0', '', '0', '', '0', '', '0', '', '0', '', '0', '', '0', '0', '0', '0', '0', '0', '1', '0', '0', '0', '0000-00-00 00:00:00', '', '0000-00-00 00:00:00', '');
INSERT INTO `form_formats` (`id`, `form_id`, `field_id`, `display_column`, `display_order`, `language_heading`, `flag_override_label`, `language_label`, `flag_override_tag`, `language_tag`, `flag_override_help`, `language_help`, `flag_override_type`, `type`, `flag_override_setting`, `setting`, `flag_override_default`, `default`, `flag_add`, `flag_add_readonly`, `flag_edit`, `flag_edit_readonly`, `flag_search`, `flag_search_readonly`, `flag_datagrid`, `flag_datagrid_readonly`, `flag_index`, `flag_detail`, `created`, `created_by`, `modified`, `modified_by`) VALUES ('CAN-999-999-000-999-1065_CAN-999-999-000-999-1100', 'CAN-999-999-000-999-1065', 'CAN-999-999-000-999-1100', '0', '2', '', '0', '', '0', '', '0', '', '0', '', '0', '', '0', '', '1', '0', '0', '0', '0', '0', '1', '0', '0', '0', '0000-00-00 00:00:00', '', '0000-00-00 00:00:00', '');
INSERT INTO `form_formats` (`id`, `form_id`, `field_id`, `display_column`, `display_order`, `language_heading`, `flag_override_label`, `language_label`, `flag_override_tag`, `language_tag`, `flag_override_help`, `language_help`, `flag_override_type`, `type`, `flag_override_setting`, `setting`, `flag_override_default`, `default`, `flag_add`, `flag_add_readonly`, `flag_edit`, `flag_edit_readonly`, `flag_search`, `flag_search_readonly`, `flag_datagrid`, `flag_datagrid_readonly`, `flag_index`, `flag_detail`, `created`, `created_by`, `modified`, `modified_by`) VALUES ('CAN-999-999-000-999-1065_CAN-999-999-000-999-1101', 'CAN-999-999-000-999-1065', 'CAN-999-999-000-999-1101', '0', '2', '', '0', '', '0', '', '0', '', '0', '', '0', '', '0', '', '0', '1', '1', '1', '1', '1', '0', '1', '1', '1', '0000-00-00 00:00:00', '', '0000-00-00 00:00:00', '');
INSERT INTO `form_formats` (`id`, `form_id`, `field_id`, `display_column`, `display_order`, `language_heading`, `flag_override_label`, `language_label`, `flag_override_tag`, `language_tag`, `flag_override_help`, `language_help`, `flag_override_type`, `type`, `flag_override_setting`, `setting`, `flag_override_default`, `default`, `flag_add`, `flag_add_readonly`, `flag_edit`, `flag_edit_readonly`, `flag_search`, `flag_search_readonly`, `flag_datagrid`, `flag_datagrid_readonly`, `flag_index`, `flag_detail`, `created`, `created_by`, `modified`, `modified_by`) VALUES ('CAN-999-999-000-999-1065_CAN-999-999-000-999-1118', 'CAN-999-999-000-999-1065', 'CAN-999-999-000-999-1118', '0', '2', '', '0', '', '0', '', '0', '', '0', '', '0', '', '0', '', '1', '0', '1', '0', '0', '0', '1', '0', '1', '1', '0000-00-00 00:00:00', '', '0000-00-00 00:00:00', '');
INSERT INTO `form_formats` (`id`, `form_id`, `field_id`, `display_column`, `display_order`, `language_heading`, `flag_override_label`, `language_label`, `flag_override_tag`, `language_tag`, `flag_override_help`, `language_help`, `flag_override_type`, `type`, `flag_override_setting`, `setting`, `flag_override_default`, `default`, `flag_add`, `flag_add_readonly`, `flag_edit`, `flag_edit_readonly`, `flag_search`, `flag_search_readonly`, `flag_datagrid`, `flag_datagrid_readonly`, `flag_index`, `flag_detail`, `created`, `created_by`, `modified`, `modified_by`) VALUES ('CAN-999-999-000-999-1065_CAN-999-999-000-999-1102', 'CAN-999-999-000-999-1065', 'CAN-999-999-000-999-1102', '0', '5', '', '0', '', '0', '', '0', '', '0', '', '0', '', '0', '', '1', '1', '1', '1', '0', '1', '1', '1', '1', '1', '0000-00-00 00:00:00', '', '0000-00-00 00:00:00', '');
INSERT INTO `form_formats` (`id`, `form_id`, `field_id`, `display_column`, `display_order`, `language_heading`, `flag_override_label`, `language_label`, `flag_override_tag`, `language_tag`, `flag_override_help`, `language_help`, `flag_override_type`, `type`, `flag_override_setting`, `setting`, `flag_override_default`, `default`, `flag_add`, `flag_add_readonly`, `flag_edit`, `flag_edit_readonly`, `flag_search`, `flag_search_readonly`, `flag_datagrid`, `flag_datagrid_readonly`, `flag_index`, `flag_detail`, `created`, `created_by`, `modified`, `modified_by`) VALUES ('CAN-999-999-000-999-1065_CAN-999-999-000-999-1103', 'CAN-999-999-000-999-1065', 'CAN-999-999-000-999-1103', '0', '6', '', '0', '', '0', '', '0', '', '0', '', '0', '', '0', '', '1', '0', '1', '0', '0', '0', '1', '0', '1', '1', '0000-00-00 00:00:00', '', '0000-00-00 00:00:00', '');
INSERT INTO `form_formats` (`id`, `form_id`, `field_id`, `display_column`, `display_order`, `language_heading`, `flag_override_label`, `language_label`, `flag_override_tag`, `language_tag`, `flag_override_help`, `language_help`, `flag_override_type`, `type`, `flag_override_setting`, `setting`, `flag_override_default`, `default`, `flag_add`, `flag_add_readonly`, `flag_edit`, `flag_edit_readonly`, `flag_search`, `flag_search_readonly`, `flag_datagrid`, `flag_datagrid_readonly`, `flag_index`, `flag_detail`, `created`, `created_by`, `modified`, `modified_by`) VALUES ('CAN-999-999-000-999-1065_CAN-999-999-000-999-1104', 'CAN-999-999-000-999-1065', 'CAN-999-999-000-999-1104', '0', '7', '', '0', '', '0', '', '0', '', '0', '', '0', '', '0', '', '1', '0', '1', '0', '0', '0', '1', '0', '1', '1', '0000-00-00 00:00:00', '', '0000-00-00 00:00:00', '');
INSERT INTO `form_formats` (`id`, `form_id`, `field_id`, `display_column`, `display_order`, `language_heading`, `flag_override_label`, `language_label`, `flag_override_tag`, `language_tag`, `flag_override_help`, `language_help`, `flag_override_type`, `type`, `flag_override_setting`, `setting`, `flag_override_default`, `default`, `flag_add`, `flag_add_readonly`, `flag_edit`, `flag_edit_readonly`, `flag_search`, `flag_search_readonly`, `flag_datagrid`, `flag_datagrid_readonly`, `flag_index`, `flag_detail`, `created`, `created_by`, `modified`, `modified_by`) VALUES ('CAN-999-999-000-999-1065_CAN-999-999-000-999-1259', 'CAN-999-999-000-999-1065', 'CAN-999-999-000-999-1259', '0', '7', '', '0', '', '0', '', '0', '', '0', '', '0', '', '0', '', '1', '0', '1', '0', '0', '0', '1', '0', '1', '1', '0000-00-00 00:00:00', '', '0000-00-00 00:00:00', '');
INSERT INTO `form_formats` (`id`, `form_id`, `field_id`, `display_column`, `display_order`, `language_heading`, `flag_override_label`, `language_label`, `flag_override_tag`, `language_tag`, `flag_override_help`, `language_help`, `flag_override_type`, `type`, `flag_override_setting`, `setting`, `flag_override_default`, `default`, `flag_add`, `flag_add_readonly`, `flag_edit`, `flag_edit_readonly`, `flag_search`, `flag_search_readonly`, `flag_datagrid`, `flag_datagrid_readonly`, `flag_index`, `flag_detail`, `created`, `created_by`, `modified`, `modified_by`) VALUES ('CAN-999-999-000-999-1065_CAN-999-999-000-999-1105', 'CAN-999-999-000-999-1065', 'CAN-999-999-000-999-1105', '0', '8', '', '0', '', '0', '', '0', '', '0', '', '0', '', '0', '', '0', '1', '0', '1', '0', '1', '0', '1', '1', '1', '0000-00-00 00:00:00', '', '0000-00-00 00:00:00', '');
INSERT INTO `form_formats` (`id`, `form_id`, `field_id`, `display_column`, `display_order`, `language_heading`, `flag_override_label`, `language_label`, `flag_override_tag`, `language_tag`, `flag_override_help`, `language_help`, `flag_override_type`, `type`, `flag_override_setting`, `setting`, `flag_override_default`, `default`, `flag_add`, `flag_add_readonly`, `flag_edit`, `flag_edit_readonly`, `flag_search`, `flag_search_readonly`, `flag_datagrid`, `flag_datagrid_readonly`, `flag_index`, `flag_detail`, `created`, `created_by`, `modified`, `modified_by`) VALUES ('CAN-999-999-000-999-1065_CAN-999-999-000-999-1216', 'CAN-999-999-000-999-1065', 'CAN-999-999-000-999-1216', '0', '9', '', '0', '', '0', '', '0', '', '0', '', '0', '', '0', '', '1', '0', '1', '0', '0', '0', '1', '0', '0', '0', '0000-00-00 00:00:00', '', '0000-00-00 00:00:00', '');
INSERT INTO `form_formats` (`id`, `form_id`, `field_id`, `display_column`, `display_order`, `language_heading`, `flag_override_label`, `language_label`, `flag_override_tag`, `language_tag`, `flag_override_help`, `language_help`, `flag_override_type`, `type`, `flag_override_setting`, `setting`, `flag_override_default`, `default`, `flag_add`, `flag_add_readonly`, `flag_edit`, `flag_edit_readonly`, `flag_search`, `flag_search_readonly`, `flag_datagrid`, `flag_datagrid_readonly`, `flag_index`, `flag_detail`, `created`, `created_by`, `modified`, `modified_by`) VALUES ('CAN-999-999-000-999-1065_CAN-999-999-000-999-1106', 'CAN-999-999-000-999-1065', 'CAN-999-999-000-999-1106', '0', '10', '', '0', '', '0', '', '0', '', '0', '', '0', '', '0', '', '1', '0', '1', '0', '0', '0', '1', '0', '0', '0', '0000-00-00 00:00:00', '', '0000-00-00 00:00:00', '');
INSERT INTO `form_formats` (`id`, `form_id`, `field_id`, `display_column`, `display_order`, `language_heading`, `flag_override_label`, `language_label`, `flag_override_tag`, `language_tag`, `flag_override_help`, `language_help`, `flag_override_type`, `type`, `flag_override_setting`, `setting`, `flag_override_default`, `default`, `flag_add`, `flag_add_readonly`, `flag_edit`, `flag_edit_readonly`, `flag_search`, `flag_search_readonly`, `flag_datagrid`, `flag_datagrid_readonly`, `flag_index`, `flag_detail`, `created`, `created_by`, `modified`, `modified_by`) VALUES ('CAN-999-999-000-999-1065_CAN-999-999-000-999-1217', 'CAN-999-999-000-999-1065', 'CAN-999-999-000-999-1217', '0', '10', '', '0', '', '0', '', '0', '', '0', '', '0', '', '0', '', '0', '0', '0', '0', '0', '0', '0', '0', '1', '1', '0000-00-00 00:00:00', '', '0000-00-00 00:00:00', '');
INSERT INTO `form_formats` (`id`, `form_id`, `field_id`, `display_column`, `display_order`, `language_heading`, `flag_override_label`, `language_label`, `flag_override_tag`, `language_tag`, `flag_override_help`, `language_help`, `flag_override_type`, `type`, `flag_override_setting`, `setting`, `flag_override_default`, `default`, `flag_add`, `flag_add_readonly`, `flag_edit`, `flag_edit_readonly`, `flag_search`, `flag_search_readonly`, `flag_datagrid`, `flag_datagrid_readonly`, `flag_index`, `flag_detail`, `created`, `created_by`, `modified`, `modified_by`) VALUES ('CAN-999-999-000-999-1065_CAN-999-999-000-999-1117', 'CAN-999-999-000-999-1065', 'CAN-999-999-000-999-1117', '0', '11', '', '0', '', '0', '', '0', '', '0', '', '0', '', '0', '', '0', '0', '0', '0', '0', '0', '0', '0', '1', '1', '0000-00-00 00:00:00', '', '0000-00-00 00:00:00', '');
INSERT INTO `form_formats` (`id`, `form_id`, `field_id`, `display_column`, `display_order`, `language_heading`, `flag_override_label`, `language_label`, `flag_override_tag`, `language_tag`, `flag_override_help`, `language_help`, `flag_override_type`, `type`, `flag_override_setting`, `setting`, `flag_override_default`, `default`, `flag_add`, `flag_add_readonly`, `flag_edit`, `flag_edit_readonly`, `flag_search`, `flag_search_readonly`, `flag_datagrid`, `flag_datagrid_readonly`, `flag_index`, `flag_detail`, `created`, `created_by`, `modified`, `modified_by`) VALUES ('CAN-999-999-000-999-1065_CAN-999-999-000-999-1107', 'CAN-999-999-000-999-1065', 'CAN-999-999-000-999-1107', '0', '12', '', '0', '', '0', '', '0', '', '0', '', '0', '', '0', '', '1', '0', '1', '0', '0', '0', '1', '0', '1', '1', '0000-00-00 00:00:00', '', '0000-00-00 00:00:00', '');
INSERT INTO `form_formats` (`id`, `form_id`, `field_id`, `display_column`, `display_order`, `language_heading`, `flag_override_label`, `language_label`, `flag_override_tag`, `language_tag`, `flag_override_help`, `language_help`, `flag_override_type`, `type`, `flag_override_setting`, `setting`, `flag_override_default`, `default`, `flag_add`, `flag_add_readonly`, `flag_edit`, `flag_edit_readonly`, `flag_search`, `flag_search_readonly`, `flag_datagrid`, `flag_datagrid_readonly`, `flag_index`, `flag_detail`, `created`, `created_by`, `modified`, `modified_by`) VALUES ('CAN-999-999-000-999-1065_CAN-999-999-000-999-1108', 'CAN-999-999-000-999-1065', 'CAN-999-999-000-999-1108', '0', '14', '', '0', '', '0', '', '0', '', '0', '', '0', '', '0', '', '1', '0', '1', '0', '0', '0', '1', '0', '1', '1', '0000-00-00 00:00:00', '', '0000-00-00 00:00:00', '');
INSERT INTO `form_formats` (`id`, `form_id`, `field_id`, `display_column`, `display_order`, `language_heading`, `flag_override_label`, `language_label`, `flag_override_tag`, `language_tag`, `flag_override_help`, `language_help`, `flag_override_type`, `type`, `flag_override_setting`, `setting`, `flag_override_default`, `default`, `flag_add`, `flag_add_readonly`, `flag_edit`, `flag_edit_readonly`, `flag_search`, `flag_search_readonly`, `flag_datagrid`, `flag_datagrid_readonly`, `flag_index`, `flag_detail`, `created`, `created_by`, `modified`, `modified_by`) VALUES ('CAN-999-999-000-999-1065_CAN-999-999-000-999-1110', 'CAN-999-999-000-999-1065', 'CAN-999-999-000-999-1110', '0', '16', '', '0', '', '0', '', '0', '', '0', '', '0', '', '0', '', '0', '0', '0', '0', '0', '0', '0', '0', '1', '1', '0000-00-00 00:00:00', '', '0000-00-00 00:00:00', '');
INSERT INTO `form_formats` (`id`, `form_id`, `field_id`, `display_column`, `display_order`, `language_heading`, `flag_override_label`, `language_label`, `flag_override_tag`, `language_tag`, `flag_override_help`, `language_help`, `flag_override_type`, `type`, `flag_override_setting`, `setting`, `flag_override_default`, `default`, `flag_add`, `flag_add_readonly`, `flag_edit`, `flag_edit_readonly`, `flag_search`, `flag_search_readonly`, `flag_datagrid`, `flag_datagrid_readonly`, `flag_index`, `flag_detail`, `created`, `created_by`, `modified`, `modified_by`) VALUES ('CAN-999-999-000-999-1065_CAN-999-999-000-999-1194', 'CAN-999-999-000-999-1065', 'CAN-999-999-000-999-1194', '0', '17', '', '0', '', '0', '', '0', '', '0', '', '0', '', '0', '', '0', '0', '0', '0', '0', '0', '0', '0', '1', '1', '0000-00-00 00:00:00', '', '0000-00-00 00:00:00', '');
INSERT INTO `form_formats` (`id`, `form_id`, `field_id`, `display_column`, `display_order`, `language_heading`, `flag_override_label`, `language_label`, `flag_override_tag`, `language_tag`, `flag_override_help`, `language_help`, `flag_override_type`, `type`, `flag_override_setting`, `setting`, `flag_override_default`, `default`, `flag_add`, `flag_add_readonly`, `flag_edit`, `flag_edit_readonly`, `flag_search`, `flag_search_readonly`, `flag_datagrid`, `flag_datagrid_readonly`, `flag_index`, `flag_detail`, `created`, `created_by`, `modified`, `modified_by`) VALUES ('CAN-999-999-000-999-1065_CAN-999-999-000-999-1109', 'CAN-999-999-000-999-1065', 'CAN-999-999-000-999-1109', '0', '15', '', '0', '', '0', '', '0', '', '0', '', '0', '', '0', '', '1', '0', '1', '0', '0', '0', '1', '0', '1', '1', '0000-00-00 00:00:00', '', '0000-00-00 00:00:00', '');
INSERT INTO `form_formats` (`id`, `form_id`, `field_id`, `display_column`, `display_order`, `language_heading`, `flag_override_label`, `language_label`, `flag_override_tag`, `language_tag`, `flag_override_help`, `language_help`, `flag_override_type`, `type`, `flag_override_setting`, `setting`, `flag_override_default`, `default`, `flag_add`, `flag_add_readonly`, `flag_edit`, `flag_edit_readonly`, `flag_search`, `flag_search_readonly`, `flag_datagrid`, `flag_datagrid_readonly`, `flag_index`, `flag_detail`, `created`, `created_by`, `modified`, `modified_by`) VALUES ('CAN-999-999-000-999-1065_CAN-999-999-000-999-1165', 'CAN-999-999-000-999-1065', 'CAN-999-999-000-999-1165', '0', '19', '', '0', '', '0', '', '0', '', '0', '', '0', '', '0', '', '1', '0', '1', '0', '0', '0', '0', '0', '0', '1', '0000-00-00 00:00:00', '', '0000-00-00 00:00:00', '');
INSERT INTO `form_formats` (`id`, `form_id`, `field_id`, `display_column`, `display_order`, `language_heading`, `flag_override_label`, `language_label`, `flag_override_tag`, `language_tag`, `flag_override_help`, `language_help`, `flag_override_type`, `type`, `flag_override_setting`, `setting`, `flag_override_default`, `default`, `flag_add`, `flag_add_readonly`, `flag_edit`, `flag_edit_readonly`, `flag_search`, `flag_search_readonly`, `flag_datagrid`, `flag_datagrid_readonly`, `flag_index`, `flag_detail`, `created`, `created_by`, `modified`, `modified_by`) VALUES ('CAN-999-999-000-999-1065_CAN-999-999-000-999-1112', 'CAN-999-999-000-999-1065', 'CAN-999-999-000-999-1112', '0', '20', '', '0', '', '0', '', '0', '', '0', '', '0', '', '0', '', '1', '0', '1', '0', '0', '0', '0', '0', '1', '1', '0000-00-00 00:00:00', '', '0000-00-00 00:00:00', '');
INSERT INTO `form_formats` (`id`, `form_id`, `field_id`, `display_column`, `display_order`, `language_heading`, `flag_override_label`, `language_label`, `flag_override_tag`, `language_tag`, `flag_override_help`, `language_help`, `flag_override_type`, `type`, `flag_override_setting`, `setting`, `flag_override_default`, `default`, `flag_add`, `flag_add_readonly`, `flag_edit`, `flag_edit_readonly`, `flag_search`, `flag_search_readonly`, `flag_datagrid`, `flag_datagrid_readonly`, `flag_index`, `flag_detail`, `created`, `created_by`, `modified`, `modified_by`) VALUES ('CAN-999-999-000-999-1065_CAN-999-999-000-999-1140', 'CAN-999-999-000-999-1065', 'CAN-999-999-000-999-1140', '1', '50', '', '0', '', '0', '', '0', '', '0', '', '0', '', '0', '', '0', '1', '0', '1', '0', '1', '0', '1', '0', '1', '0000-00-00 00:00:00', '', '0000-00-00 00:00:00', '');
INSERT INTO `form_formats` (`id`, `form_id`, `field_id`, `display_column`, `display_order`, `language_heading`, `flag_override_label`, `language_label`, `flag_override_tag`, `language_tag`, `flag_override_help`, `language_help`, `flag_override_type`, `type`, `flag_override_setting`, `setting`, `flag_override_default`, `default`, `flag_add`, `flag_add_readonly`, `flag_edit`, `flag_edit_readonly`, `flag_search`, `flag_search_readonly`, `flag_datagrid`, `flag_datagrid_readonly`, `flag_index`, `flag_detail`, `created`, `created_by`, `modified`, `modified_by`) VALUES ('CAN-999-999-000-999-1065_CAN-999-999-000-999-1141', 'CAN-999-999-000-999-1065', 'CAN-999-999-000-999-1141', '1', '51', '', '0', '', '0', '', '0', '', '0', '', '0', '', '0', '', '0', '1', '0', '1', '0', '1', '0', '1', '0', '1', '0000-00-00 00:00:00', '', '0000-00-00 00:00:00', '');
INSERT INTO `form_formats` (`id`, `form_id`, `field_id`, `display_column`, `display_order`, `language_heading`, `flag_override_label`, `language_label`, `flag_override_tag`, `language_tag`, `flag_override_help`, `language_help`, `flag_override_type`, `type`, `flag_override_setting`, `setting`, `flag_override_default`, `default`, `flag_add`, `flag_add_readonly`, `flag_edit`, `flag_edit_readonly`, `flag_search`, `flag_search_readonly`, `flag_datagrid`, `flag_datagrid_readonly`, `flag_index`, `flag_detail`, `created`, `created_by`, `modified`, `modified_by`) VALUES ('CAN-999-999-000-999-1065_CAN-999-999-000-999-1142', 'CAN-999-999-000-999-1065', 'CAN-999-999-000-999-1142', '1', '52', '', '0', '', '0', '', '0', '', '0', '', '0', '', '0', '', '0', '1', '0', '1', '0', '1', '0', '1', '0', '1', '0000-00-00 00:00:00', '', '0000-00-00 00:00:00', '');
INSERT INTO `form_formats` (`id`, `form_id`, `field_id`, `display_column`, `display_order`, `language_heading`, `flag_override_label`, `language_label`, `flag_override_tag`, `language_tag`, `flag_override_help`, `language_help`, `flag_override_type`, `type`, `flag_override_setting`, `setting`, `flag_override_default`, `default`, `flag_add`, `flag_add_readonly`, `flag_edit`, `flag_edit_readonly`, `flag_search`, `flag_search_readonly`, `flag_datagrid`, `flag_datagrid_readonly`, `flag_index`, `flag_detail`, `created`, `created_by`, `modified`, `modified_by`) VALUES ('CAN-999-999-000-999-1065_CAN-999-999-000-999-1143', 'CAN-999-999-000-999-1065', 'CAN-999-999-000-999-1143', '1', '53', '', '0', '', '0', '', '0', '', '0', '', '0', '', '0', '', '0', '1', '0', '1', '0', '1', '0', '1', '0', '1', '0000-00-00 00:00:00', '', '0000-00-00 00:00:00', '');
-- volume
INSERT INTO `form_formats` (`id`, `form_id`, `field_id`, `display_column`, `display_order`, `language_heading`, `flag_override_label`, `language_label`, `flag_override_tag`, `language_tag`, `flag_override_help`, `language_help`, `flag_override_type`, `type`, `flag_override_setting`, `setting`, `flag_override_default`, `default`, `flag_add`, `flag_add_readonly`, `flag_edit`, `flag_edit_readonly`, `flag_search`, `flag_search_readonly`, `flag_datagrid`, `flag_datagrid_readonly`, `flag_index`, `flag_detail`, `created`, `created_by`, `modified`, `modified_by`) VALUES ('CAN-999-999-000-999-1065_CAN-999-999-000-999-1130', 'CAN-999-999-000-999-1065', 'CAN-999-999-000-999-1130', '1', '40', '', '0', '', '0', '', '0', '', '0', '', '0', '', '0', '', '0', '1', '0', '1', '0', '1', '0', '1', '1', '1', '0000-00-00 00:00:00', '', '0000-00-00 00:00:00', '');
INSERT INTO `form_formats` (`id`, `form_id`, `field_id`, `display_column`, `display_order`, `language_heading`, `flag_override_label`, `language_label`, `flag_override_tag`, `language_tag`, `flag_override_help`, `language_help`, `flag_override_type`, `type`, `flag_override_setting`, `setting`, `flag_override_default`, `default`, `flag_add`, `flag_add_readonly`, `flag_edit`, `flag_edit_readonly`, `flag_search`, `flag_search_readonly`, `flag_datagrid`, `flag_datagrid_readonly`, `flag_index`, `flag_detail`, `created`, `created_by`, `modified`, `modified_by`) VALUES ('CAN-999-999-000-999-1065_CAN-999-999-000-999-1131', 'CAN-999-999-000-999-1065', 'CAN-999-999-000-999-1131', '1', '41', '', '0', '', '0', '', '0', '', '0', '', '0', '', '0', '', '0', '1', '0', '1', '0', '1', '0', '1', '1', '1', '0000-00-00 00:00:00', '', '0000-00-00 00:00:00', '');
INSERT INTO `form_formats` (`id`, `form_id`, `field_id`, `display_column`, `display_order`, `language_heading`, `flag_override_label`, `language_label`, `flag_override_tag`, `language_tag`, `flag_override_help`, `language_help`, `flag_override_type`, `type`, `flag_override_setting`, `setting`, `flag_override_default`, `default`, `flag_add`, `flag_add_readonly`, `flag_edit`, `flag_edit_readonly`, `flag_search`, `flag_search_readonly`, `flag_datagrid`, `flag_datagrid_readonly`, `flag_index`, `flag_detail`, `created`, `created_by`, `modified`, `modified_by`) VALUES ('CAN-999-999-000-999-1065_CAN-999-999-000-999-1132', 'CAN-999-999-000-999-1065', 'CAN-999-999-000-999-1132', '1', '42', '', '0', '', '0', '', '0', '', '0', '', '0', '', '0', '', '1', '0', '1', '0', '0', '0', '1', '0', '1', '1', '0000-00-00 00:00:00', '', '0000-00-00 00:00:00', '');
INSERT INTO `form_formats` (`id`, `form_id`, `field_id`, `display_column`, `display_order`, `language_heading`, `flag_override_label`, `language_label`, `flag_override_tag`, `language_tag`, `flag_override_help`, `language_help`, `flag_override_type`, `type`, `flag_override_setting`, `setting`, `flag_override_default`, `default`, `flag_add`, `flag_add_readonly`, `flag_edit`, `flag_edit_readonly`, `flag_search`, `flag_search_readonly`, `flag_datagrid`, `flag_datagrid_readonly`, `flag_index`, `flag_detail`, `created`, `created_by`, `modified`, `modified_by`) VALUES ('CAN-999-999-000-999-1065_CAN-999-999-000-999-1133', 'CAN-999-999-000-999-1065', 'CAN-999-999-000-999-1133', '1', '43', '', '0', '', '0', '', '0', '', '0', '', '0', '', '0', '', '1', '1', '1', '1', '0', '1', '1', '1', '1', '1', '0000-00-00 00:00:00', '', '0000-00-00 00:00:00', '');
-- concentration
INSERT INTO `form_formats` (`id`, `form_id`, `field_id`, `display_column`, `display_order`, `language_heading`, `flag_override_label`, `language_label`, `flag_override_tag`, `language_tag`, `flag_override_help`, `language_help`, `flag_override_type`, `type`, `flag_override_setting`, `setting`, `flag_override_default`, `default`, `flag_add`, `flag_add_readonly`, `flag_edit`, `flag_edit_readonly`, `flag_search`, `flag_search_readonly`, `flag_datagrid`, `flag_datagrid_readonly`, `flag_index`, `flag_detail`, `created`, `created_by`, `modified`, `modified_by`) VALUES ('CAN-999-999-000-999-1065_CAN-999-999-000-999-1241', 'CAN-999-999-000-999-1065', 'CAN-999-999-000-999-1241', '1', '35', '', '0', '', '0', '', '0', '', '0', '', '0', '', '0', '', '1', '0', '1', '0', '0', '0', '1', '0', '1', '1', '0000-00-00 00:00:00', '', '0000-00-00 00:00:00', '');
INSERT INTO `form_formats` (`id`, `form_id`, `field_id`, `display_column`, `display_order`, `language_heading`, `flag_override_label`, `language_label`, `flag_override_tag`, `language_tag`, `flag_override_help`, `language_help`, `flag_override_type`, `type`, `flag_override_setting`, `setting`, `flag_override_default`, `default`, `flag_add`, `flag_add_readonly`, `flag_edit`, `flag_edit_readonly`, `flag_search`, `flag_search_readonly`, `flag_datagrid`, `flag_datagrid_readonly`, `flag_index`, `flag_detail`, `created`, `created_by`, `modified`, `modified_by`) VALUES ('CAN-999-999-000-999-1065_CAN-999-999-000-999-1242', 'CAN-999-999-000-999-1065', 'CAN-999-999-000-999-1242', '1', '36', '', '0', '', '0', '', '0', '', '0', '', '0', '', '0', '', '1', '0', '1', '0', '0', '0', '1', '0', '1', '1', '0000-00-00 00:00:00', '', '0000-00-00 00:00:00', '');
-- lot number
INSERT INTO `form_formats` (`id`, `form_id`, `field_id`, `display_column`, `display_order`, `language_heading`, `flag_override_label`, `language_label`, `flag_override_tag`, `language_tag`, `flag_override_help`, `language_help`, `flag_override_type`, `type`, `flag_override_setting`, `setting`, `flag_override_default`, `default`, `flag_add`, `flag_add_readonly`, `flag_edit`, `flag_edit_readonly`, `flag_search`, `flag_search_readonly`, `flag_datagrid`, `flag_datagrid_readonly`, `flag_index`, `flag_detail`, `created`, `created_by`, `modified`, `modified_by`) VALUES ('CAN-999-999-000-999-1065_CAN-999-999-000-999-1120', 'CAN-999-999-000-999-1065', 'CAN-999-999-000-999-1120', '1', '30', '', '0', '', '0', '', '0', '', '0', '', '0', '', '0', '', '1', '0', '1', '0', '0', '0', '1', '0', '1', '1', '0000-00-00 00:00:00', '', '0000-00-00 00:00:00', '');
-- cell count
INSERT INTO `form_formats` (`id`, `form_id`, `field_id`, `display_column`, `display_order`, `language_heading`, `flag_override_label`, `language_label`, `flag_override_tag`, `language_tag`, `flag_override_help`, `language_help`, `flag_override_type`, `type`, `flag_override_setting`, `setting`, `flag_override_default`, `default`, `flag_add`, `flag_add_readonly`, `flag_edit`, `flag_edit_readonly`, `flag_search`, `flag_search_readonly`, `flag_datagrid`, `flag_datagrid_readonly`, `flag_index`, `flag_detail`, `created`, `created_by`, `modified`, `modified_by`) VALUES ('CAN-999-999-000-999-1065_CAN-999-999-000-999-1239', 'CAN-999-999-000-999-1065', 'CAN-999-999-000-999-1239', '1', '37', '', '0', '', '0', '', '0', '', '0', '', '0', '', '0', '', '1', '0', '1', '0', '0', '0', '1', '0', '1', '1', '0000-00-00 00:00:00', '', '0000-00-00 00:00:00', '');
INSERT INTO `form_formats` (`id`, `form_id`, `field_id`, `display_column`, `display_order`, `language_heading`, `flag_override_label`, `language_label`, `flag_override_tag`, `language_tag`, `flag_override_help`, `language_help`, `flag_override_type`, `type`, `flag_override_setting`, `setting`, `flag_override_default`, `default`, `flag_add`, `flag_add_readonly`, `flag_edit`, `flag_edit_readonly`, `flag_search`, `flag_search_readonly`, `flag_datagrid`, `flag_datagrid_readonly`, `flag_index`, `flag_detail`, `created`, `created_by`, `modified`, `modified_by`) VALUES ('CAN-999-999-000-999-1065_CAN-999-999-000-999-1240', 'CAN-999-999-000-999-1065', 'CAN-999-999-000-999-1240', '1', '38', '', '0', '', '0', '', '0', '', '0', '', '0', '', '0', '', '1', '0', '1', '0', '0', '0', '1', '0', '1', '1', '0000-00-00 00:00:00', '', '0000-00-00 00:00:00', '');

-- ------------------------------------------------------------------------
-- alias = quality_controls
-- ------------------------------------------------------------------------

DELETE FROM `forms` WHERE `alias` = 'quality_controls';
INSERT INTO `forms` (`id`, `alias`, `language_title`, `language_help`, `flag_add_columns`, `flag_edit_columns`, `flag_search_columns`, `flag_detail_columns`, `created`, `created_by`, `modified`, `modified_by`) VALUES ('CAN-999-999-000-999-1038', 'quality_controls', '', '', '0', '0', '0', '1', '0000-00-00 00:00:00', '', '0000-00-00 00:00:00', '');

DELETE FROM `form_fields` WHERE `id` = 'CAN-999-999-000-999-1174';
INSERT INTO `form_fields` (`id`, `model`, `field`, `language_label`, `language_tag`, `type`, `setting`, `default`, `language_help`, `created`, `created_by`, `modified`, `modified_by`) VALUES ('CAN-999-999-000-999-1174', 'QualityControl', 'aliquot_master_id', 'tested aliquot', '', 'select', '', '', '', '0000-00-00 00:00:00', '', '0000-00-00 00:00:00', '');
DELETE FROM `form_fields` WHERE `id` = 'CAN-999-999-000-999-1167';
INSERT INTO `form_fields` (`id`, `model`, `field`, `language_label`, `language_tag`, `type`, `setting`, `default`, `language_help`, `created`, `created_by`, `modified`, `modified_by`) VALUES ('CAN-999-999-000-999-1167', 'QualityControl', 'type', 'qc type', '', 'select', '', '', '', '0000-00-00 00:00:00', '', '0000-00-00 00:00:00', '');
DELETE FROM `form_fields` WHERE `id` = 'CAN-999-999-000-999-1168';
INSERT INTO `form_fields` (`id`, `model`, `field`, `language_label`, `language_tag`, `type`, `setting`, `default`, `language_help`, `created`, `created_by`, `modified`, `modified_by`) VALUES ('CAN-999-999-000-999-1168', 'QualityControl', 'tool', 'qc tool', '', 'select', '', '', '', '0000-00-00 00:00:00', '', '0000-00-00 00:00:00', '');
DELETE FROM `form_fields` WHERE `id` = 'CAN-999-999-000-999-1169';
INSERT INTO `form_fields` (`id`, `model`, `field`, `language_label`, `language_tag`, `type`, `setting`, `default`, `language_help`, `created`, `created_by`, `modified`, `modified_by`) VALUES ('CAN-999-999-000-999-1169', 'QualityControl', 'run_id', 'qc run number', '', 'input', 'size=15', '', '', '0000-00-00 00:00:00', '', '0000-00-00 00:00:00', '');
DELETE FROM `form_fields` WHERE `id` = 'CAN-999-999-000-999-1170';
INSERT INTO `form_fields` (`id`, `model`, `field`, `language_label`, `language_tag`, `type`, `setting`, `default`, `language_help`, `created`, `created_by`, `modified`, `modified_by`) VALUES ('CAN-999-999-000-999-1170', 'QualityControl', 'score', 'qc score', '', 'input', 'size=15', '', '', '0000-00-00 00:00:00', '', '0000-00-00 00:00:00', '');
DELETE FROM `form_fields` WHERE `id` = 'CAN-999-999-000-999-1171';
INSERT INTO `form_fields` (`id`, `model`, `field`, `language_label`, `language_tag`, `type`, `setting`, `default`, `language_help`, `created`, `created_by`, `modified`, `modified_by`) VALUES ('CAN-999-999-000-999-1171', 'QualityControl', 'unit', '', '', 'select', '', '', '', '0000-00-00 00:00:00', '', '0000-00-00 00:00:00', '');
DELETE FROM `form_fields` WHERE `id` = 'CAN-999-999-000-999-1172';
INSERT INTO `form_fields` (`id`, `model`, `field`, `language_label`, `language_tag`, `type`, `setting`, `default`, `language_help`, `created`, `created_by`, `modified`, `modified_by`) VALUES ('CAN-999-999-000-999-1172', 'QualityControl', 'conclusion', 'qc conclusion', '', 'select', '', '', '', '0000-00-00 00:00:00', '', '0000-00-00 00:00:00', '');
DELETE FROM `form_fields` WHERE `id` = 'CAN-999-999-000-999-1173';
INSERT INTO `form_fields` (`id`, `model`, `field`, `language_label`, `language_tag`, `type`, `setting`, `default`, `language_help`, `created`, `created_by`, `modified`, `modified_by`) VALUES ('CAN-999-999-000-999-1173', 'QualityControl', 'notes', 'notes', '', 'textarea', 'cols=30,rows=4', '', '', '0000-00-00 00:00:00', '', '0000-00-00 00:00:00', '');
DELETE FROM `form_fields` WHERE `id` = 'CAN-999-999-000-999-1272';
INSERT INTO `form_fields` (`id`, `model`, `field`, `language_label`, `language_tag`, `type`, `setting`, `default`, `language_help`, `created`, `created_by`, `modified`, `modified_by`) VALUES ('CAN-999-999-000-999-1272', 'QualityControl', 'date', 'date', '', 'date', '', '', '', '0000-00-00 00:00:00', '', '0000-00-00 00:00:00', '');

DELETE FROM `global_lookups` WHERE `alias` IN ('quality_control_type', 
'quality_control_unit', 'quality_control_conclusion');
INSERT INTO `global_lookups` (`id`, `alias`, `section`, `subsection`, `value`, `language_choice`, `display_order`, `active`, `created`, `created_by`, `modified`, `modified_by`) VALUES 
(NULL, 'quality_control_type', NULL, NULL, 'agarose gel', 'agarose gel', 1, 'yes', NULL, NULL, NULL, NULL),
(NULL, 'quality_control_type', NULL, NULL, 'bioanalyzer', 'bioanalyzer', 2, 'yes', NULL, NULL, NULL, NULL),
(NULL, 'quality_control_type', NULL, NULL, 'spectrophotometer', 'spectrophotometer', 4, 'yes', NULL, NULL, NULL, NULL),
(NULL, 'quality_control_type', NULL, NULL, 'pcr', 'pcr', 3, 'yes', NULL, NULL, NULL, NULL),

(NULL, 'quality_control_unit', NULL, NULL, '260/230', '260/230', 1, 'yes', NULL, NULL, NULL, NULL),
(NULL, 'quality_control_unit', NULL, NULL, '260/268', '260/268', 2, 'yes', NULL, NULL, NULL, NULL),
(NULL, 'quality_control_unit', NULL, NULL, '260/280', '260/280', 3, 'yes', NULL, NULL, NULL, NULL),
(NULL, 'quality_control_unit', NULL, NULL, '28/18', '28/18', 4, 'yes', NULL, NULL, NULL, NULL),
(NULL, 'quality_control_unit', NULL, NULL, 'RIN', 'RIN', 5, 'yes', NULL, NULL, NULL, NULL),
(NULL, 'quality_control_unit', NULL, NULL, 'n/a', 'n/a', 6, 'yes', NULL, NULL, NULL, NULL),

(NULL, 'quality_control_conclusion', NULL, NULL, 'poor', 'poor', 2, 'yes', NULL, NULL, NULL, NULL),
(NULL, 'quality_control_conclusion', NULL, NULL, 'acceptable', 'acceptable', 4, 'yes', NULL, NULL, NULL, NULL),
(NULL, 'quality_control_conclusion', NULL, NULL, 'good', 'good', 6, 'yes', NULL, NULL, NULL, NULL),
(NULL, 'quality_control_conclusion', NULL, NULL, 'out of range', 'out of range', 8, 'yes', NULL, NULL, NULL, NULL),
(NULL, 'quality_control_conclusion', NULL, NULL, 'degraded', 'degraded', 0, 'yes', NULL, NULL, NULL, NULL),
(NULL, 'quality_control_conclusion', NULL, NULL, 'partially degraded', 'partially degraded', 1, 'yes', NULL, NULL, NULL, NULL),
(NULL, 'quality_control_conclusion', NULL, NULL, 'very good', 'very good', 7, 'yes', NULL, NULL, NULL, NULL);

DELETE FROM `form_fields_global_lookups` WHERE `field_id` IN ('CAN-999-999-000-999-1167',
'CAN-999-999-000-999-1171', 'CAN-999-999-000-999-1172');
INSERT INTO `form_fields_global_lookups` ( `field_id` , `lookup_id`)
VALUES 
('CAN-999-999-000-999-1167', (SELECT `id` FROM `global_lookups` WHERE `alias` LIKE 'quality_control_type' AND `value` like 'agarose gel')), 
('CAN-999-999-000-999-1167', (SELECT `id` FROM `global_lookups` WHERE `alias` LIKE 'quality_control_type' AND `value` like 'bioanalyzer')), 
('CAN-999-999-000-999-1167', (SELECT `id` FROM `global_lookups` WHERE `alias` LIKE 'quality_control_type' AND `value` like 'spectrophotometer')), 
('CAN-999-999-000-999-1167', (SELECT `id` FROM `global_lookups` WHERE `alias` LIKE 'quality_control_type' AND `value` like 'pcr')),

('CAN-999-999-000-999-1171', (SELECT `id` FROM `global_lookups` WHERE `alias` LIKE 'quality_control_unit' AND `value` like '260/230')), 
('CAN-999-999-000-999-1171', (SELECT `id` FROM `global_lookups` WHERE `alias` LIKE 'quality_control_unit' AND `value` like '260/268')), 
('CAN-999-999-000-999-1171', (SELECT `id` FROM `global_lookups` WHERE `alias` LIKE 'quality_control_unit' AND `value` like '260/280')), 
('CAN-999-999-000-999-1171', (SELECT `id` FROM `global_lookups` WHERE `alias` LIKE 'quality_control_unit' AND `value` like '28/18')), 
('CAN-999-999-000-999-1171', (SELECT `id` FROM `global_lookups` WHERE `alias` LIKE 'quality_control_unit' AND `value` like 'RIN')), 
('CAN-999-999-000-999-1171', (SELECT `id` FROM `global_lookups` WHERE `alias` LIKE 'quality_control_unit' AND `value` like 'n/a')),
 
('CAN-999-999-000-999-1172', (SELECT `id` FROM `global_lookups` WHERE `alias` LIKE 'quality_control_conclusion' AND `value` like 'poor')), 
('CAN-999-999-000-999-1172', (SELECT `id` FROM `global_lookups` WHERE `alias` LIKE 'quality_control_conclusion' AND `value` like 'acceptable')), 
('CAN-999-999-000-999-1172', (SELECT `id` FROM `global_lookups` WHERE `alias` LIKE 'quality_control_conclusion' AND `value` like 'good')),  
('CAN-999-999-000-999-1172', (SELECT `id` FROM `global_lookups` WHERE `alias` LIKE 'quality_control_conclusion' AND `value` like 'out of range')),  
('CAN-999-999-000-999-1172', (SELECT `id` FROM `global_lookups` WHERE `alias` LIKE 'quality_control_conclusion' AND `value` like 'degraded')),  
('CAN-999-999-000-999-1172', (SELECT `id` FROM `global_lookups` WHERE `alias` LIKE 'quality_control_conclusion' AND `value` like 'partially degraded')),  
('CAN-999-999-000-999-1172', (SELECT `id` FROM `global_lookups` WHERE `alias` LIKE 'quality_control_conclusion' AND `value` like 'very good'));

DELETE FROM `form_formats` WHERE `form_id` = 'CAN-999-999-000-999-1038';
-- INSERT INTO `form_formats` (`id`, `form_id`, `field_id`, `display_column`, `display_order`, `language_heading`, `flag_override_label`, `language_label`, `flag_override_tag`, `language_tag`, `flag_override_help`, `language_help`, `flag_override_type`, `type`, `flag_override_setting`, `setting`, `flag_override_default`, `default`, `flag_add`, `flag_add_readonly`, `flag_edit`, `flag_edit_readonly`, `flag_search`, `flag_search_readonly`, `flag_datagrid`, `flag_datagrid_readonly`, `flag_index`, `flag_detail`, `created`, `created_by`, `modified`, `modified_by`) VALUES ('CAN-999-999-000-999-1038_CAN-999-999-000-999-1174', 'CAN-999-999-000-999-1038', 'CAN-999-999-000-999-1174', '0', '2', '', '0', '', '0', '', '0', '', '0', '', '0', '', '0', '', '1', '0', '1', '0', '0', '0', '0', '0', '0', '1', '0000-00-00 00:00:00', '', '0000-00-00 00:00:00', '');
INSERT INTO `form_formats` (`id`, `form_id`, `field_id`, `display_column`, `display_order`, `language_heading`, `flag_override_label`, `language_label`, `flag_override_tag`, `language_tag`, `flag_override_help`, `language_help`, `flag_override_type`, `type`, `flag_override_setting`, `setting`, `flag_override_default`, `default`, `flag_add`, `flag_add_readonly`, `flag_edit`, `flag_edit_readonly`, `flag_search`, `flag_search_readonly`, `flag_datagrid`, `flag_datagrid_readonly`, `flag_index`, `flag_detail`, `created`, `created_by`, `modified`, `modified_by`) VALUES ('CAN-999-999-000-999-1038_CAN-999-999-000-999-1167', 'CAN-999-999-000-999-1038', 'CAN-999-999-000-999-1167', '0', '3', '', '0', '', '0', '', '0', '', '0', '', '0', '', '0', '', '1', '0', '1', '0', '0', '0', '0', '0', '1', '1', '0000-00-00 00:00:00', '', '0000-00-00 00:00:00', '');
INSERT INTO `form_formats` (`id`, `form_id`, `field_id`, `display_column`, `display_order`, `language_heading`, `flag_override_label`, `language_label`, `flag_override_tag`, `language_tag`, `flag_override_help`, `language_help`, `flag_override_type`, `type`, `flag_override_setting`, `setting`, `flag_override_default`, `default`, `flag_add`, `flag_add_readonly`, `flag_edit`, `flag_edit_readonly`, `flag_search`, `flag_search_readonly`, `flag_datagrid`, `flag_datagrid_readonly`, `flag_index`, `flag_detail`, `created`, `created_by`, `modified`, `modified_by`) VALUES ('CAN-999-999-000-999-1038_CAN-999-999-000-999-1168', 'CAN-999-999-000-999-1038', 'CAN-999-999-000-999-1168', '0', '4', '', '0', '', '0', '', '0', '', '0', '', '0', '', '0', '', '1', '0', '1', '0', '0', '0', '0', '0', '1', '1', '0000-00-00 00:00:00', '', '0000-00-00 00:00:00', '');
INSERT INTO `form_formats` (`id`, `form_id`, `field_id`, `display_column`, `display_order`, `language_heading`, `flag_override_label`, `language_label`, `flag_override_tag`, `language_tag`, `flag_override_help`, `language_help`, `flag_override_type`, `type`, `flag_override_setting`, `setting`, `flag_override_default`, `default`, `flag_add`, `flag_add_readonly`, `flag_edit`, `flag_edit_readonly`, `flag_search`, `flag_search_readonly`, `flag_datagrid`, `flag_datagrid_readonly`, `flag_index`, `flag_detail`, `created`, `created_by`, `modified`, `modified_by`) VALUES ('CAN-999-999-000-999-1038_CAN-999-999-000-999-1169', 'CAN-999-999-000-999-1038', 'CAN-999-999-000-999-1169', '0', '1', '', '0', '', '0', '', '0', '', '0', '', '0', '', '0', '', '1', '0', '1', '0', '0', '0', '0', '0', '1', '1', '0000-00-00 00:00:00', '', '0000-00-00 00:00:00', '');
INSERT INTO `form_formats` (`id`, `form_id`, `field_id`, `display_column`, `display_order`, `language_heading`, `flag_override_label`, `language_label`, `flag_override_tag`, `language_tag`, `flag_override_help`, `language_help`, `flag_override_type`, `type`, `flag_override_setting`, `setting`, `flag_override_default`, `default`, `flag_add`, `flag_add_readonly`, `flag_edit`, `flag_edit_readonly`, `flag_search`, `flag_search_readonly`, `flag_datagrid`, `flag_datagrid_readonly`, `flag_index`, `flag_detail`, `created`, `created_by`, `modified`, `modified_by`) VALUES ('CAN-999-999-000-999-1038_CAN-999-999-000-999-1170', 'CAN-999-999-000-999-1038', 'CAN-999-999-000-999-1170', '0', '6', '', '0', '', '0', '', '0', '', '0', '', '0', '', '0', '', '1', '0', '1', '0', '0', '0', '0', '0', '1', '1', '0000-00-00 00:00:00', '', '0000-00-00 00:00:00', '');
INSERT INTO `form_formats` (`id`, `form_id`, `field_id`, `display_column`, `display_order`, `language_heading`, `flag_override_label`, `language_label`, `flag_override_tag`, `language_tag`, `flag_override_help`, `language_help`, `flag_override_type`, `type`, `flag_override_setting`, `setting`, `flag_override_default`, `default`, `flag_add`, `flag_add_readonly`, `flag_edit`, `flag_edit_readonly`, `flag_search`, `flag_search_readonly`, `flag_datagrid`, `flag_datagrid_readonly`, `flag_index`, `flag_detail`, `created`, `created_by`, `modified`, `modified_by`) VALUES ('CAN-999-999-000-999-1038_CAN-999-999-000-999-1171', 'CAN-999-999-000-999-1038', 'CAN-999-999-000-999-1171', '0', '7', '', '0', '', '0', '', '0', '', '0', '', '0', '', '0', '', '1', '0', '1', '0', '0', '0', '0', '0', '1', '1', '0000-00-00 00:00:00', '', '0000-00-00 00:00:00', '');
INSERT INTO `form_formats` (`id`, `form_id`, `field_id`, `display_column`, `display_order`, `language_heading`, `flag_override_label`, `language_label`, `flag_override_tag`, `language_tag`, `flag_override_help`, `language_help`, `flag_override_type`, `type`, `flag_override_setting`, `setting`, `flag_override_default`, `default`, `flag_add`, `flag_add_readonly`, `flag_edit`, `flag_edit_readonly`, `flag_search`, `flag_search_readonly`, `flag_datagrid`, `flag_datagrid_readonly`, `flag_index`, `flag_detail`, `created`, `created_by`, `modified`, `modified_by`) VALUES ('CAN-999-999-000-999-1038_CAN-999-999-000-999-1172', 'CAN-999-999-000-999-1038', 'CAN-999-999-000-999-1172', '0', '8', '', '0', '', '0', '', '0', '', '0', '', '0', '', '0', '', '1', '0', '1', '0', '0', '0', '0', '0', '1', '1', '0000-00-00 00:00:00', '', '0000-00-00 00:00:00', '');
INSERT INTO `form_formats` (`id`, `form_id`, `field_id`, `display_column`, `display_order`, `language_heading`, `flag_override_label`, `language_label`, `flag_override_tag`, `language_tag`, `flag_override_help`, `language_help`, `flag_override_type`, `type`, `flag_override_setting`, `setting`, `flag_override_default`, `default`, `flag_add`, `flag_add_readonly`, `flag_edit`, `flag_edit_readonly`, `flag_search`, `flag_search_readonly`, `flag_datagrid`, `flag_datagrid_readonly`, `flag_index`, `flag_detail`, `created`, `created_by`, `modified`, `modified_by`) VALUES ('CAN-999-999-000-999-1038_CAN-999-999-000-999-1173', 'CAN-999-999-000-999-1038', 'CAN-999-999-000-999-1173', '0', '9', '', '0', '', '0', '', '0', '', '0', '', '0', '', '0', '', '1', '0', '1', '0', '0', '0', '0', '0', '0', '1', '0000-00-00 00:00:00', '', '0000-00-00 00:00:00', '');
INSERT INTO `form_formats` (`id`, `form_id`, `field_id`, `display_column`, `display_order`, `language_heading`, `flag_override_label`, `language_label`, `flag_override_tag`, `language_tag`, `flag_override_help`, `language_help`, `flag_override_type`, `type`, `flag_override_setting`, `setting`, `flag_override_default`, `default`, `flag_add`, `flag_add_readonly`, `flag_edit`, `flag_edit_readonly`, `flag_search`, `flag_search_readonly`, `flag_datagrid`, `flag_datagrid_readonly`, `flag_index`, `flag_detail`, `created`, `created_by`, `modified`, `modified_by`) VALUES ('CAN-999-999-000-999-1038_CAN-999-999-000-999-1272', 'CAN-999-999-000-999-1038', 'CAN-999-999-000-999-1272', '0', '4', '', '0', '', '0', '', '0', '', '0', '', '0', '', '0', '', '1', '0', '1', '0', '0', '0', '0', '0', '0', '1', '0000-00-00 00:00:00', '', '0000-00-00 00:00:00', '');

DELETE FROM `form_validations` WHERE `form_field_id` = 'CAN-999-999-000-999-1169';
INSERT INTO `form_validations` (`id`, `form_field_id`, `expression`, `message`, `created`, `created_by`, `modified`, `modifed_by`) VALUES (NULL, 'CAN-999-999-000-999-1169', '/.+/', 'qc run id is required', '0000-00-00 00:00:00', '', '0000-00-00 00:00:00', '');

-- ---------------------------------------------------------------------
--
-- GENERAL: MENU
--
-- ---------------------------------------------------------------------

-- 
-- Table - `menus`
-- 

-- Action: DELETE
-- Comments:

DELETE FROM `menus` 
WHERE `id` IN
('inv_CAN_00',			/* inventory management */ 

'inv_CAN_10',			/* collection */
'inv_CAN_11',			/* collection detail */
'inv_CAN_15',			/* collection review */

'inv_CAN_20',			/* old sample details */
'inv_CAN_21',			/* collection sample tree view */

'inv_CAN_23',			/* old sample reviews */
'inv_CAN_64',
'inv_CAN_65');

DELETE FROM `menus` 
WHERE `id` LIKE 'inv_CAN_22-1%'; /* ascite */
DELETE FROM `menus` 
WHERE `id` LIKE 'inv_CAN_22-2%'; /* blood */
DELETE FROM `menus` 
WHERE `id` LIKE 'inv_CAN_22-3%'; /* tissue */
DELETE FROM `menus` 
WHERE `id` LIKE 'inv_CAN_22-4%'; /* urine */
DELETE FROM `menus` 
WHERE `id` LIKE 'inv_CAN_22-103%'; /* peritoneal wash */
DELETE FROM `menus` 
WHERE `id` LIKE 'inv_CAN_22-104%'; /* cystic fluid */
DELETE FROM `menus` 
WHERE `id` LIKE 'inv_CAN_22-105%'; /* other fluid */

-- Action: INSERT
-- Comments:
-- 1- inventory root menu

INSERT INTO `menus` (`id`, `parent_id`, `display_order`, `language_title`, `language_description`, 
`use_link`, `use_param`, 
`created`, `created_by`, `modified`, `modified_by`) 
VALUES 
('inv_CAN_00', 'MAIN_MENU_1', 2, 'inventory management', 'inventory management', 
'/inventorymanagement/collections/index/', 1, 
'0000-00-00 00:00:00', '', '0000-00-00 00:00:00', '');

-- 2- collection menu 'inv_CAN_1%'

INSERT INTO `menus` (`id`, `parent_id`, `display_order`, `language_title`, 
`use_link`, `use_param`, 
`created`, `created_by`, `modified`, `modified_by`) 
VALUES 
('inv_CAN_11', 'inv_CAN_00', 1, 'collection detail', 
'/inventorymanagement/collections/detail/', 1, 
'0000-00-00 00:00:00', '', '0000-00-00 00:00:00', ''),
('inv_CAN_10', 'inv_CAN_00', 2, 'collection samples', 
'/inventorymanagement/sample_masters/tree/', 1, 
'0000-00-00 00:00:00', '', '0000-00-00 00:00:00', ''),
('inv_CAN_15', 'inv_CAN_00', 3, 'path collection review', 
'/inventorymanagement/path_collection_reviews/listall/', 1, 
'0000-00-00 00:00:00', '', '0000-00-00 00:00:00', '');

-- 3- sample and aliquot menu 'inv_CAN_2%'

INSERT INTO `menus` (`id`, `parent_id`, `display_order`, `language_title`, 
`use_link`, `use_param`, 
`created`, `created_by`, `modified`, `modified_by`) 
VALUES 
('inv_CAN_21', 'inv_CAN_10', 1, 'collection sample tree view',
'/inventorymanagement/sample_masters/tree/', 1, 
'0000-00-00 00:00:00', '', '0000-00-00 00:00:00', '');

-- 3.a- ASCITE

INSERT INTO `menus` (`id`, `parent_id`, `display_order`, `language_title`, 
`use_link`, `use_param`, 
`created`, `created_by`, `modified`, `modified_by`) 
VALUES 
('inv_CAN_22-1', 'inv_CAN_10', 3, 'ascite col grp', 
'/inventorymanagement/sample_masters/listall/inv_CAN_22-1/ascite/specimen/', 1, 
'0000-00-00 00:00:00', '', '0000-00-00 00:00:00', ''),

-- sample

('inv_CAN_22-1-sa_de', 'inv_CAN_22-1', 1, 'sample details', 
'/inventorymanagement/sample_masters/detail/inv_CAN_22-1/ascite/specimen/', 2, 
'0000-00-00 00:00:00', '', '0000-00-00 00:00:00', ''),
('inv_CAN_22-1-sa_al', 'inv_CAN_22-1', 3, 'sample aliquots', 
'/inventorymanagement/aliquot_masters/listAllSampleAliquots/inv_CAN_22-1/ascite/specimen/', 2, 
'0000-00-00 00:00:00', '', '0000-00-00 00:00:00', ''),
('inv_CAN_22-1-sa_der', 'inv_CAN_22-1', 4, 'sample derivatives', 
'/inventorymanagement/sample_masters/listall/inv_CAN_22-1/ascite/derivative/', 2, 
'0000-00-00 00:00:00', '', '0000-00-00 00:00:00', ''),
('inv_CAN_22-1-sa_rev', 'inv_CAN_22-1', 6, 'sample reviews', 
'/unknown/', 2, 
'0000-00-00 00:00:00', '', '0000-00-00 00:00:00', ''),
('inv_CAN_22-1-sa_qc', 'inv_CAN_22-1', 6, 'sample quality controls', 
'/inventorymanagement/quality_controls/listAllQualityControls/inv_CAN_22-1/ascite/specimen/', 2, 
'0000-00-00 00:00:00', '', '0000-00-00 00:00:00', ''),

('inv_CAN_22-1-sa_al_de', 'inv_CAN_22-1-sa_al', 1, 'aliquot details', 
'/inventorymanagement/aliquot_masters/detailAliquot/inv_CAN_22-1/ascite/specimen/', 2, 
'0000-00-00 00:00:00', '', '0000-00-00 00:00:00', ''),
('inv_CAN_22-1-sa_al_us', 'inv_CAN_22-1-sa_al', 2, 'use', 
'/inventorymanagement/aliquot_masters/listAliquotUses/inv_CAN_22-1/ascite/specimen/', 2, 
'0000-00-00 00:00:00', '', '0000-00-00 00:00:00', ''),

-- derivative

('inv_CAN_22-1-der_de', 'inv_CAN_22-1-sa_der', 1, 'derivative details', 
'/inventorymanagement/sample_masters/detail/inv_CAN_22-1/ascite/derivative/', 2, 
'0000-00-00 00:00:00', '', '0000-00-00 00:00:00', ''),
('inv_CAN_22-1-der_so_al', 'inv_CAN_22-1-sa_der', 2, 'parent aliquots', 
'/inventorymanagement/aliquot_masters/listSourceAliquots/inv_CAN_22-1/ascite/derivative/', 2, 
'0000-00-00 00:00:00', '', '0000-00-00 00:00:00', ''),
('inv_CAN_22-1-der_al', 'inv_CAN_22-1-sa_der', 3, 'derivative aliquots', 
'/inventorymanagement/aliquot_masters/listAllSampleAliquots/inv_CAN_22-1/ascite/derivative/', 2, 
'0000-00-00 00:00:00', '', '0000-00-00 00:00:00', ''),
('inv_CAN_22-1-der_rev', 'inv_CAN_22-1-sa_der', 6, 'derivative reviews', 
'/unknown/', 2, 
'0000-00-00 00:00:00', '', '0000-00-00 00:00:00', ''),
('inv_CAN_22-1-der_qc', 'inv_CAN_22-1-sa_der', 6, 'derivative quality controls', 
'/inventorymanagement/quality_controls/listAllQualityControls/inv_CAN_22-1/ascite/derivative/', 2, 
'0000-00-00 00:00:00', '', '0000-00-00 00:00:00', ''),

('inv_CAN_22-1-der_al_de', 'inv_CAN_22-1-der_al', 1, 'aliquot details', 
'/inventorymanagement/aliquot_masters/detailAliquot/inv_CAN_22-1/ascite/derivative/', 2, 
'0000-00-00 00:00:00', '', '0000-00-00 00:00:00', ''),
('inv_CAN_22-1-der_al_us', 'inv_CAN_22-1-der_al', 2, 'use', 
'/inventorymanagement/aliquot_masters/listAliquotUses/inv_CAN_22-1/ascite/derivative/', 2, 
'0000-00-00 00:00:00', '', '0000-00-00 00:00:00', '');

-- 3.b- BLOOD

INSERT INTO `menus` (`id`, `parent_id`, `display_order`, `language_title`, 
`use_link`, `use_param`, 
`created`, `created_by`, `modified`, `modified_by`) 
VALUES 
('inv_CAN_22-2', 'inv_CAN_10', 3, 'blood col grp', 
'/inventorymanagement/sample_masters/listall/inv_CAN_22-2/blood/specimen/', 1, 
'0000-00-00 00:00:00', '', '0000-00-00 00:00:00', ''),

-- sample

('inv_CAN_22-2-sa_de', 'inv_CAN_22-2', 1, 'sample details', 
'/inventorymanagement/sample_masters/detail/inv_CAN_22-2/blood/specimen/', 2, 
'0000-00-00 00:00:00', '', '0000-00-00 00:00:00', ''),
('inv_CAN_22-2-sa_al', 'inv_CAN_22-2', 3, 'sample aliquots', 
'/inventorymanagement/aliquot_masters/listAllSampleAliquots/inv_CAN_22-2/blood/specimen/', 2, 
'0000-00-00 00:00:00', '', '0000-00-00 00:00:00', ''),
('inv_CAN_22-2-sa_der', 'inv_CAN_22-2', 4, 'sample derivatives', 
'/inventorymanagement/sample_masters/listall/inv_CAN_22-2/blood/derivative/', 2, 
'0000-00-00 00:00:00', '', '0000-00-00 00:00:00', ''),
('inv_CAN_22-2-sa_rev', 'inv_CAN_22-2', 6, 'sample reviews', 
'/unknown/', 2, 
'0000-00-00 00:00:00', '', '0000-00-00 00:00:00', ''),
('inv_CAN_22-2-sa_qc', 'inv_CAN_22-2', 6, 'sample quality controls', 
'/inventorymanagement/quality_controls/listAllQualityControls/inv_CAN_22-2/blood/specimen/', 2, 
'0000-00-00 00:00:00', '', '0000-00-00 00:00:00', ''),

('inv_CAN_22-2-sa_al_de', 'inv_CAN_22-2-sa_al', 1, 'aliquot details', 
'/inventorymanagement/aliquot_masters/detailAliquot/inv_CAN_22-2/blood/specimen/', 2, 
'0000-00-00 00:00:00', '', '0000-00-00 00:00:00', ''),
('inv_CAN_22-2-sa_al_us', 'inv_CAN_22-2-sa_al', 2, 'use', 
'/inventorymanagement/aliquot_masters/listAliquotUses/inv_CAN_22-2/blood/specimen/', 2, 
'0000-00-00 00:00:00', '', '0000-00-00 00:00:00', ''),

-- derivative

('inv_CAN_22-2-der_de', 'inv_CAN_22-2-sa_der', 1, 'derivative details', 
'/inventorymanagement/sample_masters/detail/inv_CAN_22-2/blood/derivative/', 2, 
'0000-00-00 00:00:00', '', '0000-00-00 00:00:00', ''),
('inv_CAN_22-2-der_so_al', 'inv_CAN_22-2-sa_der', 2, 'parent aliquots', 
'/inventorymanagement/aliquot_masters/listSourceAliquots/inv_CAN_22-2/blood/derivative/', 2, 
'0000-00-00 00:00:00', '', '0000-00-00 00:00:00', ''),
('inv_CAN_22-2-der_al', 'inv_CAN_22-2-sa_der', 3, 'derivative aliquots', 
'/inventorymanagement/aliquot_masters/listAllSampleAliquots/inv_CAN_22-2/blood/derivative/', 2, 
'0000-00-00 00:00:00', '', '0000-00-00 00:00:00', ''),
('inv_CAN_22-2-der_rev', 'inv_CAN_22-2-sa_der', 6, 'derivative reviews', 
'/unknown/', 2, 
'0000-00-00 00:00:00', '', '0000-00-00 00:00:00', ''),
('inv_CAN_22-2-der_qc', 'inv_CAN_22-2-sa_der', 6, 'derivative quality controls', 
'/inventorymanagement/quality_controls/listAllQualityControls/inv_CAN_22-2/blood/derivative/', 2, 
'0000-00-00 00:00:00', '', '0000-00-00 00:00:00', ''),

('inv_CAN_22-2-der_al_de', 'inv_CAN_22-2-der_al', 1, 'aliquot details', 
'/inventorymanagement/aliquot_masters/detailAliquot/inv_CAN_22-2/blood/derivative/', 2, 
'0000-00-00 00:00:00', '', '0000-00-00 00:00:00', ''),
('inv_CAN_22-2-der_al_us', 'inv_CAN_22-2-der_al', 2, 'use', 
'/inventorymanagement/aliquot_masters/listAliquotUses/inv_CAN_22-2/blood/derivative/', 2, 
'0000-00-00 00:00:00', '', '0000-00-00 00:00:00', '');

-- 3.c- TISSUE

INSERT INTO `menus` (`id`, `parent_id`, `display_order`, `language_title`, 
`use_link`, `use_param`, 
`created`, `created_by`, `modified`, `modified_by`) 
VALUES 
('inv_CAN_22-3', 'inv_CAN_10', 3, 'tissue col grp', 
'/inventorymanagement/sample_masters/listall/inv_CAN_22-3/tissue/specimen/', 1, 
'0000-00-00 00:00:00', '', '0000-00-00 00:00:00', ''),

-- sample

('inv_CAN_22-3-sa_de', 'inv_CAN_22-3', 1, 'sample details', 
'/inventorymanagement/sample_masters/detail/inv_CAN_22-3/tissue/specimen/', 2, 
'0000-00-00 00:00:00', '', '0000-00-00 00:00:00', ''),
('inv_CAN_22-3-sa_al', 'inv_CAN_22-3', 3, 'sample aliquots', 
'/inventorymanagement/aliquot_masters/listAllSampleAliquots/inv_CAN_22-3/tissue/specimen/', 2, 
'0000-00-00 00:00:00', '', '0000-00-00 00:00:00', ''),
('inv_CAN_22-3-sa_der', 'inv_CAN_22-3', 4, 'sample derivatives', 
'/inventorymanagement/sample_masters/listall/inv_CAN_22-3/tissue/derivative/', 2, 
'0000-00-00 00:00:00', '', '0000-00-00 00:00:00', ''),
('inv_CAN_22-3-sa_rev', 'inv_CAN_22-3', 6, 'sample reviews', 
'/unknown/', 2, 
'0000-00-00 00:00:00', '', '0000-00-00 00:00:00', ''),
('inv_CAN_22-3-sa_qc', 'inv_CAN_22-3', 6, 'sample quality controls', 
'/inventorymanagement/quality_controls/listAllQualityControls/inv_CAN_22-3/tissue/specimen/', 2, 
'0000-00-00 00:00:00', '', '0000-00-00 00:00:00', ''),

('inv_CAN_22-3-sa_al_de', 'inv_CAN_22-3-sa_al', 1, 'aliquot details', 
'/inventorymanagement/aliquot_masters/detailAliquot/inv_CAN_22-3/tissue/specimen/', 2, 
'0000-00-00 00:00:00', '', '0000-00-00 00:00:00', ''),
('inv_CAN_22-3-sa_al_us', 'inv_CAN_22-3-sa_al', 2, 'use', 
'/inventorymanagement/aliquot_masters/listAliquotUses/inv_CAN_22-3/tissue/specimen/', 2, 
'0000-00-00 00:00:00', '', '0000-00-00 00:00:00', ''),

-- derivative

('inv_CAN_22-3-der_de', 'inv_CAN_22-3-sa_der', 1, 'derivative details', 
'/inventorymanagement/sample_masters/detail/inv_CAN_22-3/tissue/derivative/', 2, 
'0000-00-00 00:00:00', '', '0000-00-00 00:00:00', ''),
('inv_CAN_22-3-der_so_al', 'inv_CAN_22-3-sa_der', 2, 'parent aliquots', 
'/inventorymanagement/aliquot_masters/listSourceAliquots/inv_CAN_22-3/tissue/derivative/', 2, 
'0000-00-00 00:00:00', '', '0000-00-00 00:00:00', ''),
('inv_CAN_22-3-der_al', 'inv_CAN_22-3-sa_der', 3, 'derivative aliquots', 
'/inventorymanagement/aliquot_masters/listAllSampleAliquots/inv_CAN_22-3/tissue/derivative/', 2, 
'0000-00-00 00:00:00', '', '0000-00-00 00:00:00', ''),
('inv_CAN_22-3-der_rev', 'inv_CAN_22-3-sa_der', 6, 'derivative reviews', 
'/unknown/', 2, 
'0000-00-00 00:00:00', '', '0000-00-00 00:00:00', ''),
('inv_CAN_22-3-der_qc', 'inv_CAN_22-3-sa_der', 6, 'derivative quality controls', 
'/inventorymanagement/quality_controls/listAllQualityControls/inv_CAN_22-3/tissue/derivative/', 2, 
'0000-00-00 00:00:00', '', '0000-00-00 00:00:00', ''),

('inv_CAN_22-3-der_al_de', 'inv_CAN_22-3-der_al', 1, 'aliquot details', 
'/inventorymanagement/aliquot_masters/detailAliquot/inv_CAN_22-3/tissue/derivative/', 2, 
'0000-00-00 00:00:00', '', '0000-00-00 00:00:00', ''),
('inv_CAN_22-3-der_al_us', 'inv_CAN_22-3-der_al', 2, 'use', 
'/inventorymanagement/aliquot_masters/listAliquotUses/inv_CAN_22-3/tissue/derivative/', 2, 
'0000-00-00 00:00:00', '', '0000-00-00 00:00:00', '');

-- 3.d- URINE

INSERT INTO `menus` (`id`, `parent_id`, `display_order`, `language_title`, 
`use_link`, `use_param`, 
`created`, `created_by`, `modified`, `modified_by`) 
VALUES 
('inv_CAN_22-4', 'inv_CAN_10', 3, 'urine col grp', 
'/inventorymanagement/sample_masters/listall/inv_CAN_22-4/urine/specimen/', 1, 
'0000-00-00 00:00:00', '', '0000-00-00 00:00:00', ''),

-- sample

('inv_CAN_22-4-sa_de', 'inv_CAN_22-4', 1, 'sample details', 
'/inventorymanagement/sample_masters/detail/inv_CAN_22-4/urine/specimen/', 2, 
'0000-00-00 00:00:00', '', '0000-00-00 00:00:00', ''),
('inv_CAN_22-4-sa_al', 'inv_CAN_22-4', 3, 'sample aliquots', 
'/inventorymanagement/aliquot_masters/listAllSampleAliquots/inv_CAN_22-4/urine/specimen/', 2, 
'0000-00-00 00:00:00', '', '0000-00-00 00:00:00', ''),
('inv_CAN_22-4-sa_der', 'inv_CAN_22-4', 4, 'sample derivatives', 
'/inventorymanagement/sample_masters/listall/inv_CAN_22-4/urine/derivative/', 2, 
'0000-00-00 00:00:00', '', '0000-00-00 00:00:00', ''),
('inv_CAN_22-4-sa_rev', 'inv_CAN_22-4', 6, 'sample reviews', 
'/unknown/', 2, 
'0000-00-00 00:00:00', '', '0000-00-00 00:00:00', ''),
('inv_CAN_22-4-sa_qc', 'inv_CAN_22-4', 6, 'sample quality controls', 
'/inventorymanagement/quality_controls/listAllQualityControls/inv_CAN_22-4/urine/specimen/', 2, 
'0000-00-00 00:00:00', '', '0000-00-00 00:00:00', ''),

('inv_CAN_22-4-sa_al_de', 'inv_CAN_22-4-sa_al', 1, 'aliquot details', 
'/inventorymanagement/aliquot_masters/detailAliquot/inv_CAN_22-4/urine/specimen/', 2, 
'0000-00-00 00:00:00', '', '0000-00-00 00:00:00', ''),
('inv_CAN_22-4-sa_al_us', 'inv_CAN_22-4-sa_al', 2, 'use', 
'/inventorymanagement/aliquot_masters/listAliquotUses/inv_CAN_22-4/urine/specimen/', 2, 
'0000-00-00 00:00:00', '', '0000-00-00 00:00:00', ''),

-- derivative

('inv_CAN_22-4-der_de', 'inv_CAN_22-4-sa_der', 1, 'derivative details', 
'/inventorymanagement/sample_masters/detail/inv_CAN_22-4/urine/derivative/', 2, 
'0000-00-00 00:00:00', '', '0000-00-00 00:00:00', ''),
('inv_CAN_22-4-der_so_al', 'inv_CAN_22-4-sa_der', 2, 'parent aliquots', 
'/inventorymanagement/aliquot_masters/listSourceAliquots/inv_CAN_22-4/urine/derivative/', 2, 
'0000-00-00 00:00:00', '', '0000-00-00 00:00:00', ''),
('inv_CAN_22-4-der_al', 'inv_CAN_22-4-sa_der', 3, 'derivative aliquots', 
'/inventorymanagement/aliquot_masters/listAllSampleAliquots/inv_CAN_22-4/urine/derivative/', 2, 
'0000-00-00 00:00:00', '', '0000-00-00 00:00:00', ''),
('inv_CAN_22-4-der_rev', 'inv_CAN_22-4-sa_der', 6, 'derivative reviews', 
'/unknown/', 2, 
'0000-00-00 00:00:00', '', '0000-00-00 00:00:00', ''),
('inv_CAN_22-4-der_qc', 'inv_CAN_22-4-sa_der', 6, 'derivative quality controls', 
'/inventorymanagement/quality_controls/listAllQualityControls/inv_CAN_22-4/urine/derivative/', 2, 
'0000-00-00 00:00:00', '', '0000-00-00 00:00:00', ''),

('inv_CAN_22-4-der_al_de', 'inv_CAN_22-4-der_al', 1, 'aliquot details', 
'/inventorymanagement/aliquot_masters/detailAliquot/inv_CAN_22-4/urine/derivative/', 2, 
'0000-00-00 00:00:00', '', '0000-00-00 00:00:00', ''),
('inv_CAN_22-4-der_al_us', 'inv_CAN_22-4-der_al', 2, 'use', 
'/inventorymanagement/aliquot_masters/listAliquotUses/inv_CAN_22-4/urine/derivative/', 2, 
'0000-00-00 00:00:00', '', '0000-00-00 00:00:00', '');

-- 3.e- PERITONIAL WASHES

INSERT INTO `menus` (`id`, `parent_id`, `display_order`, `language_title`, 
`use_link`, `use_param`, 
`created`, `created_by`, `modified`, `modified_by`) 
VALUES 
('inv_CAN_22-103', 'inv_CAN_10', 3, 'peritoneal wash col grp', 
'/inventorymanagement/sample_masters/listall/inv_CAN_22-103/peritoneal wash/specimen/', 1, 
'0000-00-00 00:00:00', '', '0000-00-00 00:00:00', ''),

-- sample

('inv_CAN_22-103-sa_de', 'inv_CAN_22-103', 1, 'sample details', 
'/inventorymanagement/sample_masters/detail/inv_CAN_22-103/peritoneal wash/specimen/', 2, 
'0000-00-00 00:00:00', '', '0000-00-00 00:00:00', ''),
('inv_CAN_22-103-sa_al', 'inv_CAN_22-103', 3, 'sample aliquots', 
'/inventorymanagement/aliquot_masters/listAllSampleAliquots/inv_CAN_22-103/peritoneal wash/specimen/', 2, 
'0000-00-00 00:00:00', '', '0000-00-00 00:00:00', ''),
('inv_CAN_22-103-sa_der', 'inv_CAN_22-103', 4, 'sample derivatives', 
'/inventorymanagement/sample_masters/listall/inv_CAN_22-103/peritoneal wash/derivative/', 2, 
'0000-00-00 00:00:00', '', '0000-00-00 00:00:00', ''),
('inv_CAN_22-103-sa_rev', 'inv_CAN_22-103', 6, 'sample reviews', 
'/unknown/', 2, 
'0000-00-00 00:00:00', '', '0000-00-00 00:00:00', ''),
('inv_CAN_22-103-sa_qc', 'inv_CAN_22-103', 6, 'sample quality controls', 
'/inventorymanagement/quality_controls/listAllQualityControls/inv_CAN_22-103/peritoneal wash/specimen/', 2, 
'0000-00-00 00:00:00', '', '0000-00-00 00:00:00', ''),

('inv_CAN_22-103-sa_al_de', 'inv_CAN_22-103-sa_al', 1, 'aliquot details', 
'/inventorymanagement/aliquot_masters/detailAliquot/inv_CAN_22-103/peritoneal wash/specimen/', 2, 
'0000-00-00 00:00:00', '', '0000-00-00 00:00:00', ''),
('inv_CAN_22-103-sa_al_us', 'inv_CAN_22-103-sa_al', 2, 'use', 
'/inventorymanagement/aliquot_masters/listAliquotUses/inv_CAN_22-103/peritoneal wash/specimen/', 2, 
'0000-00-00 00:00:00', '', '0000-00-00 00:00:00', ''),

-- derivative

('inv_CAN_22-103-der_de', 'inv_CAN_22-103-sa_der', 1, 'derivative details', 
'/inventorymanagement/sample_masters/detail/inv_CAN_22-103/peritoneal wash/derivative/', 2, 
'0000-00-00 00:00:00', '', '0000-00-00 00:00:00', ''),
('inv_CAN_22-103-der_so_al', 'inv_CAN_22-103-sa_der', 2, 'parent aliquots', 
'/inventorymanagement/aliquot_masters/listSourceAliquots/inv_CAN_22-103/peritoneal wash/derivative/', 2, 
'0000-00-00 00:00:00', '', '0000-00-00 00:00:00', ''),
('inv_CAN_22-103-der_al', 'inv_CAN_22-103-sa_der', 3, 'derivative aliquots', 
'/inventorymanagement/aliquot_masters/listAllSampleAliquots/inv_CAN_22-103/peritoneal wash/derivative/', 2, 
'0000-00-00 00:00:00', '', '0000-00-00 00:00:00', ''),
('inv_CAN_22-103-der_rev', 'inv_CAN_22-103-sa_der', 6, 'derivative reviews', 
'/unknown/', 2, 
'0000-00-00 00:00:00', '', '0000-00-00 00:00:00', ''),
('inv_CAN_22-103-der_qc', 'inv_CAN_22-103-sa_der', 6, 'derivative quality controls', 
'/inventorymanagement/quality_controls/listAllQualityControls/inv_CAN_22-103/peritoneal wash/derivative/', 2, 
'0000-00-00 00:00:00', '', '0000-00-00 00:00:00', ''),

('inv_CAN_22-103-der_al_de', 'inv_CAN_22-103-der_al', 1, 'aliquot details', 
'/inventorymanagement/aliquot_masters/detailAliquot/inv_CAN_22-103/peritoneal wash/derivative/', 2, 
'0000-00-00 00:00:00', '', '0000-00-00 00:00:00', ''),
('inv_CAN_22-103-der_al_us', 'inv_CAN_22-103-der_al', 2, 'use', 
'/inventorymanagement/aliquot_masters/listAliquotUses/inv_CAN_22-103/peritoneal wash/derivative/', 2, 
'0000-00-00 00:00:00', '', '0000-00-00 00:00:00', '');

-- 3.f- CYSTIC FLUID 

INSERT INTO `menus` (`id`, `parent_id`, `display_order`, `language_title`, 
`use_link`, `use_param`, 
`created`, `created_by`, `modified`, `modified_by`) 
VALUES 
('inv_CAN_22-104', 'inv_CAN_10', 3, 'cystic fluid col grp', 
'/inventorymanagement/sample_masters/listall/inv_CAN_22-104/cystic fluid/specimen/', 1, 
'0000-00-00 00:00:00', '', '0000-00-00 00:00:00', ''),

-- sample

('inv_CAN_22-104-sa_de', 'inv_CAN_22-104', 1, 'sample details', 
'/inventorymanagement/sample_masters/detail/inv_CAN_22-104/cystic fluid/specimen/', 2, 
'0000-00-00 00:00:00', '', '0000-00-00 00:00:00', ''),
('inv_CAN_22-104-sa_al', 'inv_CAN_22-104', 3, 'sample aliquots', 
'/inventorymanagement/aliquot_masters/listAllSampleAliquots/inv_CAN_22-104/cystic fluid/specimen/', 2, 
'0000-00-00 00:00:00', '', '0000-00-00 00:00:00', ''),
('inv_CAN_22-104-sa_der', 'inv_CAN_22-104', 4, 'sample derivatives', 
'/inventorymanagement/sample_masters/listall/inv_CAN_22-104/cystic fluid/derivative/', 2, 
'0000-00-00 00:00:00', '', '0000-00-00 00:00:00', ''),
('inv_CAN_22-104-sa_rev', 'inv_CAN_22-104', 6, 'sample reviews', 
'/unknown/', 2, 
'0000-00-00 00:00:00', '', '0000-00-00 00:00:00', ''),
('inv_CAN_22-104-sa_qc', 'inv_CAN_22-104', 6, 'sample quality controls', 
'/inventorymanagement/quality_controls/listAllQualityControls/inv_CAN_22-104/cystic fluid/specimen/', 2, 
'0000-00-00 00:00:00', '', '0000-00-00 00:00:00', ''),

('inv_CAN_22-104-sa_al_de', 'inv_CAN_22-104-sa_al', 1, 'aliquot details', 
'/inventorymanagement/aliquot_masters/detailAliquot/inv_CAN_22-104/cystic fluid/specimen/', 2, 
'0000-00-00 00:00:00', '', '0000-00-00 00:00:00', ''),
('inv_CAN_22-104-sa_al_us', 'inv_CAN_22-104-sa_al', 2, 'use', 
'/inventorymanagement/aliquot_masters/listAliquotUses/inv_CAN_22-104/cystic fluid/specimen/', 2, 
'0000-00-00 00:00:00', '', '0000-00-00 00:00:00', ''),

-- derivative

('inv_CAN_22-104-der_de', 'inv_CAN_22-104-sa_der', 1, 'derivative details', 
'/inventorymanagement/sample_masters/detail/inv_CAN_22-104/cystic fluid/derivative/', 2, 
'0000-00-00 00:00:00', '', '0000-00-00 00:00:00', ''),
('inv_CAN_22-104-der_so_al', 'inv_CAN_22-104-sa_der', 2, 'parent aliquots', 
'/inventorymanagement/aliquot_masters/listSourceAliquots/inv_CAN_22-104/cystic fluid/derivative/', 2, 
'0000-00-00 00:00:00', '', '0000-00-00 00:00:00', ''),
('inv_CAN_22-104-der_al', 'inv_CAN_22-104-sa_der', 3, 'derivative aliquots', 
'/inventorymanagement/aliquot_masters/listAllSampleAliquots/inv_CAN_22-104/cystic fluid/derivative/', 2, 
'0000-00-00 00:00:00', '', '0000-00-00 00:00:00', ''),
('inv_CAN_22-104-der_rev', 'inv_CAN_22-104-sa_der', 6, 'derivative reviews', 
'/unknown/', 2, 
'0000-00-00 00:00:00', '', '0000-00-00 00:00:00', ''),
('inv_CAN_22-104-der_qc', 'inv_CAN_22-104-sa_der', 6, 'derivative quality controls', 
'/inventorymanagement/quality_controls/listAllQualityControls/inv_CAN_22-104/cystic fluid/derivative/', 2, 
'0000-00-00 00:00:00', '', '0000-00-00 00:00:00', ''),

('inv_CAN_22-104-der_al_de', 'inv_CAN_22-104-der_al', 1, 'aliquot details', 
'/inventorymanagement/aliquot_masters/detailAliquot/inv_CAN_22-104/cystic fluid/derivative/', 2, 
'0000-00-00 00:00:00', '', '0000-00-00 00:00:00', ''),
('inv_CAN_22-104-der_al_us', 'inv_CAN_22-104-der_al', 2, 'use', 
'/inventorymanagement/aliquot_masters/listAliquotUses/inv_CAN_22-104/cystic fluid/derivative/', 2, 
'0000-00-00 00:00:00', '', '0000-00-00 00:00:00', '');

-- 3.g- OTHER FLUID 

INSERT INTO `menus` (`id`, `parent_id`, `display_order`, `language_title`, 
`use_link`, `use_param`, 
`created`, `created_by`, `modified`, `modified_by`) 
VALUES 
('inv_CAN_22-105', 'inv_CAN_10', 3, 'other fluid col grp', 
'/inventorymanagement/sample_masters/listall/inv_CAN_22-105/other fluid/specimen/', 1, 
'0000-00-00 00:00:00', '', '0000-00-00 00:00:00', ''),

-- sample

('inv_CAN_22-105-sa_de', 'inv_CAN_22-105', 1, 'sample details', 
'/inventorymanagement/sample_masters/detail/inv_CAN_22-105/other fluid/specimen/', 2, 
'0000-00-00 00:00:00', '', '0000-00-00 00:00:00', ''),
('inv_CAN_22-105-sa_al', 'inv_CAN_22-105', 3, 'sample aliquots', 
'/inventorymanagement/aliquot_masters/listAllSampleAliquots/inv_CAN_22-105/other fluid/specimen/', 2, 
'0000-00-00 00:00:00', '', '0000-00-00 00:00:00', ''),
('inv_CAN_22-105-sa_der', 'inv_CAN_22-105', 4, 'sample derivatives', 
'/inventorymanagement/sample_masters/listall/inv_CAN_22-105/other fluid/derivative/', 2, 
'0000-00-00 00:00:00', '', '0000-00-00 00:00:00', ''),
('inv_CAN_22-105-sa_rev', 'inv_CAN_22-105', 6, 'sample reviews', 
'/unknown/', 2, 
'0000-00-00 00:00:00', '', '0000-00-00 00:00:00', ''),
('inv_CAN_22-105-sa_qc', 'inv_CAN_22-105', 6, 'sample quality controls', 
'/inventorymanagement/quality_controls/listAllQualityControls/inv_CAN_22-105/other fluid/specimen/', 2, 
'0000-00-00 00:00:00', '', '0000-00-00 00:00:00', ''),

('inv_CAN_22-105-sa_al_de', 'inv_CAN_22-105-sa_al', 1, 'aliquot details', 
'/inventorymanagement/aliquot_masters/detailAliquot/inv_CAN_22-105/other fluid/specimen/', 2, 
'0000-00-00 00:00:00', '', '0000-00-00 00:00:00', ''),
('inv_CAN_22-105-sa_al_us', 'inv_CAN_22-105-sa_al', 2, 'use', 
'/inventorymanagement/aliquot_masters/listAliquotUses/inv_CAN_22-105/other fluid/specimen/', 2, 
'0000-00-00 00:00:00', '', '0000-00-00 00:00:00', ''),

-- derivative

('inv_CAN_22-105-der_de', 'inv_CAN_22-105-sa_der', 1, 'derivative details', 
'/inventorymanagement/sample_masters/detail/inv_CAN_22-105/other fluid/derivative/', 2, 
'0000-00-00 00:00:00', '', '0000-00-00 00:00:00', ''),
('inv_CAN_22-105-der_so_al', 'inv_CAN_22-105-sa_der', 2, 'parent aliquots', 
'/inventorymanagement/aliquot_masters/listSourceAliquots/inv_CAN_22-105/other fluid/derivative/', 2, 
'0000-00-00 00:00:00', '', '0000-00-00 00:00:00', ''),
('inv_CAN_22-105-der_al', 'inv_CAN_22-105-sa_der', 3, 'derivative aliquots', 
'/inventorymanagement/aliquot_masters/listAllSampleAliquots/inv_CAN_22-105/other fluid/derivative/', 2, 
'0000-00-00 00:00:00', '', '0000-00-00 00:00:00', ''),
('inv_CAN_22-105-der_rev', 'inv_CAN_22-105-sa_der', 6, 'derivative reviews', 
'/unknown/', 2, 
'0000-00-00 00:00:00', '', '0000-00-00 00:00:00', ''),
('inv_CAN_22-105-der_qc', 'inv_CAN_22-105-sa_der', 6, 'derivative quality controls', 
'/inventorymanagement/quality_controls/listAllQualityControls/inv_CAN_22-105/other fluid/derivative/', 2, 
'0000-00-00 00:00:00', '', '0000-00-00 00:00:00', ''),

('inv_CAN_22-105-der_al_de', 'inv_CAN_22-105-der_al', 1, 'aliquot details', 
'/inventorymanagement/aliquot_masters/detailAliquot/inv_CAN_22-105/other fluid/derivative/', 2, 
'0000-00-00 00:00:00', '', '0000-00-00 00:00:00', ''),
('inv_CAN_22-105-der_al_us', 'inv_CAN_22-105-der_al', 2, 'use', 
'/inventorymanagement/aliquot_masters/listAliquotUses/inv_CAN_22-105/other fluid/derivative/', 2, 
'0000-00-00 00:00:00', '', '0000-00-00 00:00:00', '');

-- ---------------------------------------------------------------------
--
-- GENERAL: SIDEBARS
--
-- ---------------------------------------------------------------------

-- 
-- Table - `sidebars`
-- 

-- Action: DELETE
-- Comments:

DELETE FROM `sidebars`
WHERE `alias` IN (
'inventorymanagement_collections_index',
'inventorymanagement_collections_add',
'inventorymanagement_collections_search',
'inventorymanagement_aliquot_masters_listSourceAliquots',
'inventorymanagement_sample_masters_detail',
'inventorymanagement_aliquot_masters_detailAliquot');

-- Action: INSERT
-- Comments:

INSERT INTO `sidebars` (`id`, `alias`, `language_title`, `language_body`, 
`created`, `created_by`, `modified`, `modified_by`) 
VALUES 
(NULL, 'inventorymanagement_collections_index', 'collection index title', 'collection index description', 
'0000-00-00 00:00:00', '', '0000-00-00 00:00:00', '');

-- ---------------------------------------------------------------------
--
-- CONTROLS DATA
--
-- ---------------------------------------------------------------------

-- ---------------------------------------------------------------------
-- SAMPLE
-- ---------------------------------------------------------------------

-- 
-- Table - `sample_controls`
-- 

-- Action: DELETE
-- Comments: For Sample

DELETE FROM `sample_controls`;

-- Action: INSERT
-- Comments: For Sample
--           Leave detail_tablename to NULL if there is no sample details table 
--           for the studied sample. 

INSERT INTO `sample_controls` ( `id` , `sample_type` , `sample_category` , `sample_type_code`, 
`status` , `form_alias` , `detail_tablename` )
VALUES 
/* SPECIMEN */
('1', 'ascite', 'specimen', 'A', 'active', 'sd_spe_ascites', 'sd_spe_ascites'),
('2', 'blood', 'specimen', 'B', 'active', 'sd_spe_bloods', 'sd_spe_bloods'),
('3', 'tissue', 'specimen', 'T', 'active', 'sd_spe_tissues', 'sd_spe_tissues'),
('4', 'urine', 'specimen', 'U', 'active', 'sd_spe_urines', 'sd_spe_urines'),
('103', 'peritoneal wash', 'specimen', 'PW', 'active', 'sd_spe_peritoneal_washes', 'sd_spe_peritoneal_washes'),
('104', 'cystic fluid', 'specimen', 'CF', 'active', 'sd_spe_cystic_fluids', 'sd_spe_cystic_fluids'),
('105', 'other fluid', 'specimen', 'OF', 'active', 'sd_spe_other_fluids', 'sd_spe_other_fluids'),

/* DERIVATIVE */
('5', 'ascite cell', 'derivative', 'ASC-C', 'active', 'sd_undetailed_derivatives', NULL),
('6', 'ascite supernatant', 'derivative', 'ASC-S', 'active', 'sd_undetailed_derivatives', NULL),
('7', 'blood cell', 'derivative', 'BLD-C', 'active', 'sd_der_blood_cells', NULL),
('8', 'pbmc', 'derivative', 'PBMC', 'active', 'sd_der_pbmcs', NULL),
('18', 'b cell', 'derivative', 'BC', 'active', 'sd_der_b_cells', NULL),
('9', 'plasma', 'derivative', 'PLS', 'active', 'sd_der_plasmas', 'sd_der_plasmas'),
('10', 'serum', 'derivative', 'SER', 'active', 'sd_der_serums', 'sd_der_serums'),
('11', 'cell culture', 'derivative', 'C-CULT', 'active', 'sd_der_cell_cultures', 'sd_der_cell_cultures'),
('12', 'dna', 'derivative', 'DNA', 'active', 'sd_undetailed_derivatives', NULL),
('13', 'rna', 'derivative', 'RNA', 'active', 'sd_undetailed_derivatives', NULL),
('14', 'concentrated urine', 'derivative', 'CONC-U', 'active', 'sd_undetailed_derivatives', NULL),
('15', 'centrifuged urine', 'derivative', 'CENT-U', 'active', 'sd_undetailed_derivatives', NULL),
('16', 'amplified dna', 'derivative', 'AMP-DNA', 'inactive', 'sd_undetailed_derivatives', NULL),
('17', 'amplified rna', 'derivative', 'AMP-RNA', 'active', 'sd_undetailed_derivatives', NULL),
('101', 'tissue lysate', 'derivative', 'T-LYS', 'active', 'sd_undetailed_derivatives', NULL),
('102', 'tissue suspension', 'derivative', 'T-SUSP', 'active', 'sd_undetailed_derivatives', NULL),
('106', 'peritoneal wash cell', 'derivative', 'PW-C', 'active', 'sd_undetailed_derivatives', NULL),
('107', 'peritoneal wash supernatant', 'derivative', 'PW-S', 'active', 'sd_undetailed_derivatives', NULL),
('108', 'cystic fluid cell', 'derivative', 'CF-C', 'active', 'sd_undetailed_derivatives', NULL),
('109', 'cystic fluid supernatant', 'derivative', 'CF-S', 'active', 'sd_undetailed_derivatives', NULL),
('110', 'other fluid cell', 'derivative', 'OF-C', 'active', 'sd_undetailed_derivatives', NULL),
('111', 'other fluid supernatant', 'derivative', 'OF-S', 'active', 'sd_undetailed_derivatives', NULL);

-- 
-- Table - `derived_sample_links`
-- 

-- Action: DELETE
-- Comments: For Sample

DELETE FROM `derived_sample_links`;

-- Action: INSERT
-- Comments: For Sample

INSERT INTO `derived_sample_links` ( `id` , `source_sample_control_id` , `derived_sample_control_id` , `status` )
VALUES 
/* SPECIMEN */
/* ascite */
('1', '1', '5', 'active'),			/* ascite cells */
('2', '1', '6', 'active'),			/* ascite supernatant */
-- ('24', '1', '11', 'active'),		/* cell culture */
/* blood */
('3', '2', '7', 'active'),			/* blood cells */
('4', '2', '8', 'active'),			/* pbmc (white cells) */
('5', '2', '9', 'active'),			/* plasma */
('6', '2', '10', 'active'),			/* serum */
('24', '2', '12', 'active'),		/* dna (when extraction is done from whatman paper) */
('25', '2', '18', 'active'),		/* b cells */
/* tissue */
('7', '3', '11', 'active'),			/* cell culture */
('8', '3', '12', 'active'),			/* dna */
('9', '3', '13', 'active'),			/* rna */
('101', '3', '101', 'active'),		/* tissue lysate */
('102', '3', '102', 'active'),		/* tissue suspension */
/* urine */
('10', '4', '14', 'active'),		/* concentrated urine */
('11', '4', '15', 'active'),		/* centrifuged urine */
/* peritoneal wash */
('103', '103', '106', 'active'),	/* peritoneal wash cell */
('104', '103', '107', 'active'),	/* peritoneal wash supernatant */
/* cystic fluid */
('105', '104', '108', 'active'),	/* cystic fluid cell */
('106', '104', '109', 'active'),	/* cystic fluid supernatant */
/* other fluid */
('107', '105', '110', 'active'),	/* other fluid cell */
('108', '105', '111', 'active'),	/* other fluid supernatant */

/* DERIVATIVE */
/* ascite cells */
('12', '5', '11', 'active'),		/* cell culture */
('13', '5', '12', 'active'),		/* dna */
('14', '5', '13', 'active'),		/* rna */
/* blood cells */
('15', '7', '12', 'active'),		/* dna */
('16', '7', '13', 'active'),		/* rna */
/* pbmc (white cells) */
('17', '8', '12', 'active'),		/* dna */
('18', '8', '13', 'active'),		/* rna */
/* peritoneal wash cells */
('109', '106', '11', 'active'),		/* cell culture */
('110', '106', '12', 'active'),		/* dna */
('111', '106', '13', 'active'),		/* rna */
/* cystic fluid cells */
('112', '108', '11', 'active'),		/* cell culture */
('113', '108', '12', 'active'),		/* dna */
('114', '108', '13', 'active'),		/* */
/* other fluid cells */
('115', '110', '11', 'active'),		/* cell culture */
('116', '110', '12', 'active'),		/* dna */
('117', '110', '13', 'active'),		/* rna */
/* cell culture */
('19', '11', '11', 'active'),		/* cell culture */
('20', '11', '12', 'active'),		/* dna */
('21', '11', '13', 'active'),		/* rna */
/* dna */
/* rna */
('23', '13', '17', 'active');		/* amplified rna */

-- 
-- Table - `global_lookups`
-- 

-- Action: DELETE
-- Comments: For Sample Master

DELETE FROM `global_lookups` 
WHERE `alias` IN ('sample_type', 'sample_category');

-- Action: INSERT
-- Comments: For Sample

INSERT INTO `global_lookups` 
( `id` , `alias` , `section` , `subsection` , `value` , `language_choice` , `display_order` , `active` ,
`created` , `created_by` , `modified` , `modified_by` )
VALUES 
(NULL , 'sample_type', NULL , NULL , 'ascite', 'ascite', '1', 'yes', NULL , NULL , NULL , NULL),
(NULL , 'sample_type', NULL , NULL , 'blood', 'blood', '2', 'yes', NULL , NULL , NULL , NULL),
(NULL , 'sample_type', NULL , NULL , 'tissue', 'tissue', '3', 'yes', NULL , NULL , NULL , NULL),
(NULL , 'sample_type', NULL , NULL , 'urine', 'urine', '4', 'yes', NULL , NULL , NULL , NULL),
(NULL , 'sample_type', NULL , NULL , 'ascite cell', 'ascite cell', '5', 'yes', NULL , NULL , NULL , NULL),
(NULL , 'sample_type', NULL , NULL , 'ascite supernatant', 'ascite supernatant', '6', 'yes', NULL , NULL , NULL , NULL),
(NULL , 'sample_type', NULL , NULL , 'blood cell', 'blood cell', '7', 'yes', NULL , NULL , NULL , NULL),
(NULL , 'sample_type', NULL , NULL , 'b cell', 'b cell', '7', 'yes', NULL , NULL , NULL , NULL),
(NULL , 'sample_type', NULL , NULL , 'pbmc', 'pbmc', '8', 'yes', NULL , NULL , NULL , NULL),
(NULL , 'sample_type', NULL , NULL , 'plasma', 'plasma', '9', 'yes', NULL , NULL , NULL , NULL),
(NULL , 'sample_type', NULL , NULL , 'serum', 'serum', '10', 'yes', NULL , NULL , NULL , NULL),
(NULL , 'sample_type', NULL , NULL , 'cell culture', 'cell culture', '11', 'yes', NULL , NULL , NULL , NULL),
(NULL , 'sample_type', NULL , NULL , 'dna', 'dna', '12', 'yes', NULL , NULL , NULL , NULL),
(NULL , 'sample_type', NULL , NULL , 'rna', 'rna', '13', 'yes', NULL , NULL , NULL , NULL),
(NULL , 'sample_type', NULL , NULL , 'concentrated urine', 'concentrated urine', '14', 'yes', NULL , NULL , NULL , NULL),
(NULL , 'sample_type', NULL , NULL , 'centrifuged urine', 'centrifuged urine', '15', 'yes', NULL , NULL , NULL , NULL),
(NULL , 'sample_type', NULL , NULL , 'amplified dna', 'amplified dna', '16', 'yes', NULL , NULL , NULL , NULL),
(NULL , 'sample_type', NULL , NULL , 'amplified rna', 'amplified rna', '17', 'yes', NULL , NULL , NULL , NULL),
(NULL , 'sample_type', NULL , NULL , 'peritoneal wash', 'peritoneal wash', '18', 'yes', NULL , NULL , NULL , NULL),
(NULL , 'sample_type', NULL , NULL , 'cystic fluid', 'cystic fluid', '19', 'yes', NULL , NULL , NULL , NULL),
(NULL , 'sample_type', NULL , NULL , 'other fluid', 'other fluid', '20', 'yes', NULL , NULL , NULL , NULL),
(NULL , 'sample_type', NULL , NULL , 'tissue lysate', 'tissue lysate', '21', 'yes', NULL , NULL , NULL , NULL),
(NULL , 'sample_type', NULL , NULL , 'tissue suspension', 'tissue suspension', '22', 'yes', NULL , NULL , NULL , NULL),
(NULL , 'sample_type', NULL , NULL , 'peritoneal wash cell', 'peritoneal wash cell', '23', 'yes', NULL , NULL , NULL , NULL),
(NULL , 'sample_type', NULL , NULL , 'peritoneal wash supernatant', 'peritoneal wash supernatant', '24', 'yes', NULL , NULL , NULL , NULL),
(NULL , 'sample_type', NULL , NULL , 'cystic fluid cell', 'cystic fluid cell', '25', 'yes', NULL , NULL , NULL , NULL),
(NULL , 'sample_type', NULL , NULL , 'cystic fluid supernatant', 'cystic fluid supernatant', '26', 'yes', NULL , NULL , NULL , NULL),
(NULL , 'sample_type', NULL , NULL , 'other fluid cell', 'other fluid cell', '27', 'yes', NULL , NULL , NULL , NULL),
(NULL , 'sample_type', NULL , NULL , 'other fluid supernatant', 'other fluid supernatant', '28', 'yes', NULL , NULL , NULL , NULL),

(NULL , 'sample_category', NULL , NULL , 'specimen', 'specimen', '1', 'yes', NULL , NULL , NULL , NULL),
(NULL , 'sample_category', NULL , NULL , 'derivative', 'derivative', '2', 'yes', NULL , NULL , NULL , NULL);

-- 
-- Table - `form_fields_global_lookups`
-- 

-- Action: DELETE
-- Comments: For Sample Master

DELETE FROM `form_fields_global_lookups` 
WHERE `field_id` IN ('CAN-999-999-000-999-1018', 'CAN-999-999-000-999-1027',
'CAN-999-999-000-999-1222');

-- Action: INSERT
-- Comments: For Sample

INSERT INTO `form_fields_global_lookups` 
( `field_id` , `lookup_id`)
VALUES 
('CAN-999-999-000-999-1018', (SELECT `id` FROM `global_lookups` WHERE `alias` LIKE 'sample_type' AND `value` like 'ascite')), 
('CAN-999-999-000-999-1018', (SELECT `id` FROM `global_lookups` WHERE `alias` LIKE 'sample_type' AND `value` like 'blood')), 
('CAN-999-999-000-999-1018', (SELECT `id` FROM `global_lookups` WHERE `alias` LIKE 'sample_type' AND `value` like 'tissue')), 
('CAN-999-999-000-999-1018', (SELECT `id` FROM `global_lookups` WHERE `alias` LIKE 'sample_type' AND `value` like 'urine')), 
('CAN-999-999-000-999-1018', (SELECT `id` FROM `global_lookups` WHERE `alias` LIKE 'sample_type' AND `value` like 'peritoneal wash')),
('CAN-999-999-000-999-1018', (SELECT `id` FROM `global_lookups` WHERE `alias` LIKE 'sample_type' AND `value` like 'cystic fluid')),
('CAN-999-999-000-999-1018', (SELECT `id` FROM `global_lookups` WHERE `alias` LIKE 'sample_type' AND `value` like 'other fluid')),

('CAN-999-999-000-999-1018', (SELECT `id` FROM `global_lookups` WHERE `alias` LIKE 'sample_type' AND `value` like 'ascite cell')), 
('CAN-999-999-000-999-1018', (SELECT `id` FROM `global_lookups` WHERE `alias` LIKE 'sample_type' AND `value` like 'ascite supernatant')), 
('CAN-999-999-000-999-1018', (SELECT `id` FROM `global_lookups` WHERE `alias` LIKE 'sample_type' AND `value` like 'blood cell')), 
('CAN-999-999-000-999-1018', (SELECT `id` FROM `global_lookups` WHERE `alias` LIKE 'sample_type' AND `value` like 'pbmc')), 
('CAN-999-999-000-999-1018', (SELECT `id` FROM `global_lookups` WHERE `alias` LIKE 'sample_type' AND `value` like 'b cell')), 
('CAN-999-999-000-999-1018', (SELECT `id` FROM `global_lookups` WHERE `alias` LIKE 'sample_type' AND `value` like 'plasma')), 
('CAN-999-999-000-999-1018', (SELECT `id` FROM `global_lookups` WHERE `alias` LIKE 'sample_type' AND `value` like 'serum')), 
('CAN-999-999-000-999-1018', (SELECT `id` FROM `global_lookups` WHERE `alias` LIKE 'sample_type' AND `value` like 'cell culture')), 
('CAN-999-999-000-999-1018', (SELECT `id` FROM `global_lookups` WHERE `alias` LIKE 'sample_type' AND `value` like 'dna')), 
('CAN-999-999-000-999-1018', (SELECT `id` FROM `global_lookups` WHERE `alias` LIKE 'sample_type' AND `value` like 'rna')), 
('CAN-999-999-000-999-1018', (SELECT `id` FROM `global_lookups` WHERE `alias` LIKE 'sample_type' AND `value` like 'concentrated urine')), 
('CAN-999-999-000-999-1018', (SELECT `id` FROM `global_lookups` WHERE `alias` LIKE 'sample_type' AND `value` like 'centrifuged urine')), 
('CAN-999-999-000-999-1018', (SELECT `id` FROM `global_lookups` WHERE `alias` LIKE 'sample_type' AND `value` like 'amplified dna')), 
('CAN-999-999-000-999-1018', (SELECT `id` FROM `global_lookups` WHERE `alias` LIKE 'sample_type' AND `value` like 'amplified rna')),
('CAN-999-999-000-999-1018', (SELECT `id` FROM `global_lookups` WHERE `alias` LIKE 'sample_type' AND `value` like 'tissue lysate')),
('CAN-999-999-000-999-1018', (SELECT `id` FROM `global_lookups` WHERE `alias` LIKE 'sample_type' AND `value` like 'tissue suspension')),
('CAN-999-999-000-999-1018', (SELECT `id` FROM `global_lookups` WHERE `alias` LIKE 'sample_type' AND `value` like 'peritoneal wash cell')),
('CAN-999-999-000-999-1018', (SELECT `id` FROM `global_lookups` WHERE `alias` LIKE 'sample_type' AND `value` like 'peritoneal wash supernatant')),
('CAN-999-999-000-999-1018', (SELECT `id` FROM `global_lookups` WHERE `alias` LIKE 'sample_type' AND `value` like 'cystic fluid cell')),
('CAN-999-999-000-999-1018', (SELECT `id` FROM `global_lookups` WHERE `alias` LIKE 'sample_type' AND `value` like 'cystic fluid supernatant')),
('CAN-999-999-000-999-1018', (SELECT `id` FROM `global_lookups` WHERE `alias` LIKE 'sample_type' AND `value` like 'other fluid cell')),
('CAN-999-999-000-999-1018', (SELECT `id` FROM `global_lookups` WHERE `alias` LIKE 'sample_type' AND `value` like 'other fluid supernatant')),

('CAN-999-999-000-999-1222', (SELECT `id` FROM `global_lookups` WHERE `alias` LIKE 'sample_type' AND `value` like 'ascite')), 
('CAN-999-999-000-999-1222', (SELECT `id` FROM `global_lookups` WHERE `alias` LIKE 'sample_type' AND `value` like 'blood')), 
('CAN-999-999-000-999-1222', (SELECT `id` FROM `global_lookups` WHERE `alias` LIKE 'sample_type' AND `value` like 'tissue')), 
('CAN-999-999-000-999-1222', (SELECT `id` FROM `global_lookups` WHERE `alias` LIKE 'sample_type' AND `value` like 'urine')), 
('CAN-999-999-000-999-1222', (SELECT `id` FROM `global_lookups` WHERE `alias` LIKE 'sample_type' AND `value` like 'peritoneal wash')),
('CAN-999-999-000-999-1222', (SELECT `id` FROM `global_lookups` WHERE `alias` LIKE 'sample_type' AND `value` like 'cystic fluid')),
('CAN-999-999-000-999-1222', (SELECT `id` FROM `global_lookups` WHERE `alias` LIKE 'sample_type' AND `value` like 'other fluid')),

('CAN-999-999-000-999-1027', (SELECT `id` FROM `global_lookups` WHERE `alias` LIKE 'sample_category' AND `value` like 'specimen')), 
('CAN-999-999-000-999-1027', (SELECT `id` FROM `global_lookups` WHERE `alias` LIKE 'sample_category' AND `value` like 'derivative'));

-- ---------------------------------------------------------------------
-- ALIQUOT
-- ---------------------------------------------------------------------

-- 
-- Table - `aliquot_controls`
-- 

-- Action: DELETE
-- Comments: For Aliquot

DELETE FROM `aliquot_controls`;

-- Action: INSERT
-- Comments: For Aliquot
--           - Leave detail_tablename to NULL if there is no aliquot details table 
--           for the studied aliquot. 
--           - Leave volume_unit to NULL if there is no volume unit to track
--           for the studied aliquot. 

INSERT INTO `aliquot_controls` ( `id` , `aliquot_type` , `status` , `form_alias` , `detail_tablename`,  `volume_unit`)
VALUES 
/* Aliquots for specimen sample */
('1', 'tube', 'active', 'ad_spec_tubes', 'ad_tubes', NULL),
('2', 'tube', 'active', 'ad_spec_tubes_incl_ml_vol', 'ad_tubes', 'ml'),

('3', 'bag', 'active', 'ad_undetailled_spec_aliquots', NULL, NULL),

('4', 'block', 'active', 'ad_spec_tiss_blocks', 'ad_blocks', NULL),

('5', 'tissue slide', 'active', 'ad_spec_tiss_slides', 'ad_tissue_slides', NULL),
('12', 'tissue core', 'active', 'ad_spec_tiss_cores', 'ad_tissue_cores', NULL),

('6', 'whatman paper', 'active', 'ad_spec_whatman_papers', 'ad_whatman_papers', NULL),

/* Aliquots for derivative sample */
('7', 'tube', 'active', 'ad_der_tubes', 'ad_tubes', NULL),
('8', 'tube', 'active', 'ad_der_tubes_incl_ml_vol', 'ad_tubes', 'ml'),
('9', 'tube', 'active', 'ad_der_tubes_incl_ml_vol_and_conc', 'ad_tubes', 'ml'),
('11', 'tube', 'active', 'ad_der_tubes_incl_ul_vol_and_conc', 'ad_tubes', 'ul'),

('13', 'cell gel matrix', 'active', 'ad_der_cel_gel_matrices', 'ad_gel_matrices', NULL),
('14', 'cell core', 'active', 'ad_der_cell_cores', 'ad_cell_cores', NULL),
('15', 'tube', 'active', 'ad_der_cell_tubes_incl_ml_vol', 'ad_cell_tubes', 'ml'),
('10', 'cell slide', 'active', 'ad_der_cell_slides', 'ad_cell_slides', NULL);

-- 
-- Table - `sample_aliquot_control_links`
-- 

-- Action: DELETE
-- Comments: For Aliquot

DELETE FROM `sample_aliquot_control_links`;

-- Action: INSERT
-- Comments: For Aliquot

INSERT INTO `sample_aliquot_control_links` ( `id` , `sample_control_id` , `aliquot_control_id` , `status` )
VALUES 
/* SPECIMEN */
/* ascite */
('1', '1', '2', 'active'),		/* specimen tube including volume */
/* blood */
('2', '2', '2', 'active'),		/* specimen tube including volume */
('3', '2', '6', 'active'),		/* whatman paper */
/* tissue */
('4', '3', '1', 'active'),		/* specimen tube */
('5', '3', '3', 'active'),		/* specimen bag */
('7', '3', '4', 'active'),		/* specimen tissue block */
('8', '3', '5', 'active'),		/* specimen tissue slide */
('41', '3', '12', 'active'),	/* specimen tissue core */
/* urine */
('9', '4', '2', 'active'),		/* specimen tube including volume */
/* peritoneal wash */
('30', '103', '2', 'active'),		/* specimen tube including volume */
/* cystic fluid */
('31', '104', '2', 'active'),		/* specimen tube including volume */
/* other fluid */
('32', '105', '2', 'active'),		/* specimen tube including volume */

/* DERIVATIVE */
/* ascite cells */
('10', '5', '8', 'active'),		/* derivative tube including volume */
/* ascite supernatant */
('11', '6', '8', 'active'),		/* derivative tube including volume */
/* centrifuged urine */
('12', '15', '8', 'active'),	/* derivative tube including volume */
/* concentrated urine */
('13', '14', '8', 'active'),	/* derivative tube including volume */
/* blood cells */
('14', '7', '15', 'active'),		/* cell tube incl ml vol */
/* pbmc (white cells) */
('15', '8', '15', 'active'),		/* cell tube incl ml vol */
/* b cells */
('43', '18', '13', 'active'),		/* cell gel matrix */
('42', '18', '14', 'active'),		/* cell core */
('44', '18', '15', 'active'),		/* cell tube incl ml vol */
/* plasma */
('16', '9', '8', 'active'),		/* derivative tube including volume */
/* serum */
('17', '10', '8', 'active'),	/* derivative tube including volume */
/* dna */
('18', '12', '11', 'active'),	/* derivative tube including volume (in ul) and conc */
/* rna */
('19', '13', '11', 'active'),	/* derivative tube including volume (in ul) and conc */
/* amplified dna */
('20', '16', '11', 'active'),	/* derivative tube including volume (in ul) and conc */
/* amplified rna */
('21', '17', '11', 'active'),	/* derivative tube including volume (in ul) and conc */
/* cell culture */
('22', '11', '15', 'active'),	/* cell tube incl ml vol */
('23', '11', '10', 'active'),	/* derivative cell slides */
/* peritoneal wash cell */
('33', '106', '8', 'active'),	/* derivative tube including volume */
/* peritoneal wash supernatant */
('34', '107', '8', 'active'),	/* derivative tube including volume */
/* cystic fluid cell */
('35', '108', '8', 'active'),	/* derivative tube including volume */
/* cystic fluid supernatant */
('36', '109', '8', 'active'),	/* derivative tube including volume */
/* other fluid cell */
('37', '110', '8', 'active'),	/* derivative tube including volume */
/* other fluid supernatant */
('38', '111', '8', 'active'),	/* derivative tube including volume */
/* tissue lysate */
('39', '101', '15', 'active'),	/* cell tube incl ml vol */
/* tissue suspension */
('40', '102', '15', 'active');	/* cell tube incl ml vol */

-- 
-- Table - `forms_form_fields`
-- 

-- Action: DELETE
-- Comments: For Aliquot Master

DELETE FROM `global_lookups`  
WHERE `alias` IN ('aliquot_type');

-- Action: INSERT
-- Comments: For Aliquot Master

INSERT INTO `global_lookups` 
( `id` , `alias` , `section` , `subsection` , `value` , `language_choice` , `display_order` , `active` ,
`created` , `created_by` , `modified` , `modified_by` )
VALUES 
(NULL , 'aliquot_type', NULL , NULL , 'block', 'block', '1', 'yes', NULL , NULL , NULL , NULL),
(NULL , 'aliquot_type', NULL , NULL , 'tube', 'tube', '2', 'yes', NULL , NULL , NULL , NULL),
(NULL , 'aliquot_type', NULL , NULL , 'cell slide', 'cell slide', '3', 'yes', NULL , NULL , NULL , NULL),
(NULL , 'aliquot_type', NULL , NULL , 'cell gel matrix', 'cell gel matrix', '3', 'yes', NULL , NULL , NULL , NULL),
(NULL , 'aliquot_type', NULL , NULL , 'cell core', 'cell core', '3', 'yes', NULL , NULL , NULL , NULL),
(NULL , 'aliquot_type', NULL , NULL , 'cell tube', 'cell tube', '3', 'yes', NULL , NULL , NULL , NULL),
(NULL , 'aliquot_type', NULL , NULL , 'bag', 'bag', '4', 'yes', NULL , NULL , NULL , NULL),
(NULL , 'aliquot_type', NULL , NULL , 'whatman paper', 'whatman paper', '5', 'yes', NULL , NULL , NULL , NULL),
(NULL , 'aliquot_type', NULL , NULL , 'tissue slide', 'tissue slide', '6', 'yes', NULL , NULL , NULL , NULL),
(NULL , 'aliquot_type', NULL , NULL , 'tissue core', 'tissue core', '7', 'yes', NULL , NULL , NULL , NULL);

-- 
-- Table - `forms_form_fields`
-- 

-- Action: DELETE
-- Comments: For Aliquot Master

DELETE FROM `form_fields_global_lookups`  
WHERE `field_id` IN ('CAN-999-999-000-999-1102');

-- Action: INSERT
-- Comments: For Aliquot Master

INSERT INTO `form_fields_global_lookups` 
( `field_id` , `lookup_id`)
VALUES 
('CAN-999-999-000-999-1102', (SELECT `id` FROM `global_lookups` WHERE `alias` LIKE 'aliquot_type' AND `value` like 'block')),
('CAN-999-999-000-999-1102', (SELECT `id` FROM `global_lookups` WHERE `alias` LIKE 'aliquot_type' AND `value` like 'tube')),
('CAN-999-999-000-999-1102', (SELECT `id` FROM `global_lookups` WHERE `alias` LIKE 'aliquot_type' AND `value` like 'cell slide')),
('CAN-999-999-000-999-1102', (SELECT `id` FROM `global_lookups` WHERE `alias` LIKE 'aliquot_type' AND `value` like 'cell gel matrix')),
('CAN-999-999-000-999-1102', (SELECT `id` FROM `global_lookups` WHERE `alias` LIKE 'aliquot_type' AND `value` like 'cell core')),
('CAN-999-999-000-999-1102', (SELECT `id` FROM `global_lookups` WHERE `alias` LIKE 'aliquot_type' AND `value` like 'cell tube')),
('CAN-999-999-000-999-1102', (SELECT `id` FROM `global_lookups` WHERE `alias` LIKE 'aliquot_type' AND `value` like 'tissue slide')),
('CAN-999-999-000-999-1102', (SELECT `id` FROM `global_lookups` WHERE `alias` LIKE 'aliquot_type' AND `value` like 'bag')),
('CAN-999-999-000-999-1102', (SELECT `id` FROM `global_lookups` WHERE `alias` LIKE 'aliquot_type' AND `value` like 'whatman paper')),
('CAN-999-999-000-999-1102', (SELECT `id` FROM `global_lookups` WHERE `alias` LIKE 'aliquot_type' AND `value` like 'tissue core'));

-- ---------------------------------------------------------------------
--
-- REALIQUOTING: MENU
--
-- ---------------------------------------------------------------------

-- 
-- Table - `menus`
-- 

-- Action: DELETE
-- Comments:

DELETE FROM `menus` 
WHERE `id` IN
(
-- ASCITE
'inv_CAN_22-1-sa_al_re',
'inv_CAN_22-1-der_al_re',

-- BLOOD
'inv_CAN_22-2-sa_al_re',
'inv_CAN_22-2-der_al_re',

-- TISSUE
'inv_CAN_22-3-sa_al_re',
'inv_CAN_22-3-der_al_re',

-- URINE
'inv_CAN_22-4-sa_al_re',
'inv_CAN_22-4-der_al_re',

-- PERITONIAL WASHES
'inv_CAN_22-103-sa_al_re',
'inv_CAN_22-103-der_al_re',

-- CYSTIC FLUID 
'inv_CAN_22-104-sa_al_re',
'inv_CAN_22-104-der_al_re',

-- OTHER FLUID 
'inv_CAN_22-105-sa_al_re',
'inv_CAN_22-105-der_al_re');

-- Action: INSERT
-- a- ASCITE

INSERT INTO `menus` (`id`, `parent_id`, `display_order`, `language_title`, 
`use_link`, `use_param`, 
`created`, `created_by`, `modified`, `modified_by`) 
VALUES 
('inv_CAN_22-1-sa_al_re', 'inv_CAN_22-1-sa_al', 3, 'realiquoted parent', 
'/inventorymanagement/aliquot_masters/listRealiquotedParents/inv_CAN_22-1/tissue/specimen/', 2, 
'0000-00-00 00:00:00', '', '0000-00-00 00:00:00', ''),
('inv_CAN_22-1-der_al_re', 'inv_CAN_22-1-der_al', 3, 'realiquoted parent', 
'/inventorymanagement/aliquot_masters/listRealiquotedParents/inv_CAN_22-1/tissue/derivative/', 2, 
'0000-00-00 00:00:00', '', '0000-00-00 00:00:00', '');

-- b- BLOOD

INSERT INTO `menus` (`id`, `parent_id`, `display_order`, `language_title`, 
`use_link`, `use_param`, 
`created`, `created_by`, `modified`, `modified_by`) 
VALUES 
('inv_CAN_22-2-sa_al_re', 'inv_CAN_22-2-sa_al', 3, 'realiquoted parent', 
'/inventorymanagement/aliquot_masters/listRealiquotedParents/inv_CAN_22-2/tissue/specimen/', 2, 
'0000-00-00 00:00:00', '', '0000-00-00 00:00:00', ''),
('inv_CAN_22-2-der_al_re', 'inv_CAN_22-2-der_al', 3, 'realiquoted parent', 
'/inventorymanagement/aliquot_masters/listRealiquotedParents/inv_CAN_22-2/tissue/derivative/', 2, 
'0000-00-00 00:00:00', '', '0000-00-00 00:00:00', '');

-- c- TISSUE

INSERT INTO `menus` (`id`, `parent_id`, `display_order`, `language_title`, 
`use_link`, `use_param`, 
`created`, `created_by`, `modified`, `modified_by`) 
VALUES 
('inv_CAN_22-3-sa_al_re', 'inv_CAN_22-3-sa_al', 3, 'realiquoted parent', 
'/inventorymanagement/aliquot_masters/listRealiquotedParents/inv_CAN_22-3/tissue/specimen/', 2, 
'0000-00-00 00:00:00', '', '0000-00-00 00:00:00', ''),
('inv_CAN_22-3-der_al_re', 'inv_CAN_22-3-der_al', 3, 'realiquoted parent', 
'/inventorymanagement/aliquot_masters/listRealiquotedParents/inv_CAN_22-3/tissue/derivative/', 2, 
'0000-00-00 00:00:00', '', '0000-00-00 00:00:00', '');

-- d- URINE

INSERT INTO `menus` (`id`, `parent_id`, `display_order`, `language_title`, 
`use_link`, `use_param`, 
`created`, `created_by`, `modified`, `modified_by`) 
VALUES 
('inv_CAN_22-4-sa_al_re', 'inv_CAN_22-4-sa_al', 3, 'realiquoted parent', 
'/inventorymanagement/aliquot_masters/listRealiquotedParents/inv_CAN_22-4/tissue/specimen/', 2, 
'0000-00-00 00:00:00', '', '0000-00-00 00:00:00', ''),
('inv_CAN_22-4-der_al_re', 'inv_CAN_22-4-der_al', 3, 'realiquoted parent', 
'/inventorymanagement/aliquot_masters/listRealiquotedParents/inv_CAN_22-4/tissue/derivative/', 2, 
'0000-00-00 00:00:00', '', '0000-00-00 00:00:00', '');

-- e- PERITONIAL WASHES

INSERT INTO `menus` (`id`, `parent_id`, `display_order`, `language_title`, 
`use_link`, `use_param`, 
`created`, `created_by`, `modified`, `modified_by`) 
VALUES 
('inv_CAN_22-103-sa_al_re', 'inv_CAN_22-103-sa_al', 3, 'realiquoted parent', 
'/inventorymanagement/aliquot_masters/listRealiquotedParents/inv_CAN_22-103/tissue/specimen/', 2, 
'0000-00-00 00:00:00', '', '0000-00-00 00:00:00', ''),
('inv_CAN_22-103-der_al_re', 'inv_CAN_22-103-der_al', 3, 'realiquoted parent', 
'/inventorymanagement/aliquot_masters/listRealiquotedParents/inv_CAN_22-103/tissue/derivative/', 2, 
'0000-00-00 00:00:00', '', '0000-00-00 00:00:00', '');

-- f- CYSTIC FLUID 

INSERT INTO `menus` (`id`, `parent_id`, `display_order`, `language_title`, 
`use_link`, `use_param`, 
`created`, `created_by`, `modified`, `modified_by`) 
VALUES 
('inv_CAN_22-104-sa_al_re', 'inv_CAN_22-104-sa_al', 3, 'realiquoted parent', 
'/inventorymanagement/aliquot_masters/listRealiquotedParents/inv_CAN_22-104/tissue/specimen/', 2, 
'0000-00-00 00:00:00', '', '0000-00-00 00:00:00', ''),
('inv_CAN_22-104-der_al_re', 'inv_CAN_22-104-der_al', 3, 'realiquoted parent', 
'/inventorymanagement/aliquot_masters/listRealiquotedParents/inv_CAN_22-104/tissue/derivative/', 2, 
'0000-00-00 00:00:00', '', '0000-00-00 00:00:00', '');


-- g- OTHER FLUID 

INSERT INTO `menus` (`id`, `parent_id`, `display_order`, `language_title`, 
`use_link`, `use_param`, 
`created`, `created_by`, `modified`, `modified_by`) 
VALUES 
('inv_CAN_22-105-sa_al_re', 'inv_CAN_22-105-sa_al', 3, 'realiquoted parent', 
'/inventorymanagement/aliquot_masters/listRealiquotedParents/inv_CAN_22-105/tissue/specimen/', 2, 
'0000-00-00 00:00:00', '', '0000-00-00 00:00:00', ''),
('inv_CAN_22-105-der_al_re', 'inv_CAN_22-105-der_al', 3, 'realiquoted parent', 
'/inventorymanagement/aliquot_masters/listRealiquotedParents/inv_CAN_22-105/tissue/derivative/', 2, 
'0000-00-00 00:00:00', '', '0000-00-00 00:00:00', '');

-- ---------------------------------------------------------------------
--
-- REALIQUOTING: FORM
--
-- ---------------------------------------------------------------------

-- Realiquoted parent forms

DELETE FROM `forms` WHERE `id` IN ('CAN-999-999-000-999-1069', 'CAN-999-999-000-999-1070');
INSERT INTO `forms` 
(`id`, `alias`, `language_title`, `language_help`, `flag_add_columns`, `flag_edit_columns`, `flag_search_columns`, `flag_detail_columns`, `created`, `created_by`, `modified`, `modified_by`) 
VALUES 
('CAN-999-999-000-999-1069', 'realiquoted_parent_list', '', '', 0, 0, 0, 1, '0000-00-00 00:00:00', '', '0000-00-00 00:00:00', ''),
('CAN-999-999-000-999-1070', 'realiquotable_parent_list', '', '', 0, 0, 0, 1, '0000-00-00 00:00:00', '', '0000-00-00 00:00:00', '');

DELETE FROM `form_fields` WHERE `id` IN ('CAN-999-999-000-999-1265',
'CAN-999-999-000-999-1266', 'CAN-999-999-000-999-1267');
INSERT INTO `form_fields` (`id`, `model`, `field`, `language_label`, `language_tag`, `type`, `setting`, `default`, `language_help`, `created`, `created_by`, `modified`, `modified_by`) 
VALUES 
('CAN-999-999-000-999-1265', 'Realiquoting', 'parent_aliquot_master_id', 'realiquoted parent', '', 'radiolist', '', '', '', '0000-00-00 00:00:00', '', '0000-00-00 00:00:00', ''),
('CAN-999-999-000-999-1266', 'Realiquoting', 'realiquoted_by', 'realiquoted by', '', 'input', 'size=20', '', '', '0000-00-00 00:00:00', '', '0000-00-00 00:00:00', ''),
('CAN-999-999-000-999-1267', 'Realiquoting', 'realiquoted_datetime', 'realiquoting date', '', 'datetime', '', '', '', '0000-00-00 00:00:00', '', '0000-00-00 00:00:00', '');

DELETE FROM `form_validations` WHERE `form_field_id` = 'CAN-999-999-000-999-1265';
INSERT INTO `form_validations` (`id`, `form_field_id`, `expression`, `message`, `created`, `created_by`, `modified`, `modifed_by`) VALUES (NULL, 'CAN-999-999-000-999-1265', '/.+/', 'realiquoted parent selection is required', '0000-00-00 00:00:00', '', '0000-00-00 00:00:00', '');

DELETE FROM `form_formats` WHERE `form_id` = 'CAN-999-999-000-999-1069';
INSERT INTO `form_formats` 
(`id`, `form_id`, `field_id`, `display_column`, `display_order`, 
`language_heading`, `flag_override_label`, `language_label`, `flag_override_tag`, `language_tag`, `flag_override_help`, `language_help`, `flag_override_type`, `type`, `flag_override_setting`, `setting`, `flag_override_default`, `default`, 
`flag_add`, `flag_add_readonly`, `flag_edit`, `flag_edit_readonly`, `flag_search`, `flag_search_readonly`, `flag_datagrid`, `flag_datagrid_readonly`, `flag_index`, `flag_detail`, 
`created`, `created_by`, `modified`, `modified_by`) VALUES 
/* use_recorded_into_table */
-- ('CAN-999-999-000-999-1069_CAN-999-999-000-999-1158', 'CAN-999-999-000-999-1069', 'CAN-999-999-000-999-1158', 0, 0, 
-- '', 0, '', 0, '', 0, '', 0, '', 0, '', 0, '', 
-- 1, 0, 0, 0, 0, 0, 0, 0, 0, 0, '0000-00-00 00:00:00', '', 
-- '0000-00-00 00:00:00', ''),
/* use_details */
-- ('CAN-999-999-000-999-1069_CAN-999-999-000-999-1157', 'CAN-999-999-000-999-1069', 'CAN-999-999-000-999-1157', 0, 0, 
-- '', 0, '', 0, '', 0, '', 0, '', 0, '', 0, '', 
-- 1, 0, 0, 0, 0, 0, 0, 0, 0, 0, '0000-00-00 00:00:00', '', 
-- '0000-00-00 00:00:00', ''),
/* use_definition */
-- ('CAN-999-999-000-999-1069_CAN-999-999-000-999-1156', 'CAN-999-999-000-999-1069', 'CAN-999-999-000-999-1156', 0, 0, 
-- '', 0, '', 0, '', 0, '', 0, '', 0, '', 0, '', 
-- 1, 0, 0, 0, 0, 0, 0, 0, 0, 0, '0000-00-00 00:00:00', '', 
-- '0000-00-00 00:00:00', ''),

/* realiquoted parent */
('CAN-999-999-000-999-1069_CAN-999-999-000-999-1265', 'CAN-999-999-000-999-1069', 'CAN-999-999-000-999-1265', 0, 1, 
'', 0, '', 0, '', 0, '', 0, '', 0, '', 0, '', 
1, 0, 0, 0, 0, 0, 0, 0, 0, 0, '0000-00-00 00:00:00', '', 
'0000-00-00 00:00:00', ''),
/* realiquoted by */
('CAN-999-999-000-999-1069_CAN-999-999-000-999-1266', 'CAN-999-999-000-999-1069', 'CAN-999-999-000-999-1266', 0, 2, 
'', 0, '', 0, '', 0, '', 0, '', 0, '', 0, '', 
1, 0, 0, 0, 0, 0, 0, 0, 1, 0, '0000-00-00 00:00:00', '', 
'0000-00-00 00:00:00', ''),
/* realiquoted datetime */
('CAN-999-999-000-999-1069_CAN-999-999-000-999-1267', 'CAN-999-999-000-999-1069', 'CAN-999-999-000-999-1267', 0, 3, 
'', 0, '', 0, '', 0, '', 0, '', 0, '', 0, '', 
1, 0, 0, 0, 0, 0, 0, 0, 1, 0, '0000-00-00 00:00:00', '', 
'0000-00-00 00:00:00', ''),

/* TO UPDATE PARENT ALIQUOT DATA */
/* status */
('CAN-999-999-000-999-1069_CAN-999-999-000-999-1151', 'CAN-999-999-000-999-1069', 'CAN-999-999-000-999-1151', 0, 6, 
'', 0, '', 0, '', 0, '', 0, '', 0, '', 0, '', 
1, 0, 0, 0, 0, 0, 0, 0, 0, 0, '0000-00-00 00:00:00', '', 
'0000-00-00 00:00:00', ''),
/* generated_field_delete_storage_data */
('CAN-999-999-000-999-1069_CAN-999-999-000-999-1260', 'CAN-999-999-000-999-1069', 'CAN-999-999-000-999-1260', 0, 7, 
'', 0, '', 0, '', 0, '', 0, '', 0, '', 0, '', 
1, 0, 0, 0, 0, 0, 0, 0, 0, 0, '0000-00-00 00:00:00', '', 
'0000-00-00 00:00:00', ''),
/* status reason */
('CAN-999-999-000-999-1069_CAN-999-999-000-999-1152', 'CAN-999-999-000-999-1069', 'CAN-999-999-000-999-1152', 0, 8, 
'', 0, '', 0, '', 0, '', 0, '', 0, '', 0, '', 
1, 0, 0, 0, 0, 0, 0, 0, 0, 0, '0000-00-00 00:00:00', '', 
'0000-00-00 00:00:00', ''),
/* used_volume */
('CAN-999-999-000-999-1069_CAN-999-999-000-999-1153', 'CAN-999-999-000-999-1069', 'CAN-999-999-000-999-1153', 0, 9, 
'', 0, '', 0, '', 0, '', 0, '', 0, '', 0, '', 
1, 0, 0, 0, 0, 0, 0, 0, 1, 0, '0000-00-00 00:00:00', '', 
'0000-00-00 00:00:00', ''),

/* TO DISPLAY PARENT ALIQUOT DATA */
/* barcode */
('CAN-999-999-000-999-1069_CAN-999-999-000-999-1150', 'CAN-999-999-000-999-1069', 'CAN-999-999-000-999-1150', 0, 2, 
'', 0, '', 0, '', 0, '', 0, '', 0, '', 0, '', 
0, 0, 0, 0, 0, 0, 0, 0, 1, 0, '0000-00-00 00:00:00', '', 
'0000-00-00 00:00:00', ''),
/* aliquot type */
('CAN-999-999-000-999-1069_CAN-999-999-000-999-1102', 'CAN-999-999-000-999-1069', 'CAN-999-999-000-999-1102', 0, 5, 
'', 0, '', 0, '', 0, '', 0, '', 0, '', 0, '', 
0, 0, 0, 0, 0, 0, 0, 0, 1, 0, '0000-00-00 00:00:00', '',  
'0000-00-00 00:00:00', ''),
/* volume unit */
('CAN-999-999-000-999-1069_CAN-999-999-000-999-1155', 'CAN-999-999-000-999-1069', 'CAN-999-999-000-999-1155', 0, 10, 
'', 0, '', 0, '', 0, '', 0, '', 0, '', 0, '', 
0, 0, 0, 0, 0, 0, 0, 0, 1, 0, '0000-00-00 00:00:00', '',  
'0000-00-00 00:00:00', '');

DELETE FROM `form_formats` WHERE `form_id` = 'CAN-999-999-000-999-1070';
INSERT INTO `form_formats` 
(`id`, `form_id`, `field_id`, `display_column`, `display_order`, 
`language_heading`, `flag_override_label`, `language_label`, `flag_override_tag`, `language_tag`, `flag_override_help`, `language_help`, `flag_override_type`, `type`, `flag_override_setting`, `setting`, `flag_override_default`, `default`, 
`flag_add`, `flag_add_readonly`, `flag_edit`, `flag_edit_readonly`, `flag_search`, `flag_search_readonly`, `flag_datagrid`, `flag_datagrid_readonly`, `flag_index`, `flag_detail`, 
`created`, `created_by`, `modified`, `modified_by`) VALUES 
/* TO DISPLAY AVAILABLE PARENT ALIQUOT DATA */
/* barcode */
('CAN-999-999-000-999-1070_CAN-999-999-000-999-1150', 'CAN-999-999-000-999-1070', 'CAN-999-999-000-999-1150', 0, 2, 
'', 0, '', 0, '', 0, '', 0, '', 0, '', 0, '', 
0, 0, 0, 0, 0, 0, 0, 0, 1, 0, '0000-00-00 00:00:00', '', 
'0000-00-00 00:00:00', ''),
/* aliquot type */
('CAN-999-999-000-999-1070_CAN-999-999-000-999-1102', 'CAN-999-999-000-999-1070', 'CAN-999-999-000-999-1102', 0, 5, 
'', 0, '', 0, '', 0, '', 0, '', 0, '', 0, '', 
0, 0, 0, 0, 0, 0, 0, 0, 1, 0, '0000-00-00 00:00:00', '',  
'0000-00-00 00:00:00', ''),
/* current_volume */
('CAN-999-999-000-999-1070_CAN-999-999-000-999-1154', 'CAN-999-999-000-999-1070', 'CAN-999-999-000-999-1154', 0, 9, 
'', 0, '', 0, '', 0, '', 0, '', 0, '', 0, '', 
0, 0, 0, 0, 0, 0, 0, 0, 1, 0, '0000-00-00 00:00:00', '', 
'0000-00-00 00:00:00', ''),
/* volume unit */
('CAN-999-999-000-999-1070_CAN-999-999-000-999-1155', 'CAN-999-999-000-999-1070', 'CAN-999-999-000-999-1155', 0, 10, 
'', 0, '', 0, '', 0, '', 0, '', 0, '', 0, '', 
0, 0, 0, 0, 0, 0, 0, 0, 1, 0, '0000-00-00 00:00:00', '',  
'0000-00-00 00:00:00', '');

-- Aliquot Master

DELETE FROM `form_fields` WHERE `id` = 'CAN-999-999-000-999-1268';
INSERT INTO `form_fields` (`id`, `model`, `field`, `language_label`, `language_tag`, `type`, `setting`, `default`, `language_help`, `created`, `created_by`, `modified`, `modified_by`) VALUES 
('CAN-999-999-000-999-1268', 'Generated', 'realiquoting_data', 'realiquoting', '', 'select', '', '', '', '0000-00-00 00:00:00', '', '0000-00-00 00:00:00', '');

DELETE FROM `global_lookups`  WHERE `alias` = 'realiquoting_data';
INSERT INTO `global_lookups` (`id`, `alias`, `section`, `subsection`, `value`, `language_choice`, `display_order`, `active`, `created`, `created_by`, `modified`, `modified_by`) VALUES 
(NULL, 'realiquoting_data', NULL, NULL, 'parent', 'parent', 1, 'yes', NULL, NULL, NULL, NULL),
(NULL, 'realiquoting_data', NULL, NULL, 'n/a', 'n/a', 2, 'yes', NULL, NULL, NULL, NULL),
(NULL, 'realiquoting_data', NULL, NULL, 'child', 'child', 2, 'yes', NULL, NULL, NULL, NULL),
(NULL, 'realiquoting_data', NULL, NULL, 'parent/child', 'parent/child', 2, 'yes', NULL, NULL, NULL, NULL);

DELETE FROM `form_fields_global_lookups` WHERE `field_id` IN ('CAN-999-999-000-999-1268');
INSERT INTO `form_fields_global_lookups` ( `field_id` , `lookup_id`)
VALUES 
('CAN-999-999-000-999-1268', (SELECT `id` FROM `global_lookups` WHERE `alias` LIKE 'realiquoting_data' AND `value` like 'parent')), 
('CAN-999-999-000-999-1268', (SELECT `id` FROM `global_lookups` WHERE `alias` LIKE 'realiquoting_data' AND `value` like 'n/a')), 
('CAN-999-999-000-999-1268', (SELECT `id` FROM `global_lookups` WHERE `alias` LIKE 'realiquoting_data' AND `value` like 'child')), 
('CAN-999-999-000-999-1268', (SELECT `id` FROM `global_lookups` WHERE `alias` LIKE 'realiquoting_data' AND `value` like 'parent/child'));

DELETE FROM `form_formats` WHERE `id` = 'CAN-999-999-000-999-1020_CAN-999-999-000-999-1268';
INSERT INTO `form_formats` (`id`, `form_id`, `field_id`, `display_column`, `display_order`, `language_heading`, `flag_override_label`, `language_label`, `flag_override_tag`, `language_tag`, `flag_override_help`, `language_help`, `flag_override_type`, `type`, `flag_override_setting`, `setting`, `flag_override_default`, `default`, `flag_add`, `flag_add_readonly`, `flag_edit`, `flag_edit_readonly`, `flag_search`, `flag_search_readonly`, `flag_datagrid`, `flag_datagrid_readonly`, `flag_index`, `flag_detail`, `created`, `created_by`, `modified`, `modified_by`) VALUES 
('CAN-999-999-000-999-1020_CAN-999-999-000-999-1268', 'CAN-999-999-000-999-1020', 'CAN-999-999-000-999-1268', 0, 9, '', 0, '', 0, '', 0, '', 0, '', 0, '', 0, '', 0, 1, 0, 1, 0, 1, 0, 1, 1, 1, '0000-00-00 00:00:00', '', '0000-00-00 00:00:00', '');

-- ---------------------------------------------------------------------
-- 
-- QC TESTED ALIQUOT MENU
-- 
-- ---------------------------------------------------------------------
 
-- 
-- Table - `menus`
-- 

-- Action: DELETE
-- Comments:

DELETE FROM `menus` 
WHERE `id` IN
(
-- ASCITE
'inv_CAN_22-1-sa_qc_de',
'inv_CAN_22-1-sa_qc_al',
'inv_CAN_22-1-der_qc_de',
'inv_CAN_22-1-der_qc_al',

-- BLOOD
'inv_CAN_22-2-sa_qc_de',
'inv_CAN_22-2-sa_qc_al',
'inv_CAN_22-2-der_qc_de',
'inv_CAN_22-2-der_qc_al',

-- TISSUE
'inv_CAN_22-3-sa_qc_de',
'inv_CAN_22-3-sa_qc_al',
'inv_CAN_22-3-der_qc_de',
'inv_CAN_22-3-der_qc_al',

-- URINE
'inv_CAN_22-4-sa_qc_de',
'inv_CAN_22-4-sa_qc_al',
'inv_CAN_22-4-der_qc_de',
'inv_CAN_22-4-der_qc_al',

-- PERITONIAL WASHES
'inv_CAN_22-103-sa_qc_de',
'inv_CAN_22-103-sa_qc_al',
'inv_CAN_22-103-der_qc_de',
'inv_CAN_22-103-der_qc_al',

-- CYSTIC FLUID 
'inv_CAN_22-104-sa_qc_de',
'inv_CAN_22-104-sa_qc_al',
'inv_CAN_22-104-der_qc_de',
'inv_CAN_22-104-der_qc_al',

-- OTHER FLUID 
'inv_CAN_22-105-sa_qc_de',
'inv_CAN_22-105-sa_qc_al',
'inv_CAN_22-105-der_qc_de',
'inv_CAN_22-105-der_qc_al');

-- Action: INSERT
-- a- ASCITE

INSERT INTO `menus` (`id`, `parent_id`, `display_order`, `language_title`, 
`use_link`, `use_param`, 
`created`, `created_by`, `modified`, `modified_by`) 
VALUES 
('inv_CAN_22-1-sa_qc_de', 'inv_CAN_22-1-sa_qc', 2, 'qc_details', 
'/inventorymanagement/quality_controls/detail/inv_CAN_22-1/tissue/specimen/', 2, 
'0000-00-00 00:00:00', '', '0000-00-00 00:00:00', ''),
('inv_CAN_22-1-sa_qc_al', 'inv_CAN_22-1-sa_qc', 3, 'qc_tested_aliquots', 
'/inventorymanagement/quality_controls/listTestedAliquots/inv_CAN_22-1/tissue/specimen/', 2, 
'0000-00-00 00:00:00', '', '0000-00-00 00:00:00', '');

INSERT INTO `menus` (`id`, `parent_id`, `display_order`, `language_title`, 
`use_link`, `use_param`, 
`created`, `created_by`, `modified`, `modified_by`) 
VALUES 
('inv_CAN_22-1-der_qc_de', 'inv_CAN_22-1-der_qc', 2, 'qc_details', 
'/inventorymanagement/quality_controls/detail/inv_CAN_22-105/tissue/derivative/', 2, 
'0000-00-00 00:00:00', '', '0000-00-00 00:00:00', ''),
('inv_CAN_22-1-der_qc_al', 'inv_CAN_22-1-der_qc', 3, 'qc_tested_aliquots', 
'/inventorymanagement/quality_controls/listTestedAliquots/inv_CAN_22-1/tissue/derivative/', 2, 
'0000-00-00 00:00:00', '', '0000-00-00 00:00:00', '');

-- b- BLOOD

INSERT INTO `menus` (`id`, `parent_id`, `display_order`, `language_title`, 
`use_link`, `use_param`, 
`created`, `created_by`, `modified`, `modified_by`) 
VALUES 
('inv_CAN_22-2-sa_qc_de', 'inv_CAN_22-2-sa_qc', 2, 'qc_details', 
'/inventorymanagement/quality_controls/detail/inv_CAN_22-2/tissue/specimen/', 2, 
'0000-00-00 00:00:00', '', '0000-00-00 00:00:00', ''),
('inv_CAN_22-2-sa_qc_al', 'inv_CAN_22-2-sa_qc', 3, 'qc_tested_aliquots', 
'/inventorymanagement/quality_controls/listTestedAliquots/inv_CAN_22-2/tissue/specimen/', 2, 
'0000-00-00 00:00:00', '', '0000-00-00 00:00:00', '');

INSERT INTO `menus` (`id`, `parent_id`, `display_order`, `language_title`, 
`use_link`, `use_param`, 
`created`, `created_by`, `modified`, `modified_by`) 
VALUES 
('inv_CAN_22-2-der_qc_de', 'inv_CAN_22-2-der_qc', 2, 'qc_details', 
'/inventorymanagement/quality_controls/detail/inv_CAN_22-105/tissue/derivative/', 2, 
'0000-00-00 00:00:00', '', '0000-00-00 00:00:00', ''),
('inv_CAN_22-2-der_qc_al', 'inv_CAN_22-2-der_qc', 3, 'qc_tested_aliquots', 
'/inventorymanagement/quality_controls/listTestedAliquots/inv_CAN_22-2/tissue/derivative/', 2, 
'0000-00-00 00:00:00', '', '0000-00-00 00:00:00', '');

-- c- TISSUE

INSERT INTO `menus` (`id`, `parent_id`, `display_order`, `language_title`, 
`use_link`, `use_param`, 
`created`, `created_by`, `modified`, `modified_by`) 
VALUES 
('inv_CAN_22-3-sa_qc_de', 'inv_CAN_22-3-sa_qc', 2, 'qc_details', 
'/inventorymanagement/quality_controls/detail/inv_CAN_22-3/tissue/specimen/', 2, 
'0000-00-00 00:00:00', '', '0000-00-00 00:00:00', ''),
('inv_CAN_22-3-sa_qc_al', 'inv_CAN_22-3-sa_qc', 3, 'qc_tested_aliquots', 
'/inventorymanagement/quality_controls/listTestedAliquots/inv_CAN_22-3/tissue/specimen/', 2, 
'0000-00-00 00:00:00', '', '0000-00-00 00:00:00', '');

INSERT INTO `menus` (`id`, `parent_id`, `display_order`, `language_title`, 
`use_link`, `use_param`, 
`created`, `created_by`, `modified`, `modified_by`) 
VALUES 
('inv_CAN_22-3-der_qc_de', 'inv_CAN_22-3-der_qc', 2, 'qc_details', 
'/inventorymanagement/quality_controls/detail/inv_CAN_22-105/tissue/derivative/', 2, 
'0000-00-00 00:00:00', '', '0000-00-00 00:00:00', ''),
('inv_CAN_22-3-der_qc_al', 'inv_CAN_22-3-der_qc', 3, 'qc_tested_aliquots', 
'/inventorymanagement/quality_controls/listTestedAliquots/inv_CAN_22-3/tissue/derivative/', 2, 
'0000-00-00 00:00:00', '', '0000-00-00 00:00:00', '');

-- d- URINE

INSERT INTO `menus` (`id`, `parent_id`, `display_order`, `language_title`, 
`use_link`, `use_param`, 
`created`, `created_by`, `modified`, `modified_by`) 
VALUES 
('inv_CAN_22-4-sa_qc_de', 'inv_CAN_22-4-sa_qc', 2, 'qc_details', 
'/inventorymanagement/quality_controls/detail/inv_CAN_22-4/tissue/specimen/', 2, 
'0000-00-00 00:00:00', '', '0000-00-00 00:00:00', ''),
('inv_CAN_22-4-sa_qc_al', 'inv_CAN_22-4-sa_qc', 3, 'qc_tested_aliquots', 
'/inventorymanagement/quality_controls/listTestedAliquots/inv_CAN_22-4/tissue/specimen/', 2, 
'0000-00-00 00:00:00', '', '0000-00-00 00:00:00', '');

INSERT INTO `menus` (`id`, `parent_id`, `display_order`, `language_title`, 
`use_link`, `use_param`, 
`created`, `created_by`, `modified`, `modified_by`) 
VALUES 
('inv_CAN_22-4-der_qc_de', 'inv_CAN_22-4-der_qc', 2, 'qc_details', 
'/inventorymanagement/quality_controls/detail/inv_CAN_22-105/tissue/derivative/', 2, 
'0000-00-00 00:00:00', '', '0000-00-00 00:00:00', ''),
('inv_CAN_22-4-der_qc_al', 'inv_CAN_22-4-der_qc', 3, 'qc_tested_aliquots', 
'/inventorymanagement/quality_controls/listTestedAliquots/inv_CAN_22-4/tissue/derivative/', 2, 
'0000-00-00 00:00:00', '', '0000-00-00 00:00:00', '');

-- e- PERITONIAL WASHES

INSERT INTO `menus` (`id`, `parent_id`, `display_order`, `language_title`, 
`use_link`, `use_param`, 
`created`, `created_by`, `modified`, `modified_by`) 
VALUES 
('inv_CAN_22-103-sa_qc_de', 'inv_CAN_22-103-sa_qc', 2, 'qc_details', 
'/inventorymanagement/quality_controls/detail/inv_CAN_22-103/tissue/specimen/', 2, 
'0000-00-00 00:00:00', '', '0000-00-00 00:00:00', ''),
('inv_CAN_22-103-sa_qc_al', 'inv_CAN_22-103-sa_qc', 3, 'qc_tested_aliquots', 
'/inventorymanagement/quality_controls/listTestedAliquots/inv_CAN_22-103/tissue/specimen/', 2, 
'0000-00-00 00:00:00', '', '0000-00-00 00:00:00', '');

INSERT INTO `menus` (`id`, `parent_id`, `display_order`, `language_title`, 
`use_link`, `use_param`, 
`created`, `created_by`, `modified`, `modified_by`) 
VALUES 
('inv_CAN_22-103-der_qc_de', 'inv_CAN_22-103-der_qc', 2, 'qc_details', 
'/inventorymanagement/quality_controls/detail/inv_CAN_22-105/tissue/derivative/', 2, 
'0000-00-00 00:00:00', '', '0000-00-00 00:00:00', ''),
('inv_CAN_22-103-der_qc_al', 'inv_CAN_22-103-der_qc', 3, 'qc_tested_aliquots', 
'/inventorymanagement/quality_controls/listTestedAliquots/inv_CAN_22-103/tissue/derivative/', 2, 
'0000-00-00 00:00:00', '', '0000-00-00 00:00:00', '');

-- f- CYSTIC FLUID 

INSERT INTO `menus` (`id`, `parent_id`, `display_order`, `language_title`, 
`use_link`, `use_param`, 
`created`, `created_by`, `modified`, `modified_by`) 
VALUES 
('inv_CAN_22-104-sa_qc_de', 'inv_CAN_22-104-sa_qc', 2, 'qc_details', 
'/inventorymanagement/quality_controls/detail/inv_CAN_22-104/tissue/specimen/', 2, 
'0000-00-00 00:00:00', '', '0000-00-00 00:00:00', ''),
('inv_CAN_22-104-sa_qc_al', 'inv_CAN_22-104-sa_qc', 3, 'qc_tested_aliquots', 
'/inventorymanagement/quality_controls/listTestedAliquots/inv_CAN_22-104/tissue/specimen/', 2, 
'0000-00-00 00:00:00', '', '0000-00-00 00:00:00', '');

INSERT INTO `menus` (`id`, `parent_id`, `display_order`, `language_title`, 
`use_link`, `use_param`, 
`created`, `created_by`, `modified`, `modified_by`) 
VALUES 
('inv_CAN_22-104-der_qc_de', 'inv_CAN_22-104-der_qc', 2, 'qc_details', 
'/inventorymanagement/quality_controls/detail/inv_CAN_22-105/tissue/derivative/', 2, 
'0000-00-00 00:00:00', '', '0000-00-00 00:00:00', ''),
('inv_CAN_22-104-der_qc_al', 'inv_CAN_22-104-der_qc', 3, 'qc_tested_aliquots', 
'/inventorymanagement/quality_controls/listTestedAliquots/inv_CAN_22-104/tissue/derivative/', 2, 
'0000-00-00 00:00:00', '', '0000-00-00 00:00:00', '');


-- g- OTHER FLUID 

INSERT INTO `menus` (`id`, `parent_id`, `display_order`, `language_title`, 
`use_link`, `use_param`, 
`created`, `created_by`, `modified`, `modified_by`) 
VALUES 
('inv_CAN_22-105-sa_qc_de', 'inv_CAN_22-105-sa_qc', 2, 'qc_details', 
'/inventorymanagement/quality_controls/detail/inv_CAN_22-105/tissue/specimen/', 2, 
'0000-00-00 00:00:00', '', '0000-00-00 00:00:00', ''),
('inv_CAN_22-105-sa_qc_al', 'inv_CAN_22-105-sa_qc', 3, 'qc_tested_aliquots', 
'/inventorymanagement/quality_controls/listTestedAliquots/inv_CAN_22-105/tissue/specimen/', 2, 
'0000-00-00 00:00:00', '', '0000-00-00 00:00:00', '');

INSERT INTO `menus` (`id`, `parent_id`, `display_order`, `language_title`, 
`use_link`, `use_param`, 
`created`, `created_by`, `modified`, `modified_by`) 
VALUES 
('inv_CAN_22-105-der_qc_de', 'inv_CAN_22-105-der_qc', 2, 'qc_details', 
'/inventorymanagement/quality_controls/detail/inv_CAN_22-105/tissue/derivative/', 2, 
'0000-00-00 00:00:00', '', '0000-00-00 00:00:00', ''),
('inv_CAN_22-105-der_qc_al', 'inv_CAN_22-105-der_qc', 3, 'qc_tested_aliquots', 
'/inventorymanagement/quality_controls/listTestedAliquots/inv_CAN_22-105/tissue/derivative/', 2, 
'0000-00-00 00:00:00', '', '0000-00-00 00:00:00', '');


-- ------------------------------------------------------------------------
-- alias = qc_tested_aliquots_list
-- ------------------------------------------------------------------------

DELETE FROM `forms` WHERE `alias` = 'qc_tested_aliquots_list';
INSERT INTO `forms` (`id`, `alias`, `language_title`, `language_help`, `flag_add_columns`, `flag_edit_columns`, `flag_search_columns`, `flag_detail_columns`, `created`, `created_by`, `modified`, `modified_by`) VALUES ('CAN-999-999-000-999-1071', 'qc_tested_aliquots_list', '', '', '0', '0', '0', '1', '0000-00-00 00:00:00', '', '0000-00-00 00:00:00', '');

DELETE FROM `form_formats` WHERE `form_id` = 'CAN-999-999-000-999-1071';
INSERT INTO `form_formats` (`id`, `form_id`, `field_id`, `display_column`, `display_order`, `language_heading`, `flag_override_label`, `language_label`, `flag_override_tag`, `language_tag`, `flag_override_help`, `language_help`, `flag_override_type`, `type`, `flag_override_setting`, `setting`, `flag_override_default`, `default`, `flag_add`, `flag_add_readonly`, `flag_edit`, `flag_edit_readonly`, `flag_search`, `flag_search_readonly`, `flag_datagrid`, `flag_datagrid_readonly`, `flag_index`, `flag_detail`, `created`, `created_by`, `modified`, `modified_by`) 
VALUES 
/*  'AliquotMaster', 'barcode' */
('CAN-999-999-000-999-1071_CAN-999-999-000-999-1150', 'CAN-999-999-000-999-1071', 'CAN-999-999-000-999-1150', '0', '2', '', '0', '', '0', '', '0', '', '0', '', '0', '', '0', '', '0', '1', '0', '1', '0', '1', '1', '1', '1', '0', '0000-00-00 00:00:00', '', '0000-00-00 00:00:00', ''),
/* 'AliquotMaster', 'aliquot_type' */
('CAN-999-999-000-999-1071_CAN-999-999-000-999-1102', 'CAN-999-999-000-999-1071', 'CAN-999-999-000-999-1102', '0', '5', '', '0', '', '0', '', '0', '', '0', '', '0', '', '0', '', '1', '1', '1', '1', '0', '1', '1', '1', '1', '1', '0000-00-00 00:00:00', '', '0000-00-00 00:00:00', ''),
/* 'FunctionManagement', 'generated_field_use'  */
('CAN-999-999-000-999-1071_CAN-999-999-000-999-1160', 'CAN-999-999-000-999-1071', 'CAN-999-999-000-999-1160', '0', '1', '', '0', '', '0', '', '0', '', '0', '', '0', '', '0', '', '0', '0', '0', '0', '0', '0', '1', '0', '0', '0', '0000-00-00 00:00:00', '', '0000-00-00 00:00:00', ''),
/* 'AliquotMaster', 'status' */
('CAN-999-999-000-999-1071_CAN-999-999-000-999-1151', 'CAN-999-999-000-999-1071', 'CAN-999-999-000-999-1151', '0', '6', '', '0', '', '0', '', '0', '', '0', '', '0', '', '0', '', '0', '0', '0', '0', '0', '0', '1', '0', '0', '0', '0000-00-00 00:00:00', '', '0000-00-00 00:00:00', ''),
/*'AliquotMaster', 'status_reason'  */
('CAN-999-999-000-999-1071_CAN-999-999-000-999-1152', 'CAN-999-999-000-999-1071', 'CAN-999-999-000-999-1152', '0', '7', '', '0', '', '0', '', '0', '', '0', '', '0', '', '0', '', '0', '0', '0', '0', '0', '0', '1', '0', '0', '0', '0000-00-00 00:00:00', '', '0000-00-00 00:00:00', ''),
/* 'AliquotUse', 'used_volume' */
('CAN-999-999-000-999-1071_CAN-999-999-000-999-1153', 'CAN-999-999-000-999-1071', 'CAN-999-999-000-999-1153', '0', '8', '', '0', '', '0', '', '0', '', '0', '', '0', '', '0', '', '0', '0', '0', '0', '0', '0', '1', '0', '1', '0', '0000-00-00 00:00:00', '', '0000-00-00 00:00:00', ''),
/* 'AliquotMaster', 'current_volume' */
('CAN-999-999-000-999-1071_CAN-999-999-000-999-1154', 'CAN-999-999-000-999-1071', 'CAN-999-999-000-999-1154', '0', '9', '', '0', '', '0', '', '0', '', '0', '', '0', '', '0', '', '0', '1', '0', '1', '0', '1', '1', '1', '0', '0', '0000-00-00 00:00:00', '', '0000-00-00 00:00:00', ''),
/* 'AliquotMaster', 'aliquot_volume_unit' */
('CAN-999-999-000-999-1071_CAN-999-999-000-999-1155', 'CAN-999-999-000-999-1071', 'CAN-999-999-000-999-1155', '0', '10', '', '0', '', '0', '', '0', '', '0', '', '0', '', '0', '', '0', '1', '0', '1', '0', '1', '1', '1', '1', '0', '0000-00-00 00:00:00', '', '0000-00-00 00:00:00', ''),
/* 'AliquotUse', 'use_definition' */
-- ('CAN-999-999-000-999-1071_CAN-999-999-000-999-1156', 'CAN-999-999-000-999-1071', 'CAN-999-999-000-999-1156', '0', '0', '', '0', '', '0', '', '0', '', '0', '', '0', '', '0', '', '0', '0', '0', '0', '0', '0', '1', '0', '0', '0', '0000-00-00 00:00:00', '', '0000-00-00 00:00:00', ''),
/* 'AliquotUse', 'use_details' */
-- ('CAN-999-999-000-999-1071_CAN-999-999-000-999-1157', 'CAN-999-999-000-999-1071', 'CAN-999-999-000-999-1157', '0', '0', '', '0', '', '0', '', '0', '', '0', '', '0', '', '0', '', '0', '0', '0', '0', '0', '0', '1', '0', '0', '0', '0000-00-00 00:00:00', '', '0000-00-00 00:00:00', ''),
/*  'AliquotUse', 'use_recorded_into_table' */
-- ('CAN-999-999-000-999-1071_CAN-999-999-000-999-1158', 'CAN-999-999-000-999-1071', 'CAN-999-999-000-999-1158', '0', '0', '', '0', '', '0', '', '0', '', '0', '', '0', '', '0', '', '0', '0', '0', '0', '0', '0', '1', '0', '0', '0', '0000-00-00 00:00:00', '', '0000-00-00 00:00:00', ''),
/* 'AliquotUse', 'use_datetime' */
-- ('CAN-999-999-000-999-1071_CAN-999-999-000-999-1159', 'CAN-999-999-000-999-1071', 'CAN-999-999-000-999-1159', '0', '0', '', '0', '', '0', '', '0', '', '0', '', '0', '', '0', '', '0', '0', '0', '0', '0', '0', '1', '0', '0', '0', '0000-00-00 00:00:00', '', '0000-00-00 00:00:00', ''),
/* 'FunctionManagement', 'generated_field_delete_storage_data' */
('CAN-999-999-000-999-1071_CAN-999-999-000-999-1260', 'CAN-999-999-000-999-1071', 'CAN-999-999-000-999-1260', '0', '7', '', '0', '', '0', '', '0', '', '0', '', '0', '', '0', '', '0', '0', '0', '0', '0', '0', '1', '0', '0', '0', '0000-00-00 00:00:00', '', '0000-00-00 00:00:00', '');



